[2026-04-19T15:02:31.278] [DEBUG] debug-file - Compile arkts with external api path: E:\application\DevEco Studio\sdk\default\hms\ets
[2026-04-19T15:02:31.280] [DEBUG] debug-file - default@CompileArkTS work[0] is submitted.
[2026-04-19T15:02:31.280] [DEBUG] debug-file - default@CompileArkTS work[0] is pushed to ready queue.
[2026-04-19T15:02:31.280] [DEBUG] debug-file - A work dispatched to worker[11] failed because unable to get work from ready queue.
[2026-04-19T15:02:31.281] [DEBUG] debug-file - A work dispatched to worker[10] failed because unable to get work from ready queue.
[2026-04-19T15:02:31.281] [DEBUG] debug-file - A work dispatched to worker[9] failed because unable to get work from ready queue.
[2026-04-19T15:02:31.281] [DEBUG] debug-file - A work dispatched to worker[8] failed because unable to get work from ready queue.
[2026-04-19T15:02:31.281] [DEBUG] debug-file - A work dispatched to worker[7] failed because unable to get work from ready queue.
[2026-04-19T15:02:31.281] [DEBUG] debug-file - A work dispatched to worker[6] failed because unable to get work from ready queue.
[2026-04-19T15:02:31.281] [DEBUG] debug-file - A work dispatched to worker[5] failed because unable to get work from ready queue.
[2026-04-19T15:02:31.281] [DEBUG] debug-file - Create  resident worker with id: 4.
[2026-04-19T15:02:31.283] [DEBUG] debug-file - default@CompileArkTS work[0] has been dispatched to worker[4].
[2026-04-19T15:02:31.283] [DEBUG] debug-file - default@CompileArkTS work[0] is dispatched.
[2026-04-19T15:02:31.283] [DEBUG] debug-file - entry : default@CompileArkTS cost memory -0.08342742919921875
[2026-04-19T15:02:31.285] [DEBUG] debug-file - Executing task :entry:default@BuildJS
[2026-04-19T15:02:31.285] [DEBUG] debug-file - Task 'entry:default@BuildJS' cost while wrapping incremental declarations: 1 ms 
[2026-04-19T15:02:31.288] [DEBUG] debug-file - entry : default@BuildJS cost memory 0.16097259521484375
[2026-04-19T15:02:31.288] [DEBUG] debug-file - runTaskFromQueue task cost before running: 634 ms 
[2026-04-19T15:02:31.289] [INFO] debug-file - Finished :entry:default@BuildJS... after 4 ms 
[2026-04-19T15:02:31.290] [DEBUG] debug-file - Executing task :entry:default@CacheNativeLibs
[2026-04-19T15:02:31.291] [DEBUG] debug-file - Task 'entry:default@CacheNativeLibs' cost while wrapping incremental declarations: 1 ms 
[2026-04-19T15:02:31.291] [DEBUG] debug-file - entry:default@CacheNativeLibs is not up-to-date, since the input file 'E:\application\DevEcoStudioProjects\MyApplication\entry\build\default\intermediates\stripped_native_libs\default' has been changed.
[2026-04-19T15:02:31.291] [DEBUG] debug-file - Incremental task entry:default@CacheNativeLibs pre-execution cost: 1 ms .
[2026-04-19T15:02:31.292] [DEBUG] debug-file - default@CacheNativeLibs work[1] is submitted.
[2026-04-19T15:02:31.292] [DEBUG] debug-file - default@CacheNativeLibs work[1] is pushed to ready queue.
[2026-04-19T15:02:31.292] [DEBUG] debug-file - A work dispatched to worker[11] failed because unable to get work from ready queue.
[2026-04-19T15:02:31.292] [DEBUG] debug-file - Create  resident worker with id: 10.
[2026-04-19T15:02:31.293] [DEBUG] debug-file - default@CacheNativeLibs work[1] has been dispatched to worker[10].
[2026-04-19T15:02:31.294] [DEBUG] debug-file - default@CacheNativeLibs work[1] is dispatched.
[2026-04-19T15:02:31.294] [DEBUG] debug-file - entry : default@CacheNativeLibs cost memory 0.18260955810546875
[2026-04-19T15:02:32.387] [DEBUG] debug-file - worker[10] has one work done.
[2026-04-19T15:02:32.387] [DEBUG] debug-file - default@CacheNativeLibs work[1] done.
[2026-04-19T15:02:32.387] [DEBUG] debug-file - A work dispatched to worker[10] failed because unable to get work from ready queue.
[2026-04-19T15:02:32.388] [INFO] debug-file - Finished :entry:default@CacheNativeLibs... after 10 ms 
[2026-04-19T15:02:57.827] [WARN] debug-file - [33mWARN: [33m[33mArkTS:WARN File: E:/application/DevEcoStudioProjects/MyApplication/entry/src/main/ets/pages/ImportPage.ets:138:44
 'getContext' has been deprecated.
[39m[39m
[33mWARN: [33m[33mArkTS:WARN File: E:/application/DevEcoStudioProjects/MyApplication/entry/src/main/ets/pages/ImportPage.ets:720:20
 'showToast' has been deprecated.
[39m[39m
[33mWARN: [33m[33mArkTS:WARN File: E:/application/DevEcoStudioProjects/MyApplication/entry/src/main/ets/pages/PasswordGenerator.ets:38:44
 'getContext' has been deprecated.
[39m[39m
[33mWARN: [33m[33mArkTS:WARN File: E:/application/DevEcoStudioProjects/MyApplication/entry/src/main/ets/pages/PasswordGenerator.ets:41:25
 'getParams' has been deprecated.
[39m[39m
[33mWARN: [33m[33mArkTS:WARN File: E:/application/DevEcoStudioProjects/MyApplication/entry/src/main/ets/pages/PasswordGenerator.ets:114:56
 'createPlainTextData' has been deprecated.
[39m[39m
[33mWARN: [33m[33mArkTS:WARN File: E:/application/DevEcoStudioProjects/MyApplication/entry/src/main/ets/pages/PasswordGenerator.ets:217:20
 'showToast' has been deprecated.
[39m[39m
[33mWARN: [33m[33mArkTS:WARN File: E:/application/DevEcoStudioProjects/MyApplication/entry/src/main/ets/pages/PasswordGenerator.ets:227:5
 Function may throw exceptions. Special handling is required.
[39m[39m
[33mWARN: [33m[33mArkTS:WARN File: E:/application/DevEcoStudioProjects/MyApplication/entry/src/main/ets/pages/PasswordGenerator.ets:227:12
 'pushUrl' has been deprecated.
[39m[39m
[33mWARN: [33m[33mArkTS:WARN File: E:/application/DevEcoStudioProjects/MyApplication/entry/src/main/ets/pages/PasswordGenerator.ets:231:5
 Function may throw exceptions. Special handling is required.
[39m[39m
[33mWARN: [33m[33mArkTS:WARN File: E:/application/DevEcoStudioProjects/MyApplication/entry/src/main/ets/pages/PasswordGenerator.ets:231:12
 'pushUrl' has been deprecated.
[39m[39m
[33mWARN: [33m[33mArkTS:WARN File: E:/application/DevEcoStudioProjects/MyApplication/entry/src/main/ets/pages/PasswordGenerator.ets:251:20
 'pushUrl' has been deprecated.
[39m[39m
[33mWARN: [33m[33mArkTS:WARN File: E:/application/DevEcoStudioProjects/MyApplication/entry/src/main/ets/pages/PasswordGenerator.ets:260:20
 'pushUrl' has been deprecated.
[39m[39m
[33mWARN: [33m[33mArkTS:WARN File: E:/application/DevEcoStudioProjects/MyApplication/entry/src/main/ets/pages/PasswordListPage.ets:32:12
 'pushUrl' has been deprecated.
[39m[39m
[33mWARN: [33m[33mArkTS:WARN File: E:/application/DevEcoStudioProjects/MyApplication/entry/src/main/ets/pages/PasswordListPage.ets:42:44
 'getContext' has been deprecated.
[39m[39m
[33mWARN: [33m[33mArkTS:WARN File: E:/application/DevEcoStudioProjects/MyApplication/entry/src/main/ets/pages/PasswordListPage.ets:142:5
 Function may throw exceptions. Special handling is required.
[39m[39m
[33mWARN: [33m[33mArkTS:WARN File: E:/application/DevEcoStudioProjects/MyApplication/entry/src/main/ets/pages/PasswordListPage.ets:142:18
 'showDialog' has been deprecated.
[39m[39m
[33mWARN: [33m[33mArkTS:WARN File: E:/application/DevEcoStudioProjects/MyApplication/entry/src/main/ets/pages/PasswordListPage.ets:195:5
 Function may throw exceptions. Special handling is required.
[39m[39m
[33mWARN: [33m[33mArkTS:WARN File: E:/application/DevEcoStudioProjects/MyApplication/entry/src/main/ets/pages/PasswordListPage.ets:195:18
 'showDialog' has been deprecated.
[39m[39m
[33mWARN: [33m[33mArkTS:WARN File: E:/application/DevEcoStudioProjects/MyApplication/entry/src/main/ets/pages/PasswordListPage.ets:229:56
 'createPlainTextData' has been deprecated.
[39m[39m
[33mWARN: [33m[33mArkTS:WARN File: E:/application/DevEcoStudioProjects/MyApplication/entry/src/main/ets/pages/PasswordListPage.ets:267:5
 Function may throw exceptions. Special handling is required.
[39m[39m
[33mWARN: [33m[33mArkTS:WARN File: E:/application/DevEcoStudioProjects/MyApplication/entry/src/main/ets/pages/PasswordListPage.ets:267:18
 'showToast' has been deprecated.
[39m[39m

[2026-04-19T15:02:57.828] [DEBUG] debug-file - Ark compile task finished.finished time is 11191668287200
[2026-04-19T15:02:57.830] [DEBUG] debug-file - worker[4] has one work done.
[2026-04-19T15:02:57.833] [DEBUG] debug-file - default@CompileArkTS work[0] done.
[2026-04-19T15:02:57.833] [DEBUG] debug-file - A work dispatched to worker[4] failed because unable to get work from ready queue.
[2026-04-19T15:02:57.836] [INFO] debug-file - Finished :entry:default@CompileArkTS... after 23 s 979 ms 
[2026-04-19T15:02:57.837] [DEBUG] debug-file - Executing task :entry:default@GeneratePkgModuleJson
[2026-04-19T15:02:57.837] [DEBUG] debug-file - File: 'E:\application\DevEcoStudioProjects\MyApplication\entry\build\default\intermediates\preload\default\preload.json' from 'preloadSoJsonPath' is not exists, just ignore.
[2026-04-19T15:02:57.838] [DEBUG] debug-file - Error occurs while handling @Input 'shouldDeduplicateHar': The "data" argument must be of type string or an instance of Buffer, TypedArray, or DataView. Received undefined
[2026-04-19T15:02:57.838] [DEBUG] debug-file - Task 'entry:default@GeneratePkgModuleJson' cost while wrapping incremental declarations: 1 ms 
[2026-04-19T15:02:57.839] [DEBUG] debug-file - entry:default@GeneratePkgModuleJson is not up-to-date, since the input file 'E:\application\DevEcoStudioProjects\MyApplication\entry\build\default\intermediates\res\default\module.json' has been changed.
[2026-04-19T15:02:57.839] [DEBUG] debug-file - Incremental task entry:default@GeneratePkgModuleJson pre-execution cost: 1 ms .
[2026-04-19T15:02:57.840] [DEBUG] debug-file - entry : default@GeneratePkgModuleJson cost memory 0.19162750244140625
[2026-04-19T15:02:57.840] [DEBUG] debug-file - runTaskFromQueue task cost before running: 27 s 186 ms 
[2026-04-19T15:02:57.841] [INFO] debug-file - Finished :entry:default@GeneratePkgModuleJson... after 4 ms 
[2026-04-19T15:02:57.842] [DEBUG] debug-file - Executing task :entry:default@ProcessCompiledResources
[2026-04-19T15:02:57.842] [DEBUG] debug-file - File: 'E:\application\DevEcoStudioProjects\MyApplication\entry\build\default\intermediates\preload\default\preload.json' from 'preloadSoJsonPath' is not exists, just ignore.
[2026-04-19T15:02:57.842] [DEBUG] debug-file - Task 'entry:default@ProcessCompiledResources' cost while wrapping incremental declarations: 1 ms 
[2026-04-19T15:02:57.842] [DEBUG] debug-file - entry : default@ProcessCompiledResources cost memory 0.05916595458984375
[2026-04-19T15:02:57.843] [DEBUG] debug-file - runTaskFromQueue task cost before running: 27 s 188 ms 
[2026-04-19T15:02:57.843] [INFO] debug-file - Finished :entry:default@ProcessCompiledResources... after 1 ms 
[2026-04-19T15:02:57.848] [DEBUG] debug-file - Executing task :entry:default@PackageHap
[2026-04-19T15:02:57.851] [DEBUG] debug-file - entry:default@PackageHap is not up-to-date, since the input file 'E:\application\DevEcoStudioProjects\MyApplication\entry\build\default\intermediates\stripped_native_libs\default' has been changed.
[2026-04-19T15:02:57.852] [DEBUG] debug-file - Incremental task entry:default@PackageHap pre-execution cost: 3 ms .
[2026-04-19T15:02:57.853] [DEBUG] debug-file - Use tool [E:\application\DevEco Studio\sdk\default\openharmony\toolchains\lib\app_packing_tool.jar]
 [
  'java',
  '-Dfile.encoding=GBK',
  '-jar',
  'E:\\application\\DevEco Studio\\sdk\\default\\openharmony\\toolchains\\lib\\app_packing_tool.jar',
  '--mode',
  'hap',
  '--force',
  'true',
  '--lib-path',
  'E:\\application\\DevEcoStudioProjects\\MyApplication\\entry\\build\\default\\intermediates\\stripped_native_libs\\default',
  '--json-path',
  'E:\\application\\DevEcoStudioProjects\\MyApplication\\entry\\build\\default\\intermediates\\package\\default\\module.json',
  '--resources-path',
  'E:\\application\\DevEcoStudioProjects\\MyApplication\\entry\\build\\default\\intermediates\\res\\default\\resources',
  '--index-path',
  'E:\\application\\DevEcoStudioProjects\\MyApplication\\entry\\build\\default\\intermediates\\res\\default\\resources.index',
  '--pack-info-path',
  'E:\\application\\DevEcoStudioProjects\\MyApplication\\entry\\build\\default\\outputs\\default\\pack.info',
  '--out-path',
  'E:\\application\\DevEcoStudioProjects\\MyApplication\\entry\\build\\default\\outputs\\default\\entry-default-unsigned.hap',
  '--ets-path',
  'E:\\application\\DevEcoStudioProjects\\MyApplication\\entry\\build\\default\\intermediates\\loader_out\\default\\ets',
  '--pkg-context-path',
  'E:\\application\\DevEcoStudioProjects\\MyApplication\\entry\\build\\default\\intermediates\\loader\\default\\pkgContextInfo.json'
]
[2026-04-19T15:02:58.290] [DEBUG] debug-file - java daemon socket received message:{"code":0,"message":"pack success"}
[2026-04-19T15:02:58.302] [DEBUG] debug-file - entry : default@PackageHap cost memory 0.184967041015625
[2026-04-19T15:02:58.303] [DEBUG] debug-file - runTaskFromQueue task cost before running: 27 s 648 ms 
[2026-04-19T15:02:58.305] [INFO] debug-file - Finished :entry:default@PackageHap... after 455 ms 
[2026-04-19T15:02:58.307] [DEBUG] debug-file - Executing task :entry:default@PackingCheck
[2026-04-19T15:02:58.315] [DEBUG] debug-file - entry : default@PackingCheck cost memory 0.59100341796875
[2026-04-19T15:02:58.315] [DEBUG] debug-file - runTaskFromQueue task cost before running: 27 s 661 ms 
[2026-04-19T15:02:58.316] [INFO] debug-file - Finished :entry:default@PackingCheck... after 9 ms 
[2026-04-19T15:02:58.318] [DEBUG] debug-file - Executing task :entry:default@SignHap
[2026-04-19T15:02:58.321] [DEBUG] debug-file - entry:default@SignHap is not up-to-date, since the input file 'E:\application\DevEcoStudioProjects\MyApplication\entry\build\default\outputs\default\entry-default-unsigned.hap' has been changed.
[2026-04-19T15:02:58.321] [DEBUG] debug-file - Incremental task entry:default@SignHap pre-execution cost: 2 ms .
[2026-04-19T15:02:58.381] [DEBUG] debug-file - java daemon socket close code:1000 reason:close by user
[2026-04-19T15:02:59.218] [DEBUG] debug-file - java daemon socket received message:{"code":0,"message":"verify profile success"}
[2026-04-19T15:02:59.234] [DEBUG] debug-file - java daemon socket close code:1000 reason:close by user
[2026-04-19T15:02:59.629] [DEBUG] debug-file - java daemon socket received message:{"code":0,"message":"sign app success"}
[2026-04-19T15:02:59.634] [DEBUG] debug-file - entry : default@SignHap cost memory -0.21063232421875
[2026-04-19T15:02:59.635] [DEBUG] debug-file - runTaskFromQueue task cost before running: 28 s 980 ms 
[2026-04-19T15:02:59.636] [INFO] debug-file - Finished :entry:default@SignHap... after 1 s 317 ms 
[2026-04-19T15:02:59.639] [DEBUG] debug-file - Executing task :entry:default@CollectDebugSymbol
[2026-04-19T15:02:59.641] [DEBUG] debug-file - entry : default@CollectDebugSymbol cost memory 0.09320831298828125
[2026-04-19T15:02:59.641] [DEBUG] debug-file - runTaskFromQueue task cost before running: 28 s 986 ms 
[2026-04-19T15:02:59.641] [INFO] debug-file - Finished :entry:default@CollectDebugSymbol... after 2 ms 
[2026-04-19T15:02:59.641] [DEBUG] debug-file - Executing task :entry:assembleHap
[2026-04-19T15:02:59.642] [DEBUG] debug-file - entry : assembleHap cost memory 0.012725830078125
[2026-04-19T15:02:59.642] [DEBUG] debug-file - runTaskFromQueue task cost before running: 28 s 987 ms 
[2026-04-19T15:02:59.642] [INFO] debug-file - Finished :entry:assembleHap... after 1 ms 
[2026-04-19T15:02:59.654] [INFO] debug-file - BUILD SUCCESSFUL in 28 s 999 ms 
[2026-04-19T15:02:59.654] [DEBUG] debug-file - There is no need to refresh cache, since the incremental task entry:default@PreBuild is up-to-date.
[2026-04-19T15:02:59.654] [DEBUG] debug-file - Update task entry:default@CreateModuleInfo output file:E:\application\DevEcoStudioProjects\MyApplication\entry\build\default\generated\profile\default\ModuleInfo.ts cache.
[2026-04-19T15:02:59.655] [DEBUG] debug-file - Incremental task entry:default@CreateModuleInfo post-execution cost:1 ms .
[2026-04-19T15:02:59.656] [DEBUG] debug-file - There is no need to refresh cache, since the incremental task entry:default@GenerateMetadata is up-to-date.
[2026-04-19T15:02:59.656] [DEBUG] debug-file - There is no need to refresh cache, since the incremental task entry:default@MergeProfile is up-to-date.
[2026-04-19T15:02:59.656] [DEBUG] debug-file - There is no need to refresh cache, since the incremental task entry:default@CreateBuildProfile is up-to-date.
[2026-04-19T15:02:59.656] [DEBUG] debug-file - There is no need to refresh cache, since the incremental task entry:default@GeneratePkgContextInfo is up-to-date.
[2026-04-19T15:02:59.656] [DEBUG] debug-file - Update task entry:default@ProcessIntegratedHsp output file:E:\application\DevEcoStudioProjects\MyApplication\build\cache\default\integrated_hsp\integratedHspCache.json cache.
[2026-04-19T15:02:59.657] [DEBUG] debug-file - Incremental task entry:default@ProcessIntegratedHsp post-execution cost:1 ms .
[2026-04-19T15:02:59.657] [DEBUG] debug-file - There is no need to refresh cache, since the incremental task entry:default@MakePackInfo is up-to-date.
[2026-04-19T15:02:59.657] [DEBUG] debug-file - Update task entry:default@SyscapTransform input file:E:\application\DevEco Studio\sdk\default\openharmony\toolchains\syscap_tool.exe cache by regenerate.
[2026-04-19T15:02:59.658] [DEBUG] debug-file - Update task entry:default@SyscapTransform input file:E:\application\DevEco Studio\sdk\default\openharmony\ets\api\device-define cache by regenerate.
[2026-04-19T15:02:59.660] [DEBUG] debug-file - Update task entry:default@SyscapTransform output file:E:\application\DevEcoStudioProjects\MyApplication\entry\build\default\intermediates\syscap\default\rpcid.sc cache.
[2026-04-19T15:02:59.665] [DEBUG] debug-file - Incremental task entry:default@SyscapTransform post-execution cost:8 ms .
[2026-04-19T15:02:59.666] [DEBUG] debug-file - There is no need to refresh cache, since the incremental task entry:default@ProcessProfile is up-to-date.
[2026-04-19T15:02:59.666] [DEBUG] debug-file - There is no need to refresh cache, since the incremental task entry:default@ProcessRouterMap is up-to-date.
[2026-04-19T15:02:59.667] [DEBUG] debug-file - There is no need to refresh cache, since the incremental task entry:default@ProcessShareConfig is up-to-date.
[2026-04-19T15:02:59.667] [DEBUG] debug-file - Update task entry:default@ProcessStartupConfig input file:E:\application\DevEcoStudioProjects\MyApplication\entry\build\default\intermediates\loader\default\pkgContextInfo.json cache by regenerate.
[2026-04-19T15:02:59.668] [DEBUG] debug-file - Update task entry:default@ProcessStartupConfig output file:E:\application\DevEcoStudioProjects\MyApplication\entry\build\default\intermediates\startup\default\startup_config.json cache.
[2026-04-19T15:02:59.671] [DEBUG] debug-file - Incremental task entry:default@ProcessStartupConfig post-execution cost:5 ms .
[2026-04-19T15:02:59.672] [DEBUG] debug-file - There is no need to refresh cache, since the incremental task entry:default@ProcessResource is up-to-date.
[2026-04-19T15:02:59.672] [DEBUG] debug-file - There is no need to refresh cache, since the incremental task entry:default@GenerateLoaderJson is up-to-date.
[2026-04-19T15:02:59.672] [DEBUG] debug-file - There is no need to refresh cache, since the incremental task entry:default@ProcessLibs is up-to-date.
[2026-04-19T15:02:59.673] [DEBUG] debug-file - Update task entry:default@CompileResource input file:E:\application\DevEcoStudioProjects\MyApplication\entry\src\main\resources cache by regenerate.
[2026-04-19T15:02:59.686] [DEBUG] debug-file - Update task entry:default@CompileResource input file:E:\application\DevEcoStudioProjects\MyApplication\AppScope\resources cache by regenerate.
[2026-04-19T15:02:59.688] [DEBUG] debug-file - Update task entry:default@CompileResource input file:E:\application\DevEcoStudioProjects\MyApplication\entry\build\default\intermediates\process_profile\default\module.json cache by regenerate.
[2026-04-19T15:02:59.688] [DEBUG] debug-file - Update task entry:default@CompileResource input file:E:\application\DevEcoStudioProjects\MyApplication\entry\build\default\intermediates\res\default\resConfig.json cache by regenerate.
[2026-04-19T15:02:59.689] [DEBUG] debug-file - Update task entry:default@CompileResource output file:E:\application\DevEcoStudioProjects\MyApplication\entry\build\default\intermediates\res\default cache.
[2026-04-19T15:02:59.700] [DEBUG] debug-file - Update task entry:default@CompileResource output file:E:\application\DevEcoStudioProjects\MyApplication\entry\build\default\generated\r\default\ResourceTable.h cache.
[2026-04-19T15:02:59.700] [DEBUG] debug-file - Update task entry:default@CompileResource output file:E:\application\DevEcoStudioProjects\MyApplication\entry\build\default\generated\r\default cache.
[2026-04-19T15:02:59.701] [DEBUG] debug-file - Incremental task entry:default@CompileResource post-execution cost:30 ms .
[2026-04-19T15:02:59.701] [DEBUG] debug-file - Update task entry:default@DoNativeStrip input file:E:\application\DevEcoStudioProjects\MyApplication\entry\build\default\intermediates\libs\default cache by regenerate.
[2026-04-19T15:02:59.702] [DEBUG] debug-file - Update task entry:default@DoNativeStrip output file:E:\application\DevEcoStudioProjects\MyApplication\entry\build\default\intermediates\stripped_native_libs\default cache.
[2026-04-19T15:02:59.702] [DEBUG] debug-file - Incremental task entry:default@DoNativeStrip post-execution cost:1 ms .
[2026-04-19T15:02:59.704] [DEBUG] debug-file - Update task entry:default@CompileArkTS input file:E:\application\DevEcoStudioProjects\MyApplication\entry\build\default\intermediates\loader\default cache from map.
[2026-04-19T15:02:59.704] [DEBUG] debug-file - Update task entry:default@CompileArkTS input file:E:\application\DevEcoStudioProjects\MyApplication\entry\build\default\intermediates\res\default\resources\rawfile cache by regenerate.
[2026-04-19T15:02:59.705] [DEBUG] debug-file - Update task entry:default@CompileArkTS input file:E:\application\DevEcoStudioProjects\MyApplication\entry\build\default\intermediates\res\default\ResourceTable.txt cache by regenerate.
[2026-04-19T15:02:59.705] [DEBUG] debug-file - Update task entry:default@CompileArkTS input file:E:\application\DevEcoStudioProjects\MyApplication\entry\build\default\intermediates\res\default\ark_module.json cache by regenerate.
[2026-04-19T15:02:59.705] [DEBUG] debug-file - Update task entry:default@CompileArkTS input file:E:\application\DevEcoStudioProjects\MyApplication\entry\build\default\intermediates\res\default\resources\base\profile cache by regenerate.
[2026-04-19T15:02:59.706] [DEBUG] debug-file - Update task entry:default@CompileArkTS input file:E:\application\DevEcoStudioProjects\MyApplication\entry\src\main\ets cache by regenerate.
[2026-04-19T15:02:59.709] [DEBUG] debug-file - Update task entry:default@CompileArkTS input file:E:\application\DevEcoStudioProjects\MyApplication\entry\build\default\intermediates\loader\default\pkgContextInfo.json cache by regenerate.
[2026-04-19T15:02:59.710] [DEBUG] debug-file - Update task entry:default@CompileArkTS input file:E:\application\DevEcoStudioProjects\MyApplication\entry\build\default\generated\profile\default\BuildProfile.ets cache by regenerate.
[2026-04-19T15:02:59.710] [DEBUG] debug-file - Update task entry:default@CompileArkTS input file:E:\application\DevEcoStudioProjects\MyApplication\entry\src\mock\mock-config.json5 cache by regenerate.
[2026-04-19T15:02:59.711] [DEBUG] debug-file - Update task entry:default@CompileArkTS output file:E:\application\DevEcoStudioProjects\MyApplication\entry\build\default\intermediates\loader_out\default\ets cache.
[2026-04-19T15:02:59.712] [DEBUG] debug-file - Incremental task entry:default@CompileArkTS post-execution cost:10 ms .
[2026-04-19T15:02:59.713] [DEBUG] debug-file - Update task entry:default@BuildJS input file:E:\application\DevEcoStudioProjects\MyApplication\entry\build\default\intermediates\loader\default cache by regenerate.
[2026-04-19T15:02:59.714] [DEBUG] debug-file - Update task entry:default@BuildJS input file:E:\application\DevEcoStudioProjects\MyApplication\entry\build\default\intermediates\res\default\resources\rawfile cache by regenerate.
[2026-04-19T15:02:59.715] [DEBUG] debug-file - Update task entry:default@BuildJS input file:E:\application\DevEcoStudioProjects\MyApplication\entry\build\default\intermediates\res\default\ResourceTable.txt cache by regenerate.
[2026-04-19T15:02:59.715] [DEBUG] debug-file - Update task entry:default@BuildJS input file:E:\application\DevEcoStudioProjects\MyApplication\entry\build\default\intermediates\res\default\ark_module.json cache by regenerate.
[2026-04-19T15:02:59.715] [DEBUG] debug-file - Update task entry:default@BuildJS input file:E:\application\DevEcoStudioProjects\MyApplication\entry\build\default\intermediates\res\default\resources\base\profile cache by regenerate.
[2026-04-19T15:02:59.716] [DEBUG] debug-file - Update task entry:default@BuildJS input file:E:\application\DevEcoStudioProjects\MyApplication\entry\build\default\intermediates\loader\default\pkgContextInfo.json cache by regenerate.
[2026-04-19T15:02:59.717] [DEBUG] debug-file - Update task entry:default@BuildJS output file:E:\application\DevEcoStudioProjects\MyApplication\entry\build\default\intermediates\loader_out\default\js cache.
[2026-04-19T15:02:59.717] [DEBUG] debug-file - Incremental task entry:default@BuildJS post-execution cost:6 ms .
[2026-04-19T15:02:59.717] [DEBUG] debug-file - Update task entry:default@CacheNativeLibs input file:E:\application\DevEcoStudioProjects\MyApplication\entry\build\default\intermediates\stripped_native_libs\default cache from map.
[2026-04-19T15:02:59.717] [DEBUG] debug-file - Update task entry:default@CacheNativeLibs input file:E:\application\DevEcoStudioProjects\MyApplication\entry\build\default\intermediates\libs\default cache by regenerate.
[2026-04-19T15:02:59.718] [DEBUG] debug-file - Update task entry:default@CacheNativeLibs output file:E:\application\DevEcoStudioProjects\MyApplication\entry\build\default\intermediates\patch\default\base_native_libs.json cache.
[2026-04-19T15:02:59.719] [DEBUG] debug-file - Incremental task entry:default@CacheNativeLibs post-execution cost:2 ms .
[2026-04-19T15:02:59.719] [DEBUG] debug-file - Update task entry:default@GeneratePkgModuleJson input file:E:\application\DevEcoStudioProjects\MyApplication\entry\build\default\intermediates\res\default\module.json cache from map.
[2026-04-19T15:02:59.719] [DEBUG] debug-file - Update task entry:default@GeneratePkgModuleJson output file:E:\application\DevEcoStudioProjects\MyApplication\entry\build\default\intermediates\package\default\module.json cache.
[2026-04-19T15:02:59.719] [DEBUG] debug-file - Incremental task entry:default@GeneratePkgModuleJson post-execution cost:1 ms .
[2026-04-19T15:02:59.719] [DEBUG] debug-file - Incremental task entry:default@ProcessCompiledResources post-execution cost:1 ms .
[2026-04-19T15:02:59.720] [DEBUG] debug-file - Update task entry:default@PackageHap input file:E:\application\DevEcoStudioProjects\MyApplication\entry\build\default\intermediates\stripped_native_libs\default cache from map.
[2026-04-19T15:02:59.720] [DEBUG] debug-file - Update task entry:default@PackageHap input file:E:\application\DevEcoStudioProjects\MyApplication\entry\build\default\intermediates\res\default\module.json cache by regenerate.
[2026-04-19T15:02:59.721] [DEBUG] debug-file - Update task entry:default@PackageHap input file:E:\application\DevEcoStudioProjects\MyApplication\entry\build\default\intermediates\res\default\resources cache by regenerate.
[2026-04-19T15:02:59.724] [DEBUG] debug-file - Update task entry:default@PackageHap input file:E:\application\DevEcoStudioProjects\MyApplication\entry\build\default\intermediates\res\default\resources.index cache by regenerate.
[2026-04-19T15:02:59.725] [DEBUG] debug-file - Update task entry:default@PackageHap input file:E:\application\DevEcoStudioProjects\MyApplication\entry\build\default\outputs\default\pack.info cache by regenerate.
[2026-04-19T15:02:59.725] [DEBUG] debug-file - Update task entry:default@PackageHap input file:E:\application\DevEcoStudioProjects\MyApplication\entry\build\default\intermediates\loader_out\default\ets cache by regenerate.
[2026-04-19T15:02:59.726] [DEBUG] debug-file - Update task entry:default@PackageHap input file:E:\application\DevEcoStudioProjects\MyApplication\entry\build\default\intermediates\loader\default\pkgContextInfo.json cache by regenerate.
[2026-04-19T15:02:59.726] [DEBUG] debug-file - Update task entry:default@PackageHap input file:E:\application\DevEcoStudioProjects\MyApplication\entry\build\default\intermediates\loader_out\default\ets\sourceMaps.map cache by regenerate.
[2026-04-19T15:02:59.727] [DEBUG] debug-file - Update task entry:default@PackageHap input file:E:\application\DevEcoStudioProjects\MyApplication\entry\build\default\generated\profile\default\BuildProfile.ets cache by regenerate.
[2026-04-19T15:02:59.729] [DEBUG] debug-file - Update task entry:default@PackageHap output file:E:\application\DevEcoStudioProjects\MyApplication\entry\build\default\outputs\default\entry-default-unsigned.hap cache.
[2026-04-19T15:02:59.730] [DEBUG] debug-file - Update task entry:default@PackageHap output file:E:\application\DevEcoStudioProjects\MyApplication\entry\build\default\intermediates\source_map\default\sourceMaps.map cache.
[2026-04-19T15:02:59.731] [DEBUG] debug-file - Update task entry:default@PackageHap output file:E:\application\DevEcoStudioProjects\MyApplication\entry\build\default\outputs\default\mapping\sourceMaps.map cache.
[2026-04-19T15:02:59.731] [DEBUG] debug-file - Incremental task entry:default@PackageHap post-execution cost:13 ms .
[2026-04-19T15:02:59.732] [DEBUG] debug-file - Update task entry:default@SignHap input file:C:\Users\jeremy\.ohos\config\default_MyApplication_Thr90GYvKW5Kq6vrUTl5jOZ4hWpT6CDZekCtJa4CR7k=.cer cache by regenerate.
[2026-04-19T15:02:59.733] [DEBUG] debug-file - Update task entry:default@SignHap input file:C:\Users\jeremy\.ohos\config\default_MyApplication_Thr90GYvKW5Kq6vrUTl5jOZ4hWpT6CDZekCtJa4CR7k=.p7b cache by regenerate.
[2026-04-19T15:02:59.733] [DEBUG] debug-file - Update task entry:default@SignHap input file:C:\Users\jeremy\.ohos\config\default_MyApplication_Thr90GYvKW5Kq6vrUTl5jOZ4hWpT6CDZekCtJa4CR7k=.p12 cache by regenerate.
[2026-04-19T15:02:59.733] [DEBUG] debug-file - Update task entry:default@SignHap input file:E:\application\DevEcoStudioProjects\MyApplication\entry\build\default\outputs\default\entry-default-unsigned.hap cache from map.
[2026-04-19T15:02:59.733] [DEBUG] debug-file - Update task entry:default@SignHap output file:E:\application\DevEcoStudioProjects\MyApplication\entry\build\default\outputs\default\entry-default-signed.hap cache.
[2026-04-19T15:02:59.734] [DEBUG] debug-file - Incremental task entry:default@SignHap post-execution cost:2 ms .
[2026-04-19T15:02:59.734] [DEBUG] debug-file - Update task entry:default@CollectDebugSymbol input file:E:\application\DevEcoStudioProjects\MyApplication\entry\build\default\intermediates\loader_out\default\ets\sourceMaps.map cache by regenerate.
[2026-04-19T15:02:59.734] [DEBUG] debug-file - Update task entry:default@CollectDebugSymbol input file:E:\application\DevEcoStudioProjects\MyApplication\entry\build\default\intermediates\libs\default cache by regenerate.
[2026-04-19T15:02:59.735] [DEBUG] debug-file - Update task entry:default@CollectDebugSymbol output file:E:\application\DevEcoStudioProjects\MyApplication\entry\build\default\outputs\default\symbol cache.
[2026-04-19T15:02:59.735] [DEBUG] debug-file - Incremental task entry:default@CollectDebugSymbol post-execution cost:2 ms .
[2026-04-19T15:02:59.771] [DEBUG] debug-file - Cleanup worker 10.
[2026-04-19T15:02:59.771] [DEBUG] debug-file - Worker 10 has been cleaned up.
[2026-04-19T15:02:59.771] [DEBUG] debug-file - Current idle worker size: 1.
[2026-04-19T15:02:59.772] [DEBUG] debug-file - Current resident worker size: 2.
[2026-04-19T15:02:59.773] [DEBUG] debug-file - hvigor build process will be closed.
[2026-04-19T15:02:59.773] [DEBUG] debug-file - java daemon socket close code:1000 reason:close by user
[2026-04-19T15:02:59.782] [DEBUG] debug-file - worker[10] exits with exit code 1.
[2026-04-19T15:02:59.784] [DEBUG] debug-file - session manager: send message to worker process.
[2026-04-19T15:02:59.785] [DEBUG] debug-file - session manager: send message to worker process.
[2026-04-19T15:02:59.787] [DEBUG] debug-file - watch worker: worker id should be larger than 0. Nothing will be sent to any worker thread.
[2026-04-19T15:02:59.787] [DEBUG] debug-file - watch worker: worker id should be larger than 0. Nothing will be sent to any worker thread.
[2026-04-19T15:10:19.599] [DEBUG] debug-file - session manager: set active socket. socketId=aGqbZM5rcMf5buxGAAAJ
[2026-04-19T15:10:19.626] [DEBUG] debug-file - watch worker: worker id should be larger than 0. Nothing will be sent to any worker thread.
[2026-04-19T15:10:19.631] [DEBUG] debug-file - Workers' log level updated to INFO
[2026-04-19T15:10:19.640] [DEBUG] debug-file - Hvigor init with startParameters:{
  hvigorfileTypeCheck: false,
  parallelExecution: true,
  incrementalExecution: true,
  printStackTrace: false,
  daemon: true,
  analyze: 0,
  logLevel: Level { level: 20000, levelStr: 'INFO', colour: 'green' },
  optimizationStrategy: 'memory',
  hotCompile: undefined,
  hotReloadBuild: undefined,
  customizedParam: undefined
}
[2026-04-19T15:10:19.647] [DEBUG] debug-file - Cache service initialization finished in 7 ms 
[2026-04-19T15:10:19.648] [DEBUG] debug-file - hvigorfile, resolving E:\application\DevEcoStudioProjects\MyApplication\hvigorfile.ts
[2026-04-19T15:10:19.662] [DEBUG] debug-file - hvigorfile, require result:  { default: { plugins: [] } }
[2026-04-19T15:10:19.662] [DEBUG] debug-file - hvigorfile, binding system plugins null
[2026-04-19T15:10:19.662] [DEBUG] debug-file - Starting plugin build process
[2026-04-19T15:10:19.662] [DEBUG] debug-file - App plugin prepare start...
[2026-04-19T15:10:19.663] [DEBUG] debug-file - App plugin prepare end...
[2026-04-19T15:10:19.663] [DEBUG] debug-file - App plugin creating...
[2026-04-19T15:10:19.671] [DEBUG] debug-file - App plugin register hook start...
[2026-04-19T15:10:19.672] [DEBUG] debug-file - App plugin register hook end...
[2026-04-19T15:10:19.672] [DEBUG] debug-file - Plugin build process completed
[2026-04-19T15:10:19.672] [DEBUG] debug-file - Start initialize project's product build option map with build mode debug.
[2026-04-19T15:10:19.672] [DEBUG] debug-file - Picking option from product 'default' with build mode 'debug'.
[2026-04-19T15:10:19.672] [DEBUG] debug-file - Product 'default' build option initialized
[2026-04-19T15:10:19.673] [DEBUG] debug-file - End initialize project's product build option map with build mode 'debug'.
[2026-04-19T15:10:19.673] [DEBUG] debug-file - Obtain build option for product 'default'in this build.
[2026-04-19T15:10:19.675] [DEBUG] debug-file - E:\application\DevEcoStudioProjects\MyApplication\build\cache\default\remote_hsp\remoteHspCache.json not exists.
[2026-04-19T15:10:19.678] [DEBUG] debug-file - Start recording SDK configuration permission data.
[2026-04-19T15:10:19.708] [DEBUG] debug-file - Sdk init in 32 ms 
[2026-04-19T15:10:19.711] [DEBUG] debug-file - Project task initialization takes 3 ms 
[2026-04-19T15:10:19.711] [DEBUG] debug-file - hvigorfile, binding custom plugins []
[2026-04-19T15:10:19.711] [DEBUG] debug-file - hvigorfile, no custom plugins were found in E:\application\DevEcoStudioProjects\MyApplication\hvigorfile.ts
[2026-04-19T15:10:19.711] [DEBUG] debug-file - hvigorfile, resolve finished E:\application\DevEcoStudioProjects\MyApplication\hvigorfile.ts
[2026-04-19T15:10:19.711] [DEBUG] debug-file - hvigorfile, resolving E:\application\DevEcoStudioProjects\MyApplication\entry\hvigorfile.ts
[2026-04-19T15:10:19.716] [DEBUG] debug-file - hvigorfile, require result:  { default: { plugins: [] } }
[2026-04-19T15:10:19.716] [DEBUG] debug-file - hvigorfile, binding system plugins null
[2026-04-19T15:10:19.716] [DEBUG] debug-file - Starting plugin build process
[2026-04-19T15:10:19.716] [DEBUG] debug-file - Hap plugin creating...
[2026-04-19T15:10:19.719] [DEBUG] debug-file - failed to load cangjie to dynamically generate schemas: Error: Cannot find module '@ohos/cangjie-build-support/index'
Require stack:
- E:\application\DevEco Studio\tools\hvigor\hvigor-ohos-plugin\src\plugin\hooks\cangjie-register.js
- E:\application\DevEco Studio\tools\hvigor\hvigor-ohos-plugin\src\plugin\strategy\stage-init-strategy.js
- E:\application\DevEco Studio\tools\hvigor\hvigor-ohos-plugin\src\plugin\builder\abstract-plugin-builder.js
- E:\application\DevEco Studio\tools\hvigor\hvigor-ohos-plugin\src\plugin\builder\app-plugin-builder.js
- E:\application\DevEco Studio\tools\hvigor\hvigor-ohos-plugin\src\plugin\factory\plugin-factory.js
- E:\application\DevEco Studio\tools\hvigor\hvigor-ohos-plugin\index.js
- E:\application\DevEcoStudioProjects\MyApplication\hvigorfile.ts
- E:\application\DevEco Studio\tools\hvigor\hvigor\src\base\internal\lifecycle\configuration.js
- E:\application\DevEco Studio\tools\hvigor\hvigor\src\base\boot\index.js
- E:\application\DevEco Studio\tools\hvigor\hvigor\src\base\daemon\cluster\worker-process-lifecycle.js
- E:\application\DevEco Studio\tools\hvigor\hvigor\src\base\daemon\process\daemon-process-boot-script.js
[2026-04-19T15:10:19.721] [DEBUG] debug-file - Start initialize module-target build option map, moduleName=entry, buildMode=debug
[2026-04-19T15:10:19.721] [DEBUG] debug-file - Target 'default' config initialized
[2026-04-19T15:10:19.722] [DEBUG] debug-file - Target 'ohosTest' config initialized
[2026-04-19T15:10:19.723] [DEBUG] debug-file - Module 'entry' target 'default' build option initialized
[2026-04-19T15:10:19.723] [DEBUG] debug-file - Module 'entry' target 'ohosTest' build option initialized
[2026-04-19T15:10:19.723] [DEBUG] debug-file - End initialize module-target build option map, moduleName=entry
[2026-04-19T15:10:19.723] [DEBUG] debug-file - Start initialize module-target build option map, moduleName=entry, buildMode=release
[2026-04-19T15:10:19.723] [DEBUG] debug-file - Target 'default' config initialized
[2026-04-19T15:10:19.723] [DEBUG] debug-file - Target 'ohosTest' config initialized
[2026-04-19T15:10:19.723] [DEBUG] debug-file - Module 'entry' target 'default' build option initialized
[2026-04-19T15:10:19.723] [DEBUG] debug-file - Module 'entry' target 'ohosTest' build option initialized
[2026-04-19T15:10:19.723] [DEBUG] debug-file - End initialize module-target build option map, moduleName=entry
[2026-04-19T15:10:19.723] [DEBUG] debug-file - Start initialize module-target build option map, moduleName=entry, buildMode=debug
[2026-04-19T15:10:19.723] [DEBUG] debug-file - Target 'default' config initialized
[2026-04-19T15:10:19.723] [DEBUG] debug-file - Target 'ohosTest' config initialized
[2026-04-19T15:10:19.724] [DEBUG] debug-file - Module 'entry' target 'default' build option initialized
[2026-04-19T15:10:19.724] [DEBUG] debug-file - Module 'entry' target 'ohosTest' build option initialized
[2026-04-19T15:10:19.724] [DEBUG] debug-file - End initialize module-target build option map, moduleName=entry
[2026-04-19T15:10:19.724] [DEBUG] debug-file - Obtain build option for module 'entry' target 'default'in this build.
[2026-04-19T15:10:19.726] [DEBUG] debug-file - Module entry task initialization takes 2 ms 
[2026-04-19T15:10:19.726] [DEBUG] debug-file - Hap plugin register hook start...
[2026-04-19T15:10:19.726] [DEBUG] debug-file - Hap plugin register hook end...
[2026-04-19T15:10:19.726] [DEBUG] debug-file - Plugin build process completed
[2026-04-19T15:10:19.726] [DEBUG] debug-file - hvigorfile, binding custom plugins []
[2026-04-19T15:10:19.726] [DEBUG] debug-file - hvigorfile, no custom plugins were found in E:\application\DevEcoStudioProjects\MyApplication\entry\hvigorfile.ts
[2026-04-19T15:10:19.726] [DEBUG] debug-file - hvigorfile, resolve finished E:\application\DevEcoStudioProjects\MyApplication\entry\hvigorfile.ts
[2026-04-19T15:10:19.745] [DEBUG] debug-file - hvigorfile, resolve hvigorfile dependencies in 19 ms 
[2026-04-19T15:10:19.745] [DEBUG] debug-file - project has submodules:entry
[2026-04-19T15:10:19.746] [DEBUG] debug-file - start to load updatedOhPackageInfo to the disk
[2026-04-19T15:10:19.754] [DEBUG] debug-file - load to the disk finished
[2026-04-19T15:10:19.756] [DEBUG] debug-file - Start to initialize dependency information.
[2026-04-19T15:10:19.762] [DEBUG] debug-file - Module MyApplication Collected Dependency: 
[2026-04-19T15:10:19.762] [DEBUG] debug-file - Module MyApplication's total dependency: 0
[2026-04-19T15:10:19.763] [DEBUG] debug-file - Start to initialize dependency information.
[2026-04-19T15:10:19.765] [DEBUG] debug-file - Module entry Collected Dependency: 
[2026-04-19T15:10:19.765] [DEBUG] debug-file - Module entry's total dependency: 0
[2026-04-19T15:10:19.768] [DEBUG] debug-file - Configuration phase cost:121 ms 
[2026-04-19T15:10:19.770] [DEBUG] debug-file - Configuration task cost before running: 139 ms 
[2026-04-19T15:10:19.775] [DEBUG] debug-file - Executing task :entry:default@PreBuild
[2026-04-19T15:10:19.776] [DEBUG] debug-file - Task 'entry:default@PreBuild' cost while wrapping incremental declarations: 1 ms 
[2026-04-19T15:10:19.786] [DEBUG] debug-file - Incremental task entry:default@PreBuild pre-execution cost: 9 ms .
[2026-04-19T15:10:19.786] [DEBUG] debug-file - entry : default@PreBuild cost memory -1.4585189819335938
[2026-04-19T15:10:19.790] [INFO] debug-file - UP-TO-DATE :entry:default@PreBuild...  
[2026-04-19T15:10:19.790] [DEBUG] debug-file - Executing task :entry:default@CreateModuleInfo
[2026-04-19T15:10:19.791] [DEBUG] debug-file - Task 'entry:default@CreateModuleInfo' cost while wrapping incremental declarations: 1 ms 
[2026-04-19T15:10:19.791] [DEBUG] debug-file - entry : default@CreateModuleInfo cost memory 0.041778564453125
[2026-04-19T15:10:19.791] [DEBUG] debug-file - runTaskFromQueue task cost before running: 160 ms 
[2026-04-19T15:10:19.791] [INFO] debug-file - Finished :entry:default@CreateModuleInfo... after 1 ms 
[2026-04-19T15:10:19.794] [DEBUG] debug-file - Executing task :entry:default@GenerateMetadata
[2026-04-19T15:10:19.794] [DEBUG] debug-file - Task 'entry:default@GenerateMetadata' cost while wrapping incremental declarations: 1 ms 
[2026-04-19T15:10:19.795] [DEBUG] debug-file - Incremental task entry:default@GenerateMetadata pre-execution cost: 1 ms .
[2026-04-19T15:10:19.795] [DEBUG] debug-file - entry : default@GenerateMetadata cost memory 0.0870361328125
[2026-04-19T15:10:19.795] [INFO] debug-file - UP-TO-DATE :entry:default@GenerateMetadata...  
[2026-04-19T15:10:19.796] [DEBUG] debug-file - Executing task :entry:default@ConfigureCmake
[2026-04-19T15:10:19.796] [DEBUG] debug-file - entry : default@ConfigureCmake cost memory 0.01446533203125
[2026-04-19T15:10:19.796] [DEBUG] debug-file - runTaskFromQueue task cost before running: 165 ms 
[2026-04-19T15:10:19.796] [INFO] debug-file - Finished :entry:default@ConfigureCmake... after 1 ms 
[2026-04-19T15:10:19.797] [DEBUG] debug-file - Executing task :entry:default@MergeProfile
[2026-04-19T15:10:19.797] [DEBUG] debug-file - Task 'entry:default@MergeProfile' cost while wrapping incremental declarations: 1 ms 
[2026-04-19T15:10:19.800] [DEBUG] debug-file - Incremental task entry:default@MergeProfile pre-execution cost: 3 ms .
[2026-04-19T15:10:19.800] [DEBUG] debug-file - entry : default@MergeProfile cost memory 0.134857177734375
[2026-04-19T15:10:19.801] [INFO] debug-file - UP-TO-DATE :entry:default@MergeProfile...  
[2026-04-19T15:10:19.804] [DEBUG] debug-file - Executing task :entry:default@CreateBuildProfile
[2026-04-19T15:10:19.805] [DEBUG] debug-file - Task 'entry:default@CreateBuildProfile' cost while wrapping incremental declarations: 1 ms 
[2026-04-19T15:10:19.806] [DEBUG] debug-file - Incremental task entry:default@CreateBuildProfile pre-execution cost: 2 ms .
[2026-04-19T15:10:19.806] [DEBUG] debug-file - entry : default@CreateBuildProfile cost memory 0.0958099365234375
[2026-04-19T15:10:19.806] [INFO] debug-file - UP-TO-DATE :entry:default@CreateBuildProfile...  
[2026-04-19T15:10:19.807] [DEBUG] debug-file - Executing task :entry:default@PreCheckSyscap
[2026-04-19T15:10:19.807] [DEBUG] debug-file - entry : default@PreCheckSyscap cost memory 0.01468658447265625
[2026-04-19T15:10:19.808] [DEBUG] debug-file - runTaskFromQueue task cost before running: 176 ms 
[2026-04-19T15:10:19.808] [INFO] debug-file - Finished :entry:default@PreCheckSyscap... after 1 ms 
[2026-04-19T15:10:19.809] [DEBUG] debug-file - Executing task :entry:default@GeneratePkgContextInfo
[2026-04-19T15:10:19.812] [DEBUG] debug-file - Task 'entry:default@GeneratePkgContextInfo' cost while wrapping incremental declarations: 1 ms 
[2026-04-19T15:10:19.812] [DEBUG] debug-file - Incremental task entry:default@GeneratePkgContextInfo pre-execution cost: 1 ms .
[2026-04-19T15:10:19.812] [DEBUG] debug-file - entry : default@GeneratePkgContextInfo cost memory 0.2115631103515625
[2026-04-19T15:10:19.813] [INFO] debug-file - UP-TO-DATE :entry:default@GeneratePkgContextInfo...  
[2026-04-19T15:10:19.817] [DEBUG] debug-file - Executing task :entry:default@ProcessIntegratedHsp
[2026-04-19T15:10:19.818] [DEBUG] debug-file - entry:default@ProcessIntegratedHsp is not up-to-date, since the output file 'E:\application\DevEcoStudioProjects\MyApplication\build\cache\default\integrated_hsp\integratedHspCache.json' does not exist.
[2026-04-19T15:10:19.818] [DEBUG] debug-file - Incremental task entry:default@ProcessIntegratedHsp pre-execution cost: 1 ms .
[2026-04-19T15:10:19.818] [DEBUG] debug-file - entry : default@ProcessIntegratedHsp cost memory 0.05741119384765625
[2026-04-19T15:10:19.818] [DEBUG] debug-file - runTaskFromQueue task cost before running: 187 ms 
[2026-04-19T15:10:19.820] [INFO] debug-file - Finished :entry:default@ProcessIntegratedHsp... after 2 ms 
[2026-04-19T15:10:19.822] [DEBUG] debug-file - Executing task :entry:default@BuildNativeWithCmake
[2026-04-19T15:10:19.822] [DEBUG] debug-file - entry : default@BuildNativeWithCmake cost memory 0.0144805908203125
[2026-04-19T15:10:19.822] [DEBUG] debug-file - runTaskFromQueue task cost before running: 191 ms 
[2026-04-19T15:10:19.822] [INFO] debug-file - Finished :entry:default@BuildNativeWithCmake... after 1 ms 
[2026-04-19T15:10:19.823] [DEBUG] debug-file - Executing task :entry:default@MakePackInfo
[2026-04-19T15:10:19.826] [DEBUG] debug-file - Incremental task entry:default@MakePackInfo pre-execution cost: 3 ms .
[2026-04-19T15:10:19.826] [DEBUG] debug-file - entry : default@MakePackInfo cost memory 0.1364288330078125
[2026-04-19T15:10:19.827] [INFO] debug-file - UP-TO-DATE :entry:default@MakePackInfo...  
[2026-04-19T15:10:19.828] [DEBUG] debug-file - Executing task :entry:default@SyscapTransform
[2026-04-19T15:10:19.828] [DEBUG] debug-file - File: 'E:\application\DevEcoStudioProjects\MyApplication\entry\src\main\syscap.json' from 'sysCapJsonPath' is not exists, just ignore.
[2026-04-19T15:10:19.828] [DEBUG] debug-file - Task 'entry:default@SyscapTransform' cost while wrapping incremental declarations: 1 ms 
[2026-04-19T15:10:19.830] [DEBUG] debug-file - entry:default@SyscapTransform is not up-to-date, since the output file 'E:\application\DevEcoStudioProjects\MyApplication\entry\build\default\intermediates\syscap\default\rpcid.sc' does not exist.
[2026-04-19T15:10:19.830] [DEBUG] debug-file - Incremental task entry:default@SyscapTransform pre-execution cost: 2 ms .
[2026-04-19T15:10:19.830] [DEBUG] debug-file - entry : default@SyscapTransform cost memory 0.15128326416015625
[2026-04-19T15:10:19.830] [DEBUG] debug-file - runTaskFromQueue task cost before running: 199 ms 
[2026-04-19T15:10:19.831] [INFO] debug-file - Finished :entry:default@SyscapTransform... after 3 ms 
[2026-04-19T15:10:19.833] [DEBUG] debug-file - Executing task :entry:default@ProcessProfile
[2026-04-19T15:10:19.835] [DEBUG] debug-file - Task 'entry:default@ProcessProfile' cost while wrapping incremental declarations: 1 ms 
[2026-04-19T15:10:19.837] [DEBUG] debug-file - Incremental task entry:default@ProcessProfile pre-execution cost: 3 ms .
[2026-04-19T15:10:19.838] [DEBUG] debug-file - entry : default@ProcessProfile cost memory 0.1401214599609375
[2026-04-19T15:10:19.838] [INFO] debug-file - UP-TO-DATE :entry:default@ProcessProfile...  
[2026-04-19T15:10:19.839] [DEBUG] debug-file - Executing task :entry:default@ProcessRouterMap
[2026-04-19T15:10:19.842] [DEBUG] debug-file - Incremental task entry:default@ProcessRouterMap pre-execution cost: 3 ms .
[2026-04-19T15:10:19.842] [DEBUG] debug-file - entry : default@ProcessRouterMap cost memory 0.166748046875
[2026-04-19T15:10:19.842] [INFO] debug-file - UP-TO-DATE :entry:default@ProcessRouterMap...  
[2026-04-19T15:10:19.843] [DEBUG] debug-file - Executing task :entry:default@ProcessShareConfig
[2026-04-19T15:10:19.846] [DEBUG] debug-file - Incremental task entry:default@ProcessShareConfig pre-execution cost: 2 ms .
[2026-04-19T15:10:19.846] [DEBUG] debug-file - entry : default@ProcessShareConfig cost memory 0.14223480224609375
[2026-04-19T15:10:19.846] [INFO] debug-file - UP-TO-DATE :entry:default@ProcessShareConfig...  
[2026-04-19T15:10:19.847] [DEBUG] debug-file - Executing task :entry:default@ProcessStartupConfig
[2026-04-19T15:10:19.848] [DEBUG] debug-file - Task 'entry:default@ProcessStartupConfig' cost while wrapping incremental declarations: 1 ms 
[2026-04-19T15:10:19.849] [DEBUG] debug-file - entry:default@ProcessStartupConfig is not up-to-date, since the output file 'E:\application\DevEcoStudioProjects\MyApplication\entry\build\default\intermediates\startup\default\startup_config.json' does not exist.
[2026-04-19T15:10:19.849] [DEBUG] debug-file - Incremental task entry:default@ProcessStartupConfig pre-execution cost: 1 ms .
[2026-04-19T15:10:19.850] [DEBUG] debug-file - entry : default@ProcessStartupConfig cost memory 0.1392822265625
[2026-04-19T15:10:19.850] [DEBUG] debug-file - runTaskFromQueue task cost before running: 219 ms 
[2026-04-19T15:10:19.850] [INFO] debug-file - Finished :entry:default@ProcessStartupConfig... after 3 ms 
[2026-04-19T15:10:19.854] [DEBUG] debug-file - Executing task :entry:default@BuildNativeWithNinja
[2026-04-19T15:10:19.854] [DEBUG] debug-file - entry : default@BuildNativeWithNinja cost memory 0.02114105224609375
[2026-04-19T15:10:19.854] [DEBUG] debug-file - runTaskFromQueue task cost before running: 223 ms 
[2026-04-19T15:10:19.855] [INFO] debug-file - Finished :entry:default@BuildNativeWithNinja... after 1 ms 
[2026-04-19T15:10:19.856] [DEBUG] debug-file - restool module names: entry; moduleName=entry, taskName=default@ProcessResource
[2026-04-19T15:10:19.857] [DEBUG] debug-file - Executing task :entry:default@ProcessResource
[2026-04-19T15:10:19.857] [DEBUG] debug-file - Task 'entry:default@ProcessResource' cost while wrapping incremental declarations: 1 ms 
[2026-04-19T15:10:19.858] [DEBUG] debug-file - Incremental task entry:default@ProcessResource pre-execution cost: 1 ms .
[2026-04-19T15:10:19.858] [DEBUG] debug-file - entry : default@ProcessResource cost memory 0.133331298828125
[2026-04-19T15:10:19.860] [INFO] debug-file - UP-TO-DATE :entry:default@ProcessResource...  
[2026-04-19T15:10:19.861] [DEBUG] debug-file - Executing task :entry:default@GenerateLoaderJson
[2026-04-19T15:10:19.862] [DEBUG] debug-file - Task 'entry:default@GenerateLoaderJson' cost while wrapping incremental declarations: 1 ms 
[2026-04-19T15:10:19.872] [DEBUG] debug-file - Incremental task entry:default@GenerateLoaderJson pre-execution cost: 7 ms .
[2026-04-19T15:10:19.872] [DEBUG] debug-file - entry : default@GenerateLoaderJson cost memory 0.5332794189453125
[2026-04-19T15:10:19.875] [INFO] debug-file - UP-TO-DATE :entry:default@GenerateLoaderJson...  
[2026-04-19T15:10:19.876] [DEBUG] debug-file - Executing task :entry:default@ProcessLibs
[2026-04-19T15:10:19.878] [DEBUG] debug-file - Incremental task entry:default@ProcessLibs pre-execution cost: 2 ms .
[2026-04-19T15:10:19.878] [DEBUG] debug-file - entry : default@ProcessLibs cost memory 0.10594940185546875
[2026-04-19T15:10:19.878] [INFO] debug-file - UP-TO-DATE :entry:default@ProcessLibs...  
[2026-04-19T15:10:19.880] [DEBUG] debug-file - restool module names: entry; moduleName=entry, taskName=default@CompileResource
[2026-04-19T15:10:19.880] [DEBUG] debug-file - Executing task :entry:default@CompileResource
[2026-04-19T15:10:19.899] [DEBUG] debug-file - Incremental task entry:default@CompileResource pre-execution cost: 18 ms .
[2026-04-19T15:10:19.899] [DEBUG] debug-file - entry : default@CompileResource cost memory -0.7405929565429688
[2026-04-19T15:10:19.902] [INFO] debug-file - UP-TO-DATE :entry:default@CompileResource...  
[2026-04-19T15:10:19.904] [DEBUG] debug-file - Executing task :entry:default@DoNativeStrip
[2026-04-19T15:10:19.904] [DEBUG] debug-file - Task 'entry:default@DoNativeStrip' cost while wrapping incremental declarations: 1 ms 
[2026-04-19T15:10:19.905] [DEBUG] debug-file - Incremental task entry:default@DoNativeStrip pre-execution cost: 1 ms .
[2026-04-19T15:10:19.905] [DEBUG] debug-file - entry : default@DoNativeStrip cost memory 0.076416015625
[2026-04-19T15:10:19.905] [INFO] debug-file - UP-TO-DATE :entry:default@DoNativeStrip...  
[2026-04-19T15:10:19.906] [DEBUG] debug-file - Executing task :entry:default@CompileArkTS
[2026-04-19T15:10:19.907] [DEBUG] debug-file - obfuscationOptions: undefined
[2026-04-19T15:10:19.907] [DEBUG] debug-file - Task 'entry:default@CompileArkTS' cost while wrapping incremental declarations: 1 ms 
[2026-04-19T15:10:19.919] [DEBUG] debug-file - entry:default@CompileArkTS is not up-to-date, since the input file 'E:\application\DevEcoStudioProjects\MyApplication\entry\src\main\ets' has been changed.
[2026-04-19T15:10:19.919] [DEBUG] debug-file - Incremental task entry:default@CompileArkTS pre-execution cost: 11 ms .
[2026-04-19T15:10:19.931] [DEBUG] debug-file - build config:
[2026-04-19T15:10:19.931] [DEBUG] debug-file - {
  moduleType: 'entry',
  perf: 0,
  targetName: '.default',
  packageManagerType: 'ohpm',
  localPropertiesPath: 'E:\\application\\DevEcoStudioProjects\\MyApplication\\local.properties',
  isPreview: false,
  isOhosTest: false,
  isLocalTest: false,
  buildMode: 'Debug',
  hotReloadBuild: undefined,
  watchMode: 'false',
  aceProfilePath: 'E:\\application\\DevEcoStudioProjects\\MyApplication\\entry\\build\\default\\intermediates\\res\\default\\resources\\base\\profile',
  etsLoaderPath: 'E:\\application\\DevEco Studio\\sdk\\default\\openharmony\\ets\\build-tools\\ets-loader',
  modulePath: 'E:\\application\\DevEcoStudioProjects\\MyApplication\\entry',
  testFrameworkPar: {
    testMode: undefined,
    coveragePathFilter: undefined,
    coverageMode: undefined
  },
  needCoverageInsert: false,
  debugLine: false,
  projectTopDir: 'E:\\application\\DevEcoStudioProjects\\MyApplication',
  compileSdkVersion: 22,
  compatibleSdkVersion: 22,
  originCompatibleSdkVersion: '6.0.2(22)',
  compatibleSdkVersionStage: undefined,
  bundleName: 'c***n',
  etsLoaderVersion: '6.0.2.130',
  etsLoaderReleaseType: 'Release',
  aotCompileMode: 'type',
  apPath: 'E:\\application\\DevEcoStudioProjects\\MyApplication\\entry\\modules.ap',
  entryModuleName: 'entry',
  entryModuleVersion: '1.0.0',
  entryPackageName: 'entry',
  allModuleNameHash: 'be72bfb482d6518e517e7ec5417304132c4f2554630c9cf092ee785b5e3b783a',
  externalApiPaths: [ 'E:\\application\\DevEco Studio\\sdk\\default\\hms\\ets' ],
  compilerTypes: [],
  isCrossplatform: false,
  hvigorPluginFile: undefined,
  compilePluginPath: undefined,
  buildGeneratedProfilePath: 'E:\\application\\DevEcoStudioProjects\\MyApplication\\entry\\build\\default\\generated\\profile\\default',
  bundleType: 'app',
  arkTSVersion: undefined,
  apiVersion: 22,
  needCompleteSourcesMap: false,
  isFaMode: false,
  buildDir: 'E:\\application\\DevEcoStudioProjects\\MyApplication\\entry\\build',
  deviceTypes: [ 'phone' ],
  pkgContextInfo: {
    '@ohos/hypium': {
      packageName: '@ohos/hypium',
      bundleName: '*****',
      moduleName: '',
      version: '1.0.25',
      entryPath: 'index.js',
      isSO: false,
      dependencyAlias: ''
    },
    '@ohos/hamock': {
      packageName: '@ohos/hamock',
      bundleName: '*****',
      moduleName: '',
      version: '1.0.0',
      entryPath: 'index.ets',
      isSO: false,
      dependencyAlias: ''
    },
    entry: {
      packageName: 'entry',
      bundleName: '*****',
      moduleName: '',
      version: '',
      entryPath: 'src/main/',
      isSO: false,
      dependencyAlias: ''
    }
  },
  ohPackagePathMap: {},
  dependencyAliasMap: {},
  permission: {
    requestPermissions: [ [Object], [Object] ],
    definePermissions: undefined
  },
  useGetCurrentBundleName: false,
  projectArkOption: undefined,
  sourceMapDir: undefined,
  branchElimination: false,
  transformLib: undefined,
  tsImportSendable: false,
  resolveConflictMode: true,
  depName2RootPath: {},
  depName2DepInfo: {},
  rootPathSet: [ 'E:\\application\\DevEcoStudioProjects\\MyApplication' ],
  useNativeResolver: true,
  shouldEmitJs: true,
  useTscResolve: false,
  singleFileEmit: false,
  userProjectConfig: {
    autoLazyImport: false,
    allowEmptyBundleName: false,
    reExportCheckMode: 'noCheck',
    executionMode: 'memory',
    usePathPlaceholder: false,
    writeRollupCache: true,
    isExpandImportEnabled: false,
    expandImportExclude: '',
    lazyImportExclude: '',
    lazyImportInclude: '',
    ignoreCrossplatformCheck: false,
    isHarDeduplicateEnabled: false,
    skipOhModulesLint: false,
    enableStrictCheckOHModule: false,
    disableSendableCheckRules: [],
    useDeclarationFileSignature: false,
    customizedOptions: undefined,
    integratedHsp: false,
    isPreloadSoEnabled: false
  },
  executionMode: 'memory',
  arkCompileCachePath: 'E:\\application\\DevEcoStudioProjects\\MyApplication\\entry\\build\\default\\cache\\default\\default@CompileArkTS\\esmodule',
  autoLazyFilter: undefined,
  isHarDeduplicateEnabled: false,
  intermediateHarDuplicateDirPath: 'E:\\application\\DevEcoStudioProjects\\MyApplication\\entry\\build\\default\\intermediates\\har_duplicate\\default',
  autoLazyImport: false,
  allowEmptyBundleName: false,
  reExportCheckMode: 'noCheck',
  usePathPlaceholder: false,
  writeRollupCache: true,
  isExpandImportEnabled: false,
  expandImportExclude: '',
  lazyImportExclude: '',
  lazyImportInclude: '',
  ignoreCrossplatformCheck: false,
  skipOhModulesLint: false,
  enableStrictCheckOHModule: false,
  disableSendableCheckRules: [],
  useDeclarationFileSignature: false,
  customizedOptions: undefined,
  integratedHsp: false,
  isPreloadSoEnabled: false,
  strictMode: {
    caseSensitiveCheck: true,
    useNormalizedOHMUrl: true,
    noExternalImportByPath: true
  },
  useNormalizedOHMUrl: true,
  caseSensitiveCheck: true,
  aceModuleJsonPath: 'E:\\application\\DevEcoStudioProjects\\MyApplication\\entry\\build\\default\\intermediates\\res\\default\\ark_module.json',
  appResource: 'E:\\application\\DevEcoStudioProjects\\MyApplication\\entry\\build\\default\\intermediates\\res\\default\\ResourceTable.txt',
  rawFileResource: 'E:\\application\\DevEcoStudioProjects\\MyApplication\\entry\\build\\default\\intermediates\\res\\default\\resources\\rawfile',
  resourceTableHash: 'a0a147ba0c0666f0ad089a1329f5e07c468cca2aca9e6184a5376915ef6206de',
  runtimeOS: 'HarmonyOS',
  sdkInfo: 'false:22:6.0.2.130:Release',
  aceModuleRoot: 'E:\\application\\DevEcoStudioProjects\\MyApplication\\entry\\src\\main\\ets',
  compileMode: 'esmodule',
  aceSuperVisualPath: 'E:\\application\\DevEcoStudioProjects\\MyApplication\\entry\\src\\main\\supervisual',
  aceBuildJson: 'E:\\application\\DevEcoStudioProjects\\MyApplication\\entry\\build\\default\\intermediates\\loader\\default\\loader.json',
  cachePath: 'E:\\application\\DevEcoStudioProjects\\MyApplication\\entry\\build\\default\\cache\\default\\default@CompileArkTS\\esmodule\\debug',
  aceModuleBuild: 'E:\\application\\DevEcoStudioProjects\\MyApplication\\entry\\build\\default\\intermediates\\loader_out\\default\\ets',
  supportChunks: true,
  declaredFilesPath: undefined,
  shouldCollectDirectImportees: false,
  isByteCodeHarOptimize: false,
  expandImportPath: undefined,
  pkgNameToPkgBriefInfo: {
    entry: {
      pkgRoot: 'E:\\application\\DevEcoStudioProjects\\MyApplication\\entry',
      originalSourceRoots: undefined,
      sourceRoots: [Array],
      pkgName: 'entry'
    }
  },
  projectModel: {
    'E:\\application\\DevEcoStudioProjects\\MyApplication\\entry\\src\\main': {
      moduleName: 'entry',
      modulePkgPath: 'E:\\application\\DevEcoStudioProjects\\MyApplication\\entry',
      belongProjectPath: 'E:\\application\\DevEcoStudioProjects\\MyApplication'
    },
    'E:\\application\\DevEcoStudioProjects\\MyApplication\\entry\\.test\\default\\intermediates\\src\\ohosTest\\ets': {
      moduleName: 'entry_test',
      modulePkgPath: 'E:\\application\\DevEcoStudioProjects\\MyApplication\\entry',
      belongProjectPath: 'E:\\application\\DevEcoStudioProjects\\MyApplication'
    },
    'E:\\application\\DevEcoStudioProjects\\MyApplication\\entry\\src\\ohosTest': {
      moduleName: 'entry_test',
      modulePkgPath: 'E:\\application\\DevEcoStudioProjects\\MyApplication\\entry',
      belongProjectPath: 'E:\\application\\DevEcoStudioProjects\\MyApplication'
    },
    'E:\\application\\DevEcoStudioProjects\\MyApplication\\entry': {
      moduleName: 'entry',
      modulePkgPath: 'E:\\application\\DevEcoStudioProjects\\MyApplication\\entry',
      belongProjectPath: 'E:\\application\\DevEcoStudioProjects\\MyApplication'
    },
    'E:\\application\\DevEcoStudioProjects\\MyApplication': {
      moduleName: 'MyApplication',
      modulePkgPath: 'E:\\application\\DevEcoStudioProjects\\MyApplication',
      belongProjectPath: 'E:\\application\\DevEcoStudioProjects\\MyApplication'
    }
  },
  pkgJsonFileHash: '51d64e81dfd2c2b1510402f176a80cb91064226cf8f0312ad329a01d10cc239d',
  allModulePaths: [ 'E:\\application\\DevEcoStudioProjects\\MyApplication\\entry' ],
  routerMap: {},
  obfuscationOptions: undefined,
  byteCodeHarToDependencyKeys: undefined,
  compileBlockPkg: [],
  mockParams: {
    decorator: '@MockSetup',
    packageName: '@ohos/hamock',
    etsSourceRootPath: 'src/main/ets',
    mockConfigPath: 'E:\\application\\DevEcoStudioProjects\\MyApplication\\entry\\src\\mock\\mock-config.json5',
    mockConfigKey2ModuleInfo: {},
    source2ModuleIdMap: {}
  },
  copyCodeResourceEnable: false,
  copyCodeResourceExcludes: [],
  copyCodeResourceIncludes: undefined,
  uiTransformOptimization: false,
  sdkPath: 'E:/application/DevEco Studio/sdk',
  needPreloadSoFileSet: {},
  preloadSoFilePath: 'E:\\application\\DevEcoStudioProjects\\MyApplication\\entry\\build\\default\\intermediates\\preload\\default\\preload.json',
  useSourceHash: false,
  localModuleParamMap: {},
  otherPaths: {
    'entry/*': [
      '..\\*',
      '..\\..\\..\\build\\default\\generated\\profile\\default\\*'
    ]
  },
  collectImportersConfig: undefined
}
[2026-04-19T15:10:19.931] [DEBUG] debug-file - Compile arkts with external api path: E:\application\DevEco Studio\sdk\default\hms\ets
[2026-04-19T15:10:19.932] [DEBUG] debug-file - default@CompileArkTS work[2] is submitted.
[2026-04-19T15:10:19.932] [DEBUG] debug-file - default@CompileArkTS work[2] is pushed to ready queue.
[2026-04-19T15:10:19.932] [DEBUG] debug-file - A work dispatched to worker[11] failed because unable to get work from ready queue.
[2026-04-19T15:10:19.932] [DEBUG] debug-file - A work dispatched to worker[10] failed because unable to get work from ready queue.
[2026-04-19T15:10:19.932] [DEBUG] debug-file - A work dispatched to worker[9] failed because unable to get work from ready queue.
[2026-04-19T15:10:19.932] [DEBUG] debug-file - A work dispatched to worker[8] failed because unable to get work from ready queue.
[2026-04-19T15:10:19.932] [DEBUG] debug-file - A work dispatched to worker[7] failed because unable to get work from ready queue.
[2026-04-19T15:10:19.932] [DEBUG] debug-file - A work dispatched to worker[6] failed because unable to get work from ready queue.
[2026-04-19T15:10:19.933] [DEBUG] debug-file - A work dispatched to worker[5] failed because unable to get work from ready queue.
[2026-04-19T15:10:19.933] [DEBUG] debug-file - default@CompileArkTS work[2] has been dispatched to worker[4].
[2026-04-19T15:10:19.933] [DEBUG] debug-file - default@CompileArkTS work[2] is dispatched.
[2026-04-19T15:10:19.933] [DEBUG] debug-file - entry : default@CompileArkTS cost memory -0.34056854248046875
[2026-04-19T15:10:19.936] [DEBUG] debug-file - Executing task :entry:default@BuildJS
[2026-04-19T15:10:19.936] [DEBUG] debug-file - Task 'entry:default@BuildJS' cost while wrapping incremental declarations: 1 ms 
[2026-04-19T15:10:19.939] [DEBUG] debug-file - entry : default@BuildJS cost memory 0.1613311767578125
[2026-04-19T15:10:19.939] [DEBUG] debug-file - runTaskFromQueue task cost before running: 308 ms 
[2026-04-19T15:10:19.940] [INFO] debug-file - Finished :entry:default@BuildJS... after 4 ms 
[2026-04-19T15:10:19.941] [DEBUG] debug-file - Executing task :entry:default@CacheNativeLibs
[2026-04-19T15:10:19.941] [DEBUG] debug-file - Task 'entry:default@CacheNativeLibs' cost while wrapping incremental declarations: 1 ms 
[2026-04-19T15:10:19.942] [DEBUG] debug-file - Incremental task entry:default@CacheNativeLibs pre-execution cost: 2 ms .
[2026-04-19T15:10:19.943] [DEBUG] debug-file - entry : default@CacheNativeLibs cost memory 0.092742919921875
[2026-04-19T15:10:19.943] [INFO] debug-file - UP-TO-DATE :entry:default@CacheNativeLibs...  
[2026-04-19T15:10:21.388] [WARN] debug-file - [33mWARN: [33m[33mArkTS:WARN File: E:/application/DevEcoStudioProjects/MyApplication/entry/src/main/ets/pages/ImportPage.ets:138:44
 'getContext' has been deprecated.
[39m[39m
[33mWARN: [33m[33mArkTS:WARN File: E:/application/DevEcoStudioProjects/MyApplication/entry/src/main/ets/pages/ImportPage.ets:720:20
 'showToast' has been deprecated.
[39m[39m
[33mWARN: [33m[33mArkTS:WARN File: E:/application/DevEcoStudioProjects/MyApplication/entry/src/main/ets/pages/PasswordGenerator.ets:37:44
 'getContext' has been deprecated.
[39m[39m
[33mWARN: [33m[33mArkTS:WARN File: E:/application/DevEcoStudioProjects/MyApplication/entry/src/main/ets/pages/PasswordGenerator.ets:40:25
 'getParams' has been deprecated.
[39m[39m
[33mWARN: [33m[33mArkTS:WARN File: E:/application/DevEcoStudioProjects/MyApplication/entry/src/main/ets/pages/PasswordGenerator.ets:102:56
 'createPlainTextData' has been deprecated.
[39m[39m
[33mWARN: [33m[33mArkTS:WARN File: E:/application/DevEcoStudioProjects/MyApplication/entry/src/main/ets/pages/PasswordGenerator.ets:187:20
 'showToast' has been deprecated.
[39m[39m
[33mWARN: [33m[33mArkTS:WARN File: E:/application/DevEcoStudioProjects/MyApplication/entry/src/main/ets/pages/PasswordGenerator.ets:197:5
 Function may throw exceptions. Special handling is required.
[39m[39m
[33mWARN: [33m[33mArkTS:WARN File: E:/application/DevEcoStudioProjects/MyApplication/entry/src/main/ets/pages/PasswordGenerator.ets:197:12
 'pushUrl' has been deprecated.
[39m[39m
[33mWARN: [33m[33mArkTS:WARN File: E:/application/DevEcoStudioProjects/MyApplication/entry/src/main/ets/pages/PasswordGenerator.ets:201:5
 Function may throw exceptions. Special handling is required.
[39m[39m
[33mWARN: [33m[33mArkTS:WARN File: E:/application/DevEcoStudioProjects/MyApplication/entry/src/main/ets/pages/PasswordGenerator.ets:201:12
 'pushUrl' has been deprecated.
[39m[39m
[33mWARN: [33m[33mArkTS:WARN File: E:/application/DevEcoStudioProjects/MyApplication/entry/src/main/ets/pages/PasswordListPage.ets:32:12
 'pushUrl' has been deprecated.
[39m[39m
[33mWARN: [33m[33mArkTS:WARN File: E:/application/DevEcoStudioProjects/MyApplication/entry/src/main/ets/pages/PasswordListPage.ets:42:44
 'getContext' has been deprecated.
[39m[39m
[33mWARN: [33m[33mArkTS:WARN File: E:/application/DevEcoStudioProjects/MyApplication/entry/src/main/ets/pages/PasswordListPage.ets:142:5
 Function may throw exceptions. Special handling is required.
[39m[39m
[33mWARN: [33m[33mArkTS:WARN File: E:/application/DevEcoStudioProjects/MyApplication/entry/src/main/ets/pages/PasswordListPage.ets:142:18
 'showDialog' has been deprecated.
[39m[39m
[33mWARN: [33m[33mArkTS:WARN File: E:/application/DevEcoStudioProjects/MyApplication/entry/src/main/ets/pages/PasswordListPage.ets:195:5
 Function may throw exceptions. Special handling is required.
[39m[39m
[33mWARN: [33m[33mArkTS:WARN File: E:/application/DevEcoStudioProjects/MyApplication/entry/src/main/ets/pages/PasswordListPage.ets:195:18
 'showDialog' has been deprecated.
[39m[39m
[33mWARN: [33m[33mArkTS:WARN File: E:/application/DevEcoStudioProjects/MyApplication/entry/src/main/ets/pages/PasswordListPage.ets:229:56
 'createPlainTextData' has been deprecated.
[39m[39m
[33mWARN: [33m[33mArkTS:WARN File: E:/application/DevEcoStudioProjects/MyApplication/entry/src/main/ets/pages/PasswordListPage.ets:267:5
 Function may throw exceptions. Special handling is required.
[39m[39m
[33mWARN: [33m[33mArkTS:WARN File: E:/application/DevEcoStudioProjects/MyApplication/entry/src/main/ets/pages/PasswordListPage.ets:267:18
 'showToast' has been deprecated.
[39m[39m

[2026-04-19T15:10:21.389] [DEBUG] debug-file - Ark compile task finished.finished time is 11635250764800
[2026-04-19T15:10:21.389] [DEBUG] debug-file - worker[4] has one work done.
[2026-04-19T15:10:21.390] [DEBUG] debug-file - default@CompileArkTS work[2] done.
[2026-04-19T15:10:21.393] [INFO] debug-file - Finished :entry:default@CompileArkTS... after 1 s 482 ms 
[2026-04-19T15:10:21.394] [DEBUG] debug-file - Executing task :entry:default@GeneratePkgModuleJson
[2026-04-19T15:10:21.394] [DEBUG] debug-file - File: 'E:\application\DevEcoStudioProjects\MyApplication\entry\build\default\intermediates\preload\default\preload.json' from 'preloadSoJsonPath' is not exists, just ignore.
[2026-04-19T15:10:21.394] [DEBUG] debug-file - Error occurs while handling @Input 'shouldDeduplicateHar': The "data" argument must be of type string or an instance of Buffer, TypedArray, or DataView. Received undefined
[2026-04-19T15:10:21.394] [DEBUG] debug-file - Task 'entry:default@GeneratePkgModuleJson' cost while wrapping incremental declarations: 1 ms 
[2026-04-19T15:10:21.395] [DEBUG] debug-file - Incremental task entry:default@GeneratePkgModuleJson pre-execution cost: 1 ms .
[2026-04-19T15:10:21.395] [DEBUG] debug-file - entry : default@GeneratePkgModuleJson cost memory 0.10149383544921875
[2026-04-19T15:10:21.396] [INFO] debug-file - UP-TO-DATE :entry:default@GeneratePkgModuleJson...  
[2026-04-19T15:10:21.396] [DEBUG] debug-file - Executing task :entry:default@ProcessCompiledResources
[2026-04-19T15:10:21.396] [DEBUG] debug-file - File: 'E:\application\DevEcoStudioProjects\MyApplication\entry\build\default\intermediates\preload\default\preload.json' from 'preloadSoJsonPath' is not exists, just ignore.
[2026-04-19T15:10:21.396] [DEBUG] debug-file - Task 'entry:default@ProcessCompiledResources' cost while wrapping incremental declarations: 1 ms 
[2026-04-19T15:10:21.397] [DEBUG] debug-file - entry : default@ProcessCompiledResources cost memory 0.05916595458984375
[2026-04-19T15:10:21.397] [DEBUG] debug-file - runTaskFromQueue task cost before running: 1 s 766 ms 
[2026-04-19T15:10:21.397] [INFO] debug-file - Finished :entry:default@ProcessCompiledResources... after 1 ms 
[2026-04-19T15:10:21.399] [DEBUG] debug-file - Executing task :entry:default@PackageHap
[2026-04-19T15:10:21.408] [DEBUG] debug-file - entry:default@PackageHap is not up-to-date, since the input file 'E:\application\DevEcoStudioProjects\MyApplication\entry\build\default\intermediates\loader_out\default\ets' has been changed.
[2026-04-19T15:10:21.408] [DEBUG] debug-file - Incremental task entry:default@PackageHap pre-execution cost: 8 ms .
[2026-04-19T15:10:21.409] [DEBUG] debug-file - Use tool [E:\application\DevEco Studio\sdk\default\openharmony\toolchains\lib\app_packing_tool.jar]
 [
  'java',
  '-Dfile.encoding=GBK',
  '-jar',
  'E:\\application\\DevEco Studio\\sdk\\default\\openharmony\\toolchains\\lib\\app_packing_tool.jar',
  '--mode',
  'hap',
  '--force',
  'true',
  '--lib-path',
  'E:\\application\\DevEcoStudioProjects\\MyApplication\\entry\\build\\default\\intermediates\\stripped_native_libs\\default',
  '--json-path',
  'E:\\application\\DevEcoStudioProjects\\MyApplication\\entry\\build\\default\\intermediates\\package\\default\\module.json',
  '--resources-path',
  'E:\\application\\DevEcoStudioProjects\\MyApplication\\entry\\build\\default\\intermediates\\res\\default\\resources',
  '--index-path',
  'E:\\application\\DevEcoStudioProjects\\MyApplication\\entry\\build\\default\\intermediates\\res\\default\\resources.index',
  '--pack-info-path',
  'E:\\application\\DevEcoStudioProjects\\MyApplication\\entry\\build\\default\\outputs\\default\\pack.info',
  '--out-path',
  'E:\\application\\DevEcoStudioProjects\\MyApplication\\entry\\build\\default\\outputs\\default\\entry-default-unsigned.hap',
  '--ets-path',
  'E:\\application\\DevEcoStudioProjects\\MyApplication\\entry\\build\\default\\intermediates\\loader_out\\default\\ets',
  '--pkg-context-path',
  'E:\\application\\DevEcoStudioProjects\\MyApplication\\entry\\build\\default\\intermediates\\loader\\default\\pkgContextInfo.json'
]
[2026-04-19T15:10:21.457] [DEBUG] debug-file - java daemon socket received message:{"code":0,"message":"pack success"}
[2026-04-19T15:10:21.460] [DEBUG] debug-file - entry : default@PackageHap cost memory -1.1612167358398438
[2026-04-19T15:10:21.461] [DEBUG] debug-file - runTaskFromQueue task cost before running: 1 s 829 ms 
[2026-04-19T15:10:21.462] [INFO] debug-file - Finished :entry:default@PackageHap... after 62 ms 
[2026-04-19T15:10:21.463] [DEBUG] debug-file - Executing task :entry:default@PackingCheck
[2026-04-19T15:10:21.469] [DEBUG] debug-file - entry : default@PackingCheck cost memory 0.31717681884765625
[2026-04-19T15:10:21.470] [DEBUG] debug-file - runTaskFromQueue task cost before running: 1 s 838 ms 
[2026-04-19T15:10:21.470] [INFO] debug-file - Finished :entry:default@PackingCheck... after 7 ms 
[2026-04-19T15:10:21.471] [DEBUG] debug-file - Executing task :entry:default@SignHap
[2026-04-19T15:10:21.473] [DEBUG] debug-file - entry:default@SignHap is not up-to-date, since the input file 'E:\application\DevEcoStudioProjects\MyApplication\entry\build\default\outputs\default\entry-default-unsigned.hap' has been changed.
[2026-04-19T15:10:21.473] [DEBUG] debug-file - Incremental task entry:default@SignHap pre-execution cost: 2 ms .
[2026-04-19T15:10:21.489] [DEBUG] debug-file - java daemon socket close code:1000 reason:close by user
[2026-04-19T15:10:21.507] [DEBUG] debug-file - java daemon socket received message:{"code":0,"message":"verify profile success"}
[2026-04-19T15:10:21.512] [DEBUG] debug-file - java daemon socket close code:1000 reason:close by user
[2026-04-19T15:10:21.653] [DEBUG] debug-file - java daemon socket received message:{"code":0,"message":"sign app success"}
[2026-04-19T15:10:21.655] [DEBUG] debug-file - entry : default@SignHap cost memory 0.532318115234375
[2026-04-19T15:10:21.655] [DEBUG] debug-file - runTaskFromQueue task cost before running: 2 s 24 ms 
[2026-04-19T15:10:21.656] [INFO] debug-file - Finished :entry:default@SignHap... after 184 ms 
[2026-04-19T15:10:21.658] [DEBUG] debug-file - Executing task :entry:default@CollectDebugSymbol
[2026-04-19T15:10:21.659] [DEBUG] debug-file - entry : default@CollectDebugSymbol cost memory 0.09320831298828125
[2026-04-19T15:10:21.660] [DEBUG] debug-file - runTaskFromQueue task cost before running: 2 s 28 ms 
[2026-04-19T15:10:21.660] [INFO] debug-file - Finished :entry:default@CollectDebugSymbol... after 1 ms 
[2026-04-19T15:10:21.660] [DEBUG] debug-file - Executing task :entry:assembleHap
[2026-04-19T15:10:21.660] [DEBUG] debug-file - entry : assembleHap cost memory 0.0126800537109375
[2026-04-19T15:10:21.660] [DEBUG] debug-file - runTaskFromQueue task cost before running: 2 s 29 ms 
[2026-04-19T15:10:21.660] [INFO] debug-file - Finished :entry:assembleHap... after 1 ms 
[2026-04-19T15:10:21.670] [INFO] debug-file - BUILD SUCCESSFUL in 2 s 39 ms 
[2026-04-19T15:10:21.671] [DEBUG] debug-file - There is no need to refresh cache, since the incremental task entry:default@PreBuild is up-to-date.
[2026-04-19T15:10:21.671] [DEBUG] debug-file - Update task entry:default@CreateModuleInfo output file:E:\application\DevEcoStudioProjects\MyApplication\entry\build\default\generated\profile\default\ModuleInfo.ts cache.
[2026-04-19T15:10:21.672] [DEBUG] debug-file - Incremental task entry:default@CreateModuleInfo post-execution cost:1 ms .
[2026-04-19T15:10:21.672] [DEBUG] debug-file - There is no need to refresh cache, since the incremental task entry:default@GenerateMetadata is up-to-date.
[2026-04-19T15:10:21.672] [DEBUG] debug-file - There is no need to refresh cache, since the incremental task entry:default@MergeProfile is up-to-date.
[2026-04-19T15:10:21.672] [DEBUG] debug-file - There is no need to refresh cache, since the incremental task entry:default@CreateBuildProfile is up-to-date.
[2026-04-19T15:10:21.672] [DEBUG] debug-file - There is no need to refresh cache, since the incremental task entry:default@GeneratePkgContextInfo is up-to-date.
[2026-04-19T15:10:21.672] [DEBUG] debug-file - Update task entry:default@ProcessIntegratedHsp output file:E:\application\DevEcoStudioProjects\MyApplication\build\cache\default\integrated_hsp\integratedHspCache.json cache.
[2026-04-19T15:10:21.673] [DEBUG] debug-file - Incremental task entry:default@ProcessIntegratedHsp post-execution cost:1 ms .
[2026-04-19T15:10:21.673] [DEBUG] debug-file - There is no need to refresh cache, since the incremental task entry:default@MakePackInfo is up-to-date.
[2026-04-19T15:10:21.673] [DEBUG] debug-file - Update task entry:default@SyscapTransform input file:E:\application\DevEco Studio\sdk\default\openharmony\toolchains\syscap_tool.exe cache by regenerate.
[2026-04-19T15:10:21.673] [DEBUG] debug-file - Update task entry:default@SyscapTransform input file:E:\application\DevEco Studio\sdk\default\openharmony\ets\api\device-define cache by regenerate.
[2026-04-19T15:10:21.675] [DEBUG] debug-file - Update task entry:default@SyscapTransform output file:E:\application\DevEcoStudioProjects\MyApplication\entry\build\default\intermediates\syscap\default\rpcid.sc cache.
[2026-04-19T15:10:21.675] [DEBUG] debug-file - Incremental task entry:default@SyscapTransform post-execution cost:3 ms .
[2026-04-19T15:10:21.675] [DEBUG] debug-file - There is no need to refresh cache, since the incremental task entry:default@ProcessProfile is up-to-date.
[2026-04-19T15:10:21.675] [DEBUG] debug-file - There is no need to refresh cache, since the incremental task entry:default@ProcessRouterMap is up-to-date.
[2026-04-19T15:10:21.675] [DEBUG] debug-file - There is no need to refresh cache, since the incremental task entry:default@ProcessShareConfig is up-to-date.
[2026-04-19T15:10:21.675] [DEBUG] debug-file - Update task entry:default@ProcessStartupConfig input file:E:\application\DevEcoStudioProjects\MyApplication\entry\build\default\intermediates\loader\default\pkgContextInfo.json cache by regenerate.
[2026-04-19T15:10:21.676] [DEBUG] debug-file - Update task entry:default@ProcessStartupConfig output file:E:\application\DevEcoStudioProjects\MyApplication\entry\build\default\intermediates\startup\default\startup_config.json cache.
[2026-04-19T15:10:21.676] [DEBUG] debug-file - Incremental task entry:default@ProcessStartupConfig post-execution cost:1 ms .
[2026-04-19T15:10:21.676] [DEBUG] debug-file - There is no need to refresh cache, since the incremental task entry:default@ProcessResource is up-to-date.
[2026-04-19T15:10:21.676] [DEBUG] debug-file - There is no need to refresh cache, since the incremental task entry:default@GenerateLoaderJson is up-to-date.
[2026-04-19T15:10:21.676] [DEBUG] debug-file - There is no need to refresh cache, since the incremental task entry:default@ProcessLibs is up-to-date.
[2026-04-19T15:10:21.676] [DEBUG] debug-file - There is no need to refresh cache, since the incremental task entry:default@CompileResource is up-to-date.
[2026-04-19T15:10:21.676] [DEBUG] debug-file - There is no need to refresh cache, since the incremental task entry:default@DoNativeStrip is up-to-date.
[2026-04-19T15:10:21.678] [DEBUG] debug-file - Update task entry:default@CompileArkTS input file:E:\application\DevEcoStudioProjects\MyApplication\entry\build\default\intermediates\loader\default cache by regenerate.
[2026-04-19T15:10:21.679] [DEBUG] debug-file - Update task entry:default@CompileArkTS input file:E:\application\DevEcoStudioProjects\MyApplication\entry\build\default\intermediates\res\default\resources\rawfile cache by regenerate.
[2026-04-19T15:10:21.679] [DEBUG] debug-file - Update task entry:default@CompileArkTS input file:E:\application\DevEcoStudioProjects\MyApplication\entry\build\default\intermediates\res\default\ResourceTable.txt cache by regenerate.
[2026-04-19T15:10:21.679] [DEBUG] debug-file - Update task entry:default@CompileArkTS input file:E:\application\DevEcoStudioProjects\MyApplication\entry\build\default\intermediates\res\default\ark_module.json cache by regenerate.
[2026-04-19T15:10:21.679] [DEBUG] debug-file - Update task entry:default@CompileArkTS input file:E:\application\DevEcoStudioProjects\MyApplication\entry\build\default\intermediates\res\default\resources\base\profile cache by regenerate.
[2026-04-19T15:10:21.680] [DEBUG] debug-file - Update task entry:default@CompileArkTS input file:E:\application\DevEcoStudioProjects\MyApplication\entry\src\main\ets cache from map.
[2026-04-19T15:10:21.680] [DEBUG] debug-file - Update task entry:default@CompileArkTS input file:E:\application\DevEcoStudioProjects\MyApplication\entry\build\default\intermediates\loader\default\pkgContextInfo.json cache by regenerate.
[2026-04-19T15:10:21.680] [DEBUG] debug-file - Update task entry:default@CompileArkTS input file:E:\application\DevEcoStudioProjects\MyApplication\entry\build\default\generated\profile\default\BuildProfile.ets cache by regenerate.
[2026-04-19T15:10:21.681] [DEBUG] debug-file - Update task entry:default@CompileArkTS input file:E:\application\DevEcoStudioProjects\MyApplication\entry\src\mock\mock-config.json5 cache by regenerate.
[2026-04-19T15:10:21.681] [DEBUG] debug-file - Update task entry:default@CompileArkTS output file:E:\application\DevEcoStudioProjects\MyApplication\entry\build\default\intermediates\loader_out\default\ets cache.
[2026-04-19T15:10:21.682] [DEBUG] debug-file - Incremental task entry:default@CompileArkTS post-execution cost:6 ms .
[2026-04-19T15:10:21.684] [DEBUG] debug-file - Update task entry:default@BuildJS input file:E:\application\DevEcoStudioProjects\MyApplication\entry\build\default\intermediates\loader\default cache by regenerate.
[2026-04-19T15:10:21.685] [DEBUG] debug-file - Update task entry:default@BuildJS input file:E:\application\DevEcoStudioProjects\MyApplication\entry\build\default\intermediates\res\default\resources\rawfile cache by regenerate.
[2026-04-19T15:10:21.687] [DEBUG] debug-file - Update task entry:default@BuildJS input file:E:\application\DevEcoStudioProjects\MyApplication\entry\build\default\intermediates\res\default\ResourceTable.txt cache by regenerate.
[2026-04-19T15:10:21.687] [DEBUG] debug-file - Update task entry:default@BuildJS input file:E:\application\DevEcoStudioProjects\MyApplication\entry\build\default\intermediates\res\default\ark_module.json cache by regenerate.
[2026-04-19T15:10:21.687] [DEBUG] debug-file - Update task entry:default@BuildJS input file:E:\application\DevEcoStudioProjects\MyApplication\entry\build\default\intermediates\res\default\resources\base\profile cache by regenerate.
[2026-04-19T15:10:21.688] [DEBUG] debug-file - Update task entry:default@BuildJS input file:E:\application\DevEcoStudioProjects\MyApplication\entry\build\default\intermediates\loader\default\pkgContextInfo.json cache by regenerate.
[2026-04-19T15:10:21.689] [DEBUG] debug-file - Update task entry:default@BuildJS output file:E:\application\DevEcoStudioProjects\MyApplication\entry\build\default\intermediates\loader_out\default\js cache.
[2026-04-19T15:10:21.689] [DEBUG] debug-file - Incremental task entry:default@BuildJS post-execution cost:8 ms .
[2026-04-19T15:10:21.689] [DEBUG] debug-file - There is no need to refresh cache, since the incremental task entry:default@CacheNativeLibs is up-to-date.
[2026-04-19T15:10:21.689] [DEBUG] debug-file - There is no need to refresh cache, since the incremental task entry:default@GeneratePkgModuleJson is up-to-date.
[2026-04-19T15:10:21.689] [DEBUG] debug-file - Incremental task entry:default@ProcessCompiledResources post-execution cost:1 ms .
[2026-04-19T15:10:21.690] [DEBUG] debug-file - Update task entry:default@PackageHap input file:E:\application\DevEcoStudioProjects\MyApplication\entry\build\default\intermediates\stripped_native_libs\default cache by regenerate.
[2026-04-19T15:10:21.690] [DEBUG] debug-file - Update task entry:default@PackageHap input file:E:\application\DevEcoStudioProjects\MyApplication\entry\build\default\intermediates\res\default\module.json cache by regenerate.
[2026-04-19T15:10:21.691] [DEBUG] debug-file - Update task entry:default@PackageHap input file:E:\application\DevEcoStudioProjects\MyApplication\entry\build\default\intermediates\res\default\resources cache by regenerate.
[2026-04-19T15:10:21.693] [DEBUG] debug-file - Update task entry:default@PackageHap input file:E:\application\DevEcoStudioProjects\MyApplication\entry\build\default\intermediates\res\default\resources.index cache by regenerate.
[2026-04-19T15:10:21.693] [DEBUG] debug-file - Update task entry:default@PackageHap input file:E:\application\DevEcoStudioProjects\MyApplication\entry\build\default\outputs\default\pack.info cache by regenerate.
[2026-04-19T15:10:21.693] [DEBUG] debug-file - Update task entry:default@PackageHap input file:E:\application\DevEcoStudioProjects\MyApplication\entry\build\default\intermediates\loader_out\default\ets cache from map.
[2026-04-19T15:10:21.694] [DEBUG] debug-file - Update task entry:default@PackageHap input file:E:\application\DevEcoStudioProjects\MyApplication\entry\build\default\intermediates\loader\default\pkgContextInfo.json cache by regenerate.
[2026-04-19T15:10:21.694] [DEBUG] debug-file - Update task entry:default@PackageHap input file:E:\application\DevEcoStudioProjects\MyApplication\entry\build\default\intermediates\loader_out\default\ets\sourceMaps.map cache by regenerate.
[2026-04-19T15:10:21.694] [DEBUG] debug-file - Update task entry:default@PackageHap input file:E:\application\DevEcoStudioProjects\MyApplication\entry\build\default\generated\profile\default\BuildProfile.ets cache by regenerate.
[2026-04-19T15:10:21.694] [DEBUG] debug-file - Update task entry:default@PackageHap output file:E:\application\DevEcoStudioProjects\MyApplication\entry\build\default\outputs\default\entry-default-unsigned.hap cache.
[2026-04-19T15:10:21.695] [DEBUG] debug-file - Update task entry:default@PackageHap output file:E:\application\DevEcoStudioProjects\MyApplication\entry\build\default\intermediates\source_map\default\sourceMaps.map cache.
[2026-04-19T15:10:21.695] [DEBUG] debug-file - Update task entry:default@PackageHap output file:E:\application\DevEcoStudioProjects\MyApplication\entry\build\default\outputs\default\mapping\sourceMaps.map cache.
[2026-04-19T15:10:21.695] [DEBUG] debug-file - Incremental task entry:default@PackageHap post-execution cost:6 ms .
[2026-04-19T15:10:21.696] [DEBUG] debug-file - Update task entry:default@SignHap input file:C:\Users\jeremy\.ohos\config\default_MyApplication_Thr90GYvKW5Kq6vrUTl5jOZ4hWpT6CDZekCtJa4CR7k=.cer cache by regenerate.
[2026-04-19T15:10:21.696] [DEBUG] debug-file - Update task entry:default@SignHap input file:C:\Users\jeremy\.ohos\config\default_MyApplication_Thr90GYvKW5Kq6vrUTl5jOZ4hWpT6CDZekCtJa4CR7k=.p7b cache by regenerate.
[2026-04-19T15:10:21.696] [DEBUG] debug-file - Update task entry:default@SignHap input file:C:\Users\jeremy\.ohos\config\default_MyApplication_Thr90GYvKW5Kq6vrUTl5jOZ4hWpT6CDZekCtJa4CR7k=.p12 cache by regenerate.
[2026-04-19T15:10:21.696] [DEBUG] debug-file - Update task entry:default@SignHap input file:E:\application\DevEcoStudioProjects\MyApplication\entry\build\default\outputs\default\entry-default-unsigned.hap cache from map.
[2026-04-19T15:10:21.696] [DEBUG] debug-file - Update task entry:default@SignHap output file:E:\application\DevEcoStudioProjects\MyApplication\entry\build\default\outputs\default\entry-default-signed.hap cache.
[2026-04-19T15:10:21.696] [DEBUG] debug-file - Incremental task entry:default@SignHap post-execution cost:2 ms .
[2026-04-19T15:10:21.697] [DEBUG] debug-file - Update task entry:default@CollectDebugSymbol input file:E:\application\DevEcoStudioProjects\MyApplication\entry\build\default\intermediates\loader_out\default\ets\sourceMaps.map cache by regenerate.
[2026-04-19T15:10:21.697] [DEBUG] debug-file - Update task entry:default@CollectDebugSymbol input file:E:\application\DevEcoStudioProjects\MyApplication\entry\build\default\intermediates\libs\default cache by regenerate.
[2026-04-19T15:10:21.697] [DEBUG] debug-file - Update task entry:default@CollectDebugSymbol output file:E:\application\DevEcoStudioProjects\MyApplication\entry\build\default\outputs\default\symbol cache.
[2026-04-19T15:10:21.698] [DEBUG] debug-file - Incremental task entry:default@CollectDebugSymbol post-execution cost:2 ms .
[2026-04-19T15:10:21.728] [DEBUG] debug-file - hvigor build process will be closed.
[2026-04-19T15:10:21.728] [DEBUG] debug-file - java daemon socket close code:1000 reason:close by user
[2026-04-19T15:10:21.738] [DEBUG] debug-file - session manager: send message to worker process.
[2026-04-19T15:10:21.739] [DEBUG] debug-file - session manager: send message to worker process.
[2026-04-19T15:10:21.739] [DEBUG] debug-file - watch worker: worker id should be larger than 0. Nothing will be sent to any worker thread.
[2026-04-19T15:10:21.740] [DEBUG] debug-file - watch worker: worker id should be larger than 0. Nothing will be sent to any worker thread.
[2026-04-21T13:26:38.494] [DEBUG] debug-file - env: nodejsVersion=v18.20.1
[2026-04-21T13:26:38.560] [DEBUG] debug-file - env: daemon=true
[2026-04-21T13:26:38.495] [DEBUG] debug-file - env: hvigor-config.json5 content = {
  modelVersion: '6.0.2',
  dependencies: {},
  execution: {},
  logging: {},
  debugging: {},
  nodeOptions: {}
}
[2026-04-21T13:26:39.708] [DEBUG] debug-file - java daemon tryConnect failed Error: connect ECONNREFUSED 127.0.0.1:45050
[2026-04-21T13:26:39.780] [DEBUG] debug-file - java daemon started at port 45050 pid 7716
[2026-04-21T13:26:39.826] [DEBUG] debug-file - session manager: set active socket. socketId=4FxvxBvP6W-aGh5jAAAB
[2026-04-21T13:26:40.933] [DEBUG] debug-file - watch worker: worker id should be larger than 0. Nothing will be sent to any worker thread.
[2026-04-21T13:26:40.941] [DEBUG] debug-file - Since there is no instance or instance is terminated, create a new worker pool.
[2026-04-21T13:26:40.941] [DEBUG] debug-file - Worker pool is initialized with config:  {
  minPoolNum: 2,
  maxPoolNum: undefined,
  maxCoreSize: undefined,
  cacheCapacity: undefined,
  cacheTtl: undefined
}
[2026-04-21T13:26:40.943] [DEBUG] debug-file - Create  resident worker with id: 0.
[2026-04-21T13:26:40.945] [DEBUG] debug-file - Create  resident worker with id: 1.
[2026-04-21T13:26:40.948] [DEBUG] debug-file - Workers' log level updated to INFO
[2026-04-21T13:26:40.963] [DEBUG] debug-file - Hvigor init with startParameters:{
  hvigorfileTypeCheck: false,
  parallelExecution: true,
  incrementalExecution: true,
  printStackTrace: false,
  daemon: true,
  analyze: 0,
  logLevel: Level { level: 20000, levelStr: 'INFO', colour: 'green' },
  optimizationStrategy: 'memory',
  hotCompile: undefined,
  hotReloadBuild: undefined,
  customizedParam: undefined
}
[2026-04-21T13:26:40.977] [DEBUG] debug-file - Since current hvigor version 6.23.5 differs from last hvigor version 
      6.22.4, delete file-cache.json and task-cache.json.
[2026-04-21T13:26:40.980] [DEBUG] debug-file - Cache service initialization finished in 17 ms 
[2026-04-21T13:26:40.985] [DEBUG] debug-file - hvigorfile, resolving E:\application\DevEcoStudioProjects\MyApplication\hvigorfile.ts
[2026-04-21T13:26:44.083] [DEBUG] debug-file - hvigorfile, require result:  { default: { plugins: [] } }
[2026-04-21T13:26:44.084] [DEBUG] debug-file - hvigorfile, binding system plugins null
[2026-04-21T13:26:44.085] [DEBUG] debug-file - Starting plugin build process
[2026-04-21T13:26:44.085] [DEBUG] debug-file - App plugin prepare start...
[2026-04-21T13:26:44.085] [DEBUG] debug-file - App plugin prepare end...
[2026-04-21T13:26:44.085] [DEBUG] debug-file - App plugin creating...
[2026-04-21T13:26:44.336] [DEBUG] debug-file - App plugin register hook start...
[2026-04-21T13:26:44.337] [DEBUG] debug-file - App plugin register hook end...
[2026-04-21T13:26:44.337] [DEBUG] debug-file - Plugin build process completed
[2026-04-21T13:26:44.339] [DEBUG] debug-file - Start initialize project's product build option map with build mode debug.
[2026-04-21T13:26:44.340] [DEBUG] debug-file - Picking option from product 'default' with build mode 'debug'.
[2026-04-21T13:26:44.341] [DEBUG] debug-file - Product 'default' build option initialized
[2026-04-21T13:26:44.341] [DEBUG] debug-file - End initialize project's product build option map with build mode 'debug'.
[2026-04-21T13:26:44.349] [DEBUG] debug-file - Obtain build option for product 'default'in this build.
[2026-04-21T13:26:44.363] [DEBUG] debug-file - E:\application\DevEcoStudioProjects\MyApplication\build\cache\default\remote_hsp\remoteHspCache.json not exists.
[2026-04-21T13:26:44.367] [DEBUG] debug-file - Local scan or download HarmonyOS sdk components toolchains,ets,js,native,previewer
[2026-04-21T13:26:44.371] [DEBUG] debug-file - Local scan or download hmscore sdk components toolchains,ets,native
[2026-04-21T13:26:44.373] [DEBUG] debug-file - Start recording SDK configuration permission data.
[2026-04-21T13:26:44.420] [DEBUG] debug-file - Sdk init in 57 ms 
[2026-04-21T13:26:44.427] [DEBUG] debug-file - Project task initialization takes 6 ms 
[2026-04-21T13:26:44.428] [DEBUG] debug-file - hvigorfile, begin to bind custom plugins...
[2026-04-21T13:26:44.428] [DEBUG] debug-file - hvigorfile, no custom plugins were found in E:\application\DevEcoStudioProjects\MyApplication\hvigorfile.ts
[2026-04-21T13:26:44.428] [DEBUG] debug-file - hvigorfile, resolve finished E:\application\DevEcoStudioProjects\MyApplication\hvigorfile.ts
[2026-04-21T13:26:44.429] [DEBUG] debug-file - hvigorfile, resolving E:\application\DevEcoStudioProjects\MyApplication\entry\hvigorfile.ts
[2026-04-21T13:26:44.441] [DEBUG] debug-file - hvigorfile, require result:  { default: { plugins: [] } }
[2026-04-21T13:26:44.442] [DEBUG] debug-file - hvigorfile, binding system plugins null
[2026-04-21T13:26:44.442] [DEBUG] debug-file - Starting plugin build process
[2026-04-21T13:26:44.442] [DEBUG] debug-file - Hap plugin creating...
[2026-04-21T13:26:44.444] [DEBUG] debug-file - failed to load cangjie to dynamically generate schemas: Error: Cannot find module '@ohos/cangjie-build-support/index'
Require stack:
- E:\devecostudio-windows-6.1.0.830\DevEco Studio\tools\hvigor\hvigor-ohos-plugin\src\plugin\hooks\cangjie-register.js
- E:\devecostudio-windows-6.1.0.830\DevEco Studio\tools\hvigor\hvigor-ohos-plugin\src\plugin\strategy\stage-init-strategy.js
- E:\devecostudio-windows-6.1.0.830\DevEco Studio\tools\hvigor\hvigor-ohos-plugin\src\plugin\builder\abstract-plugin-builder.js
- E:\devecostudio-windows-6.1.0.830\DevEco Studio\tools\hvigor\hvigor-ohos-plugin\src\plugin\builder\app-plugin-builder.js
- E:\devecostudio-windows-6.1.0.830\DevEco Studio\tools\hvigor\hvigor-ohos-plugin\src\plugin\factory\plugin-factory.js
- E:\devecostudio-windows-6.1.0.830\DevEco Studio\tools\hvigor\hvigor-ohos-plugin\index.js
- E:\application\DevEcoStudioProjects\MyApplication\hvigorfile.ts
- E:\devecostudio-windows-6.1.0.830\DevEco Studio\tools\hvigor\hvigor\src\base\internal\lifecycle\configuration.js
- E:\devecostudio-windows-6.1.0.830\DevEco Studio\tools\hvigor\hvigor\src\base\boot\index.js
- E:\devecostudio-windows-6.1.0.830\DevEco Studio\tools\hvigor\hvigor\src\base\daemon\cluster\worker-process-lifecycle.js
- E:\devecostudio-windows-6.1.0.830\DevEco Studio\tools\hvigor\hvigor\src\base\daemon\process\daemon-process-boot-script.js
[2026-04-21T13:26:44.463] [DEBUG] debug-file - Start initialize module-target build option map, moduleName=entry, buildMode=debug
[2026-04-21T13:26:44.463] [DEBUG] debug-file - Target 'default' config initialized
[2026-04-21T13:26:44.464] [DEBUG] debug-file - Target 'ohosTest' config initialized
[2026-04-21T13:26:44.464] [DEBUG] debug-file - Module 'entry' target 'default' build option initialized
[2026-04-21T13:26:44.465] [DEBUG] debug-file - Module 'entry' target 'ohosTest' build option initialized
[2026-04-21T13:26:44.465] [DEBUG] debug-file - End initialize module-target build option map, moduleName=entry
[2026-04-21T13:26:44.465] [DEBUG] debug-file - Start initialize module-target build option map, moduleName=entry, buildMode=release
[2026-04-21T13:26:44.465] [DEBUG] debug-file - Target 'default' config initialized
[2026-04-21T13:26:44.466] [DEBUG] debug-file - Target 'ohosTest' config initialized
[2026-04-21T13:26:44.466] [DEBUG] debug-file - Module 'entry' target 'default' build option initialized
[2026-04-21T13:26:44.467] [DEBUG] debug-file - Module 'entry' target 'ohosTest' build option initialized
[2026-04-21T13:26:44.467] [DEBUG] debug-file - End initialize module-target build option map, moduleName=entry
[2026-04-21T13:26:44.467] [DEBUG] debug-file - Start initialize module-target build option map, moduleName=entry, buildMode=debug
[2026-04-21T13:26:44.467] [DEBUG] debug-file - Target 'default' config initialized
[2026-04-21T13:26:44.468] [DEBUG] debug-file - Target 'ohosTest' config initialized
[2026-04-21T13:26:44.468] [DEBUG] debug-file - Module 'entry' target 'default' build option initialized
[2026-04-21T13:26:44.468] [DEBUG] debug-file - Module 'entry' target 'ohosTest' build option initialized
[2026-04-21T13:26:44.468] [DEBUG] debug-file - End initialize module-target build option map, moduleName=entry
[2026-04-21T13:26:44.469] [DEBUG] debug-file - Obtain build option for module 'entry' target 'default'in this build.
[2026-04-21T13:26:44.476] [DEBUG] debug-file - Module entry task initialization takes 6 ms 
[2026-04-21T13:26:44.476] [DEBUG] debug-file - Hap plugin register hook start...
[2026-04-21T13:26:44.476] [DEBUG] debug-file - Hap plugin register hook end...
[2026-04-21T13:26:44.476] [DEBUG] debug-file - Plugin build process completed
[2026-04-21T13:26:44.476] [DEBUG] debug-file - hvigorfile, begin to bind custom plugins...
[2026-04-21T13:26:44.476] [DEBUG] debug-file - hvigorfile, no custom plugins were found in E:\application\DevEcoStudioProjects\MyApplication\entry\hvigorfile.ts
[2026-04-21T13:26:44.476] [DEBUG] debug-file - hvigorfile, resolve finished E:\application\DevEcoStudioProjects\MyApplication\entry\hvigorfile.ts
[2026-04-21T13:26:44.506] [DEBUG] debug-file - hvigorfile, resolve hvigorfile dependencies in 29 ms 
[2026-04-21T13:26:44.506] [DEBUG] debug-file - project has submodules:entry
[2026-04-21T13:26:44.509] [DEBUG] debug-file - start to load updatedOhPackageInfo to the disk
[2026-04-21T13:26:44.528] [DEBUG] debug-file - load to the disk finished
[2026-04-21T13:26:44.529] [DEBUG] debug-file - Start to initialize dependency information.
[2026-04-21T13:26:44.577] [DEBUG] debug-file - Module MyApplication Collected Dependency: 
[2026-04-21T13:26:44.577] [DEBUG] debug-file - Module MyApplication's total dependency: 0
[2026-04-21T13:26:44.579] [DEBUG] debug-file - Start to initialize dependency information.
[2026-04-21T13:26:44.582] [DEBUG] debug-file - Module entry Collected Dependency: 
[2026-04-21T13:26:44.582] [DEBUG] debug-file - Module entry's total dependency: 0
[2026-04-21T13:26:44.597] [DEBUG] debug-file - Configuration phase cost:3 s 617 ms 
[2026-04-21T13:26:44.601] [DEBUG] debug-file - Configuration task cost before running: 3 s 651 ms 
[2026-04-21T13:26:44.602] [DEBUG] debug-file - Executing task :entry:clean
[2026-04-21T13:26:44.602] [DEBUG] debug-file - clean: Worker pool is inactive.
[2026-04-21T13:26:44.686] [DEBUG] debug-file - entry : clean cost memory 2.022857666015625
[2026-04-21T13:26:44.686] [DEBUG] debug-file - runTaskFromQueue task cost before running: 3 s 736 ms 
[2026-04-21T13:26:44.687] [INFO] debug-file - Finished :entry:clean... after 85 ms 
[2026-04-21T13:26:44.687] [DEBUG] debug-file - Executing task ::clean
[2026-04-21T13:26:44.687] [DEBUG] debug-file - clean: Worker pool is inactive.
[2026-04-21T13:26:44.688] [DEBUG] debug-file - MyApplication : clean cost memory 0.026519775390625
[2026-04-21T13:26:44.688] [DEBUG] debug-file - runTaskFromQueue task cost before running: 3 s 737 ms 
[2026-04-21T13:26:44.688] [INFO] debug-file - Finished ::clean... after 1 ms 
[2026-04-21T13:26:44.688] [DEBUG] debug-file - Executing task :entry:init
[2026-04-21T13:26:44.688] [DEBUG] debug-file - entry : init cost memory 0.014923095703125
[2026-04-21T13:26:44.688] [DEBUG] debug-file - runTaskFromQueue task cost before running: 3 s 738 ms 
[2026-04-21T13:26:44.689] [INFO] debug-file - Finished :entry:init... after 1 ms 
[2026-04-21T13:26:44.689] [DEBUG] debug-file - Executing task ::init
[2026-04-21T13:26:44.689] [DEBUG] debug-file - MyApplication : init cost memory 0.01416015625
[2026-04-21T13:26:44.689] [DEBUG] debug-file - runTaskFromQueue task cost before running: 3 s 739 ms 
[2026-04-21T13:26:44.689] [INFO] debug-file - Finished ::init... after 1 ms 
[2026-04-21T13:26:44.701] [DEBUG] debug-file - Obtain build option for module 'entry' target 'default'in this build.
[2026-04-21T13:26:44.702] [DEBUG] debug-file - Obtain build option for module 'entry' target 'ohosTest'in this build.
[2026-04-21T13:26:44.711] [DEBUG] debug-file - Cleanup worker 0.
[2026-04-21T13:26:44.711] [DEBUG] debug-file - Worker 0 has been cleaned up.
[2026-04-21T13:26:44.712] [DEBUG] debug-file - Current idle worker size: 1.
[2026-04-21T13:26:44.712] [DEBUG] debug-file - Current resident worker size: 2.
[2026-04-21T13:26:44.712] [DEBUG] debug-file - Cleanup worker 1.
[2026-04-21T13:26:44.712] [DEBUG] debug-file - Worker 1 has been cleaned up.
[2026-04-21T13:26:44.712] [DEBUG] debug-file - Current idle worker size: 0.
[2026-04-21T13:26:44.712] [DEBUG] debug-file - Current resident worker size: 2.
[2026-04-21T13:26:44.714] [DEBUG] debug-file - session manager: send message to worker process.
[2026-04-21T13:26:44.715] [DEBUG] debug-file - session manager: send message to worker process.
[2026-04-21T13:26:44.715] [DEBUG] debug-file - hvigor build process will be closed.
[2026-04-21T13:26:44.730] [DEBUG] debug-file - watch worker: worker id should be larger than 0. Nothing will be sent to any worker thread.
[2026-04-21T13:26:44.730] [DEBUG] debug-file - watch worker: worker id should be larger than 0. Nothing will be sent to any worker thread.
[2026-04-21T13:26:44.731] [DEBUG] debug-file - worker[0] exits with exit code 1.
[2026-04-21T13:26:44.732] [DEBUG] debug-file - worker[1] exits with exit code 1.
[2026-04-21T13:53:06.742] [DEBUG] debug-file - session manager: set active socket. socketId=1LTFZVpOl0415bAGAAAD
[2026-04-21T13:53:06.765] [DEBUG] debug-file - watch worker: worker id should be larger than 0. Nothing will be sent to any worker thread.
[2026-04-21T13:53:06.771] [DEBUG] debug-file - Workers' log level updated to INFO
[2026-04-21T13:53:06.779] [DEBUG] debug-file - Hvigor init with startParameters:{
  hvigorfileTypeCheck: false,
  parallelExecution: true,
  incrementalExecution: true,
  printStackTrace: false,
  daemon: true,
  analyze: 0,
  logLevel: Level { level: 20000, levelStr: 'INFO', colour: 'green' },
  optimizationStrategy: 'memory',
  hotCompile: undefined,
  hotReloadBuild: undefined,
  customizedParam: undefined
}
[2026-04-21T13:53:06.780] [DEBUG] debug-file - Cache service initialization finished in 1 ms 
[2026-04-21T13:53:06.782] [DEBUG] debug-file - hvigorfile, resolving E:\application\DevEcoStudioProjects\MyApplication\hvigorfile.ts
[2026-04-21T13:53:06.788] [DEBUG] debug-file - hvigorfile, require result:  { default: { plugins: [] } }
[2026-04-21T13:53:06.788] [DEBUG] debug-file - hvigorfile, binding system plugins null
[2026-04-21T13:53:06.789] [DEBUG] debug-file - Starting plugin build process
[2026-04-21T13:53:06.789] [DEBUG] debug-file - App plugin prepare start...
[2026-04-21T13:53:06.789] [DEBUG] debug-file - App plugin prepare end...
[2026-04-21T13:53:06.790] [DEBUG] debug-file - App plugin creating...
[2026-04-21T13:53:06.800] [DEBUG] debug-file - App plugin register hook start...
[2026-04-21T13:53:06.800] [DEBUG] debug-file - App plugin register hook end...
[2026-04-21T13:53:06.800] [DEBUG] debug-file - Plugin build process completed
[2026-04-21T13:53:06.800] [DEBUG] debug-file - Start initialize project's product build option map with build mode debug.
[2026-04-21T13:53:06.800] [DEBUG] debug-file - Picking option from product 'default' with build mode 'debug'.
[2026-04-21T13:53:06.800] [DEBUG] debug-file - Product 'default' build option initialized
[2026-04-21T13:53:06.801] [DEBUG] debug-file - End initialize project's product build option map with build mode 'debug'.
[2026-04-21T13:53:06.801] [DEBUG] debug-file - Obtain build option for product 'default'in this build.
[2026-04-21T13:53:06.807] [DEBUG] debug-file - E:\application\DevEcoStudioProjects\MyApplication\build\cache\default\remote_hsp\remoteHspCache.json not exists.
[2026-04-21T13:53:06.813] [DEBUG] debug-file - Start recording SDK configuration permission data.
[2026-04-21T13:53:06.854] [DEBUG] debug-file - Sdk init in 46 ms 
[2026-04-21T13:53:06.863] [DEBUG] debug-file - Project task initialization takes 8 ms 
[2026-04-21T13:53:06.863] [DEBUG] debug-file - hvigorfile, begin to bind custom plugins...
[2026-04-21T13:53:06.863] [DEBUG] debug-file - hvigorfile, no custom plugins were found in E:\application\DevEcoStudioProjects\MyApplication\hvigorfile.ts
[2026-04-21T13:53:06.863] [DEBUG] debug-file - hvigorfile, resolve finished E:\application\DevEcoStudioProjects\MyApplication\hvigorfile.ts
[2026-04-21T13:53:06.864] [DEBUG] debug-file - hvigorfile, resolving E:\application\DevEcoStudioProjects\MyApplication\entry\hvigorfile.ts
[2026-04-21T13:53:06.869] [DEBUG] debug-file - hvigorfile, require result:  { default: { plugins: [] } }
[2026-04-21T13:53:06.869] [DEBUG] debug-file - hvigorfile, binding system plugins null
[2026-04-21T13:53:06.869] [DEBUG] debug-file - Starting plugin build process
[2026-04-21T13:53:06.869] [DEBUG] debug-file - Hap plugin creating...
[2026-04-21T13:53:06.871] [DEBUG] debug-file - failed to load cangjie to dynamically generate schemas: Error: Cannot find module '@ohos/cangjie-build-support/index'
Require stack:
- E:\devecostudio-windows-6.1.0.830\DevEco Studio\tools\hvigor\hvigor-ohos-plugin\src\plugin\hooks\cangjie-register.js
- E:\devecostudio-windows-6.1.0.830\DevEco Studio\tools\hvigor\hvigor-ohos-plugin\src\plugin\strategy\stage-init-strategy.js
- E:\devecostudio-windows-6.1.0.830\DevEco Studio\tools\hvigor\hvigor-ohos-plugin\src\plugin\builder\abstract-plugin-builder.js
- E:\devecostudio-windows-6.1.0.830\DevEco Studio\tools\hvigor\hvigor-ohos-plugin\src\plugin\builder\app-plugin-builder.js
- E:\devecostudio-windows-6.1.0.830\DevEco Studio\tools\hvigor\hvigor-ohos-plugin\src\plugin\factory\plugin-factory.js
- E:\devecostudio-windows-6.1.0.830\DevEco Studio\tools\hvigor\hvigor-ohos-plugin\index.js
- E:\application\DevEcoStudioProjects\MyApplication\hvigorfile.ts
- E:\devecostudio-windows-6.1.0.830\DevEco Studio\tools\hvigor\hvigor\src\base\internal\lifecycle\configuration.js
- E:\devecostudio-windows-6.1.0.830\DevEco Studio\tools\hvigor\hvigor\src\base\boot\index.js
- E:\devecostudio-windows-6.1.0.830\DevEco Studio\tools\hvigor\hvigor\src\base\daemon\cluster\worker-process-lifecycle.js
- E:\devecostudio-windows-6.1.0.830\DevEco Studio\tools\hvigor\hvigor\src\base\daemon\process\daemon-process-boot-script.js
[2026-04-21T13:53:06.877] [DEBUG] debug-file - Start initialize module-target build option map, moduleName=entry, buildMode=debug
[2026-04-21T13:53:06.877] [DEBUG] debug-file - Target 'default' config initialized
[2026-04-21T13:53:06.877] [DEBUG] debug-file - Target 'ohosTest' config initialized
[2026-04-21T13:53:06.877] [DEBUG] debug-file - Module 'entry' target 'default' build option initialized
[2026-04-21T13:53:06.877] [DEBUG] debug-file - Module 'entry' target 'ohosTest' build option initialized
[2026-04-21T13:53:06.878] [DEBUG] debug-file - End initialize module-target build option map, moduleName=entry
[2026-04-21T13:53:06.878] [DEBUG] debug-file - Start initialize module-target build option map, moduleName=entry, buildMode=release
[2026-04-21T13:53:06.878] [DEBUG] debug-file - Target 'default' config initialized
[2026-04-21T13:53:06.878] [DEBUG] debug-file - Target 'ohosTest' config initialized
[2026-04-21T13:53:06.878] [DEBUG] debug-file - Module 'entry' target 'default' build option initialized
[2026-04-21T13:53:06.878] [DEBUG] debug-file - Module 'entry' target 'ohosTest' build option initialized
[2026-04-21T13:53:06.878] [DEBUG] debug-file - End initialize module-target build option map, moduleName=entry
[2026-04-21T13:53:06.879] [DEBUG] debug-file - Start initialize module-target build option map, moduleName=entry, buildMode=debug
[2026-04-21T13:53:06.879] [DEBUG] debug-file - Target 'default' config initialized
[2026-04-21T13:53:06.879] [DEBUG] debug-file - Target 'ohosTest' config initialized
[2026-04-21T13:53:06.879] [DEBUG] debug-file - Module 'entry' target 'default' build option initialized
[2026-04-21T13:53:06.879] [DEBUG] debug-file - Module 'entry' target 'ohosTest' build option initialized
[2026-04-21T13:53:06.879] [DEBUG] debug-file - End initialize module-target build option map, moduleName=entry
[2026-04-21T13:53:06.879] [DEBUG] debug-file - Obtain build option for module 'entry' target 'default'in this build.
[2026-04-21T13:53:06.882] [DEBUG] debug-file - Module entry task initialization takes 2 ms 
[2026-04-21T13:53:06.882] [DEBUG] debug-file - Hap plugin register hook start...
[2026-04-21T13:53:06.882] [DEBUG] debug-file - Hap plugin register hook end...
[2026-04-21T13:53:06.882] [DEBUG] debug-file - Plugin build process completed
[2026-04-21T13:53:06.882] [DEBUG] debug-file - hvigorfile, begin to bind custom plugins...
[2026-04-21T13:53:06.882] [DEBUG] debug-file - hvigorfile, no custom plugins were found in E:\application\DevEcoStudioProjects\MyApplication\entry\hvigorfile.ts
[2026-04-21T13:53:06.882] [DEBUG] debug-file - hvigorfile, resolve finished E:\application\DevEcoStudioProjects\MyApplication\entry\hvigorfile.ts
[2026-04-21T13:53:06.901] [DEBUG] debug-file - hvigorfile, resolve hvigorfile dependencies in 19 ms 
[2026-04-21T13:53:06.901] [DEBUG] debug-file - project has submodules:entry
[2026-04-21T13:53:06.902] [DEBUG] debug-file - start to load updatedOhPackageInfo to the disk
[2026-04-21T13:53:06.904] [DEBUG] debug-file - load to the disk finished
[2026-04-21T13:53:06.905] [DEBUG] debug-file - Start to initialize dependency information.
[2026-04-21T13:53:06.912] [DEBUG] debug-file - Module MyApplication Collected Dependency: 
[2026-04-21T13:53:06.912] [DEBUG] debug-file - Module MyApplication's total dependency: 0
[2026-04-21T13:53:06.913] [DEBUG] debug-file - Start to initialize dependency information.
[2026-04-21T13:53:06.916] [DEBUG] debug-file - Module entry Collected Dependency: 
[2026-04-21T13:53:06.916] [DEBUG] debug-file - Module entry's total dependency: 0
[2026-04-21T13:53:06.917] [DEBUG] debug-file - Configuration phase cost:137 ms 
[2026-04-21T13:53:06.918] [DEBUG] debug-file - Configuration task cost before running: 146 ms 
[2026-04-21T13:53:06.929] [DEBUG] debug-file - Executing task :entry:default@PreBuild
[2026-04-21T13:53:06.931] [DEBUG] debug-file - Task 'entry:default@PreBuild' cost while wrapping incremental declarations: 1 ms 
[2026-04-21T13:53:07.194] [DEBUG] debug-file - current product is not Atomic service.
[2026-04-21T13:53:07.195] [DEBUG] debug-file - Use tool [win32: JAVA_HOME, CLASSPATH]
 [
  {
    JAVA_HOME: 'E:\\devecostudio-windows-6.1.0.830\\DevEco Studio\\jbr'
  },
  { CLASSPATH: undefined }
]
[2026-04-21T13:53:07.195] [DEBUG] debug-file - Use tool [win32: NODE_HOME]
 [
  {
    NODE_HOME: 'E:\\devecostudio-windows-6.1.0.830\\DevEco Studio\\tools\\node'
  }
]
[2026-04-21T13:53:07.196] [DEBUG] debug-file - entry : default@PreBuild cost memory 1.15155029296875
[2026-04-21T13:53:07.196] [DEBUG] debug-file - runTaskFromQueue task cost before running: 424 ms 
[2026-04-21T13:53:07.198] [INFO] debug-file - Finished :entry:default@PreBuild... after 268 ms 
[2026-04-21T13:53:07.199] [DEBUG] debug-file - Executing task :entry:default@CreateModuleInfo
[2026-04-21T13:53:07.200] [DEBUG] debug-file - Task 'entry:default@CreateModuleInfo' cost while wrapping incremental declarations: 1 ms 
[2026-04-21T13:53:07.200] [DEBUG] debug-file - entry : default@CreateModuleInfo cost memory 0.04741668701171875
[2026-04-21T13:53:07.200] [DEBUG] debug-file - runTaskFromQueue task cost before running: 428 ms 
[2026-04-21T13:53:07.201] [INFO] debug-file - Finished :entry:default@CreateModuleInfo... after 1 ms 
[2026-04-21T13:53:07.204] [DEBUG] debug-file - Executing task :entry:default@GenerateMetadata
[2026-04-21T13:53:07.205] [DEBUG] debug-file - Task 'entry:default@GenerateMetadata' cost while wrapping incremental declarations: 1 ms 
[2026-04-21T13:53:07.210] [DEBUG] debug-file - entry : default@GenerateMetadata cost memory 0.1187896728515625
[2026-04-21T13:53:07.210] [DEBUG] debug-file - runTaskFromQueue task cost before running: 438 ms 
[2026-04-21T13:53:07.210] [INFO] debug-file - Finished :entry:default@GenerateMetadata... after 6 ms 
[2026-04-21T13:53:07.212] [DEBUG] debug-file - Executing task :entry:default@ConfigureCmake
[2026-04-21T13:53:07.212] [DEBUG] debug-file - entry : default@ConfigureCmake cost memory 0.014556884765625
[2026-04-21T13:53:07.212] [DEBUG] debug-file - runTaskFromQueue task cost before running: 440 ms 
[2026-04-21T13:53:07.212] [INFO] debug-file - Finished :entry:default@ConfigureCmake... after 1 ms 
[2026-04-21T13:53:07.214] [DEBUG] debug-file - Executing task :entry:default@MergeProfile
[2026-04-21T13:53:07.215] [DEBUG] debug-file - Task 'entry:default@MergeProfile' cost while wrapping incremental declarations: 1 ms 
[2026-04-21T13:53:07.216] [DEBUG] debug-file - Change app api release type with 'Release'
[2026-04-21T13:53:07.216] [DEBUG] debug-file - Change app compile API version with '6.1.0.105'
[2026-04-21T13:53:07.216] [DEBUG] debug-file - Change app target API version with '60002022'
[2026-04-21T13:53:07.216] [DEBUG] debug-file - Change app minimum API version with '60002022'
[2026-04-21T13:53:07.216] [DEBUG] debug-file - Use cli appEnvironment
[2026-04-21T13:53:07.218] [DEBUG] debug-file - entry : default@MergeProfile cost memory 0.2095794677734375
[2026-04-21T13:53:07.218] [DEBUG] debug-file - runTaskFromQueue task cost before running: 446 ms 
[2026-04-21T13:53:07.219] [INFO] debug-file - Finished :entry:default@MergeProfile... after 4 ms 
[2026-04-21T13:53:07.220] [DEBUG] debug-file - Executing task :entry:default@CreateBuildProfile
[2026-04-21T13:53:07.221] [DEBUG] debug-file - Task 'entry:default@CreateBuildProfile' cost while wrapping incremental declarations: 1 ms 
[2026-04-21T13:53:07.224] [DEBUG] debug-file - entry : default@CreateBuildProfile cost memory 0.0811614990234375
[2026-04-21T13:53:07.224] [DEBUG] debug-file - runTaskFromQueue task cost before running: 452 ms 
[2026-04-21T13:53:07.225] [INFO] debug-file - Finished :entry:default@CreateBuildProfile... after 4 ms 
[2026-04-21T13:53:07.228] [DEBUG] debug-file - Executing task :entry:default@PreCheckSyscap
[2026-04-21T13:53:07.228] [DEBUG] debug-file - entry : default@PreCheckSyscap cost memory 0.01491546630859375
[2026-04-21T13:53:07.228] [DEBUG] debug-file - runTaskFromQueue task cost before running: 456 ms 
[2026-04-21T13:53:07.228] [INFO] debug-file - Finished :entry:default@PreCheckSyscap... after 1 ms 
[2026-04-21T13:53:07.231] [DEBUG] debug-file - Executing task :entry:default@GeneratePkgContextInfo
[2026-04-21T13:53:07.237] [DEBUG] debug-file - Task 'entry:default@GeneratePkgContextInfo' cost while wrapping incremental declarations: 1 ms 
[2026-04-21T13:53:07.238] [DEBUG] debug-file - entry : default@GeneratePkgContextInfo cost memory 0.3291168212890625
[2026-04-21T13:53:07.238] [DEBUG] debug-file - runTaskFromQueue task cost before running: 466 ms 
[2026-04-21T13:53:07.238] [INFO] debug-file - Finished :entry:default@GeneratePkgContextInfo... after 8 ms 
[2026-04-21T13:53:07.242] [DEBUG] debug-file - Executing task :entry:default@GeneratePkgSdkInfo
[2026-04-21T13:53:07.245] [DEBUG] debug-file - Task 'entry:default@GeneratePkgSdkInfo' cost while wrapping incremental declarations: 1 ms 
[2026-04-21T13:53:07.246] [DEBUG] debug-file - entry : default@GeneratePkgSdkInfo cost memory 0.1471710205078125
[2026-04-21T13:53:07.246] [DEBUG] debug-file - runTaskFromQueue task cost before running: 474 ms 
[2026-04-21T13:53:07.246] [INFO] debug-file - Finished :entry:default@GeneratePkgSdkInfo... after 5 ms 
[2026-04-21T13:53:07.250] [DEBUG] debug-file - Executing task :entry:default@ProcessIntegratedHsp
[2026-04-21T13:53:07.251] [DEBUG] debug-file - entry : default@ProcessIntegratedHsp cost memory 0.0340728759765625
[2026-04-21T13:53:07.251] [DEBUG] debug-file - runTaskFromQueue task cost before running: 479 ms 
[2026-04-21T13:53:07.251] [INFO] debug-file - Finished :entry:default@ProcessIntegratedHsp... after 1 ms 
[2026-04-21T13:53:07.252] [DEBUG] debug-file - Executing task :entry:default@BuildNativeWithCmake
[2026-04-21T13:53:07.253] [DEBUG] debug-file - entry : default@BuildNativeWithCmake cost memory 0.01743316650390625
[2026-04-21T13:53:07.253] [DEBUG] debug-file - runTaskFromQueue task cost before running: 480 ms 
[2026-04-21T13:53:07.253] [INFO] debug-file - Finished :entry:default@BuildNativeWithCmake... after 1 ms 
[2026-04-21T13:53:07.254] [DEBUG] debug-file - Executing task :entry:default@MakePackInfo
[2026-04-21T13:53:07.257] [DEBUG] debug-file - Module Pack Info:  {
  summary: {
    app: { bundleName: 'c***n', bundleType: 'app', version: [Object] },
    modules: [ [Object] ]
  },
  packages: [
    {
      deviceType: [Array],
      moduleType: 'entry',
      deliveryWithInstall: true,
      name: 'entry-default'
    }
  ]
}
[2026-04-21T13:53:07.259] [DEBUG] debug-file - entry : default@MakePackInfo cost memory 0.16176605224609375
[2026-04-21T13:53:07.259] [DEBUG] debug-file - runTaskFromQueue task cost before running: 487 ms 
[2026-04-21T13:53:07.260] [INFO] debug-file - Finished :entry:default@MakePackInfo... after 6 ms 
[2026-04-21T13:53:07.262] [DEBUG] debug-file - Executing task :entry:default@SyscapTransform
[2026-04-21T13:53:07.262] [DEBUG] debug-file - File: 'E:\application\DevEcoStudioProjects\MyApplication\entry\src\main\syscap.json' from 'sysCapJsonPath' is not exists, just ignore.
[2026-04-21T13:53:07.263] [DEBUG] debug-file - Task 'entry:default@SyscapTransform' cost while wrapping incremental declarations: 1 ms 
[2026-04-21T13:53:07.263] [DEBUG] debug-file - entry : default@SyscapTransform cost memory 0.06368255615234375
[2026-04-21T13:53:07.263] [DEBUG] debug-file - runTaskFromQueue task cost before running: 491 ms 
[2026-04-21T13:53:07.264] [INFO] debug-file - Finished :entry:default@SyscapTransform... after 2 ms 
[2026-04-21T13:53:07.266] [DEBUG] debug-file - Executing task :entry:default@ProcessProfile
[2026-04-21T13:53:07.267] [DEBUG] debug-file - Task 'entry:default@ProcessProfile' cost while wrapping incremental declarations: 1 ms 
[2026-04-21T13:53:07.268] [DEBUG] debug-file - [
  'E:\\devecostudio-windows-6.1.0.830\\DevEco Studio\\tools\\node\\node.exe',
  'E:\\devecostudio-windows-6.1.0.830\\DevEco Studio\\sdk\\default\\openharmony\\ets\\build-tools\\ets-loader\\bin\\ark\\ts2abc.js',
  '--target-api-version',
  '22'
]
[2026-04-21T13:53:07.713] [DEBUG] debug-file - 13.0.1.0
[2026-04-21T13:53:07.715] [DEBUG] debug-file - No need to add fake ui ability because of not in preview process.
[2026-04-21T13:53:07.717] [DEBUG] debug-file - entry : default@ProcessProfile cost memory 1.8440933227539062
[2026-04-21T13:53:07.717] [DEBUG] debug-file - runTaskFromQueue task cost before running: 945 ms 
[2026-04-21T13:53:07.717] [INFO] debug-file - Finished :entry:default@ProcessProfile... after 452 ms 
[2026-04-21T13:53:07.719] [DEBUG] debug-file - Executing task :entry:default@ProcessRouterMap
[2026-04-21T13:53:07.724] [DEBUG] debug-file - entry : default@ProcessRouterMap cost memory 0.12127685546875
[2026-04-21T13:53:07.724] [DEBUG] debug-file - runTaskFromQueue task cost before running: 952 ms 
[2026-04-21T13:53:07.726] [INFO] debug-file - Finished :entry:default@ProcessRouterMap... after 6 ms 
[2026-04-21T13:53:07.730] [DEBUG] debug-file - Executing task :entry:default@ProcessShareConfig
[2026-04-21T13:53:07.733] [DEBUG] debug-file - entry : default@ProcessShareConfig cost memory 0.08972930908203125
[2026-04-21T13:53:07.733] [DEBUG] debug-file - runTaskFromQueue task cost before running: 961 ms 
[2026-04-21T13:53:07.734] [INFO] debug-file - Finished :entry:default@ProcessShareConfig... after 4 ms 
[2026-04-21T13:53:07.735] [DEBUG] debug-file - Executing task :entry:default@ProcessStartupConfig
[2026-04-21T13:53:07.736] [DEBUG] debug-file - Task 'entry:default@ProcessStartupConfig' cost while wrapping incremental declarations: 1 ms 
[2026-04-21T13:53:07.737] [DEBUG] debug-file - entry : default@ProcessStartupConfig cost memory 0.09966278076171875
[2026-04-21T13:53:07.737] [DEBUG] debug-file - runTaskFromQueue task cost before running: 965 ms 
[2026-04-21T13:53:07.737] [INFO] debug-file - Finished :entry:default@ProcessStartupConfig... after 2 ms 
[2026-04-21T13:53:07.739] [DEBUG] debug-file - Executing task :entry:default@BuildNativeWithNinja
[2026-04-21T13:53:07.741] [DEBUG] debug-file - entry : default@BuildNativeWithNinja cost memory 0.0297698974609375
[2026-04-21T13:53:07.741] [DEBUG] debug-file - runTaskFromQueue task cost before running: 969 ms 
[2026-04-21T13:53:07.742] [INFO] debug-file - Finished :entry:default@BuildNativeWithNinja... after 3 ms 
[2026-04-21T13:53:07.746] [DEBUG] debug-file - restool module names: entry; moduleName=entry, taskName=default@ProcessResource
[2026-04-21T13:53:07.748] [DEBUG] debug-file - Executing task :entry:default@ProcessResource
[2026-04-21T13:53:07.749] [DEBUG] debug-file - Task 'entry:default@ProcessResource' cost while wrapping incremental declarations: 1 ms 
[2026-04-21T13:53:07.750] [DEBUG] debug-file - entry : default@ProcessResource cost memory 0.20079803466796875
[2026-04-21T13:53:07.751] [DEBUG] debug-file - runTaskFromQueue task cost before running: 979 ms 
[2026-04-21T13:53:07.752] [INFO] debug-file - Finished :entry:default@ProcessResource... after 4 ms 
[2026-04-21T13:53:07.755] [DEBUG] debug-file - Executing task :entry:default@GenerateLoaderJson
[2026-04-21T13:53:07.757] [DEBUG] debug-file - Task 'entry:default@GenerateLoaderJson' cost while wrapping incremental declarations: 1 ms 
[2026-04-21T13:53:07.769] [DEBUG] debug-file - entry : default@GenerateLoaderJson cost memory 0.5966949462890625
[2026-04-21T13:53:07.769] [DEBUG] debug-file - runTaskFromQueue task cost before running: 997 ms 
[2026-04-21T13:53:07.772] [INFO] debug-file - Finished :entry:default@GenerateLoaderJson... after 15 ms 
[2026-04-21T13:53:07.775] [DEBUG] debug-file - Executing task :entry:default@ProcessLibs
[2026-04-21T13:53:07.782] [DEBUG] debug-file - Worker dispatch failed, running processLibs on main thread.
[2026-04-21T13:53:07.783] [DEBUG] debug-file - entry : default@ProcessLibs cost memory 0.32445526123046875
[2026-04-21T13:53:07.783] [DEBUG] debug-file - runTaskFromQueue task cost before running: 1 s 11 ms 
[2026-04-21T13:53:07.784] [INFO] debug-file - Finished :entry:default@ProcessLibs... after 8 ms 
[2026-04-21T13:53:07.785] [DEBUG] debug-file - restool module names: entry; moduleName=entry, taskName=default@CompileResource
[2026-04-21T13:53:07.785] [DEBUG] debug-file - Executing task :entry:default@CompileResource
[2026-04-21T13:53:07.791] [DEBUG] debug-file - Use tool [E:\devecostudio-windows-6.1.0.830\DevEco Studio\sdk\default\openharmony\toolchains\restool.exe]
 [
  'E:\\devecostudio-windows-6.1.0.830\\DevEco Studio\\sdk\\default\\openharmony\\toolchains\\restool.exe',
  '-l',
  'E:\\application\\DevEcoStudioProjects\\MyApplication\\entry\\build\\default\\intermediates\\res\\default\\resConfig.json'
]
[2026-04-21T13:53:07.795] [DEBUG] debug-file - current process  memoryUsage: {
  rss: 194412544,
  heapTotal: 156983296,
  heapUsed: 120374776,
  external: 3193309,
  arrayBuffers: 230055
} os memoryUsage :9.622207641601562
[2026-04-21T13:53:08.117] [DEBUG] debug-file - Info: Pack: normal pack mode

[2026-04-21T13:53:08.204] [DEBUG] debug-file - Info: hardware concurrency count is : 12
Info: thread count is : 12

[2026-04-21T13:53:08.204] [DEBUG] debug-file - Info: thread pool is started

[2026-04-21T13:53:08.205] [DEBUG] debug-file - Info: GenericCompiler::CompileFiles

[2026-04-21T13:53:08.211] [DEBUG] debug-file - Info: GenericCompiler::CompileFiles

[2026-04-21T13:53:08.212] [DEBUG] debug-file - Warning: 'E:\application\DevEcoStudioProjects\MyApplication\entry\src\main\resources\base\media\foreground.png' is defined repeatedly.
Warning: 'E:\application\DevEcoStudioProjects\MyApplication\entry\src\main\resources\base\media\layered_image.json' is defined repeatedly.
Warning: 'E:\application\DevEcoStudioProjects\MyApplication\entry\src\main\resources\base\media\background.png' is defined repeatedly.

[2026-04-21T13:53:08.214] [DEBUG] debug-file - Info: GenericCompiler::CompileFiles

[2026-04-21T13:53:08.220] [DEBUG] debug-file - 04-21 13:53:08.220 19316 17568 E C01400/ImageTranscoderUtils: DecodeToRGBA IN
04-21 13:53:08.220 19316 17568 E C01400/ImageTranscoderUtils: ImageFilter IN E:\application\DevEcoStudioProjects\MyApplication\AppScope\resources\base\media\background.png

[2026-04-21T13:53:08.271] [DEBUG] debug-file - 04-21 13:53:08.271 19316 17568 E C01400/ImageTranscoderUtils: DecodeToRGBA IN
04-21 13:53:08.271 19316 17568 E C01400/ImageTranscoderUtils: ImageFilter IN E:\application\DevEcoStudioProjects\MyApplication\AppScope\resources\base\media\foreground.png

[2026-04-21T13:53:08.313] [DEBUG] debug-file - Info: can't scale media json file.

[2026-04-21T13:53:08.313] [DEBUG] debug-file - 04-21 13:53:08.313 19316 17568 E C01400/ImageTranscoderUtils: DecodeToRGBA IN
04-21 13:53:08.313 19316 17568 E C01400/ImageTranscoderUtils: ImageFilter IN E:\application\DevEcoStudioProjects\MyApplication\entry\src\main\resources\base\media\1776133767.png

[2026-04-21T13:53:08.365] [DEBUG] debug-file - Warning: The width or height of the png file referenced by the icon exceeds the limit (41 pixels)
at E:\application\DevEcoStudioProjects\MyApplication\AppScope\resources\base\media\background.png

[2026-04-21T13:53:08.365] [DEBUG] debug-file - Warning: The width or height of the png file referenced by the icon exceeds the limit (41 pixels)
at E:\application\DevEcoStudioProjects\MyApplication\AppScope\resources\base\media\foreground.png
Warning: E:\application\DevEcoStudioProjects\MyApplication\AppScope\resources\base\media\layered_image.json is not png format

[2026-04-21T13:53:08.371] [DEBUG] debug-file - Info: restool resources compile success.

[2026-04-21T13:53:08.371] [DEBUG] debug-file - Info: thread pool is stopped

[2026-04-21T13:53:08.448] [DEBUG] debug-file - entry : default@CompileResource cost memory 1.0849990844726562
[2026-04-21T13:53:08.449] [DEBUG] debug-file - runTaskFromQueue task cost before running: 1 s 676 ms 
[2026-04-21T13:53:08.449] [INFO] debug-file - Finished :entry:default@CompileResource... after 664 ms 
[2026-04-21T13:53:08.451] [DEBUG] debug-file - Executing task :entry:default@DoNativeStrip
[2026-04-21T13:53:08.451] [DEBUG] debug-file - File: 'E:\application\DevEcoStudioProjects\MyApplication\entry\build\default\intermediates\binxo\default' from 'doBinxoNativeLibs' is not exists, just ignore.
[2026-04-21T13:53:08.451] [DEBUG] debug-file - Task 'entry:default@DoNativeStrip' cost while wrapping incremental declarations: 1 ms 
[2026-04-21T13:53:08.453] [DEBUG] debug-file - entry : default@DoNativeStrip cost memory 0.087005615234375
[2026-04-21T13:53:08.453] [DEBUG] debug-file - runTaskFromQueue task cost before running: 1 s 681 ms 
[2026-04-21T13:53:08.454] [INFO] debug-file - Finished :entry:default@DoNativeStrip... after 3 ms 
[2026-04-21T13:53:08.456] [DEBUG] debug-file - Executing task :entry:default@CompileArkTS
[2026-04-21T13:53:08.458] [DEBUG] debug-file - obfuscationOptions: undefined
[2026-04-21T13:53:08.461] [DEBUG] debug-file - Task 'entry:default@CompileArkTS' cost while wrapping incremental declarations: 1 ms 
[2026-04-21T13:53:08.495] [DEBUG] debug-file - build config:
[2026-04-21T13:53:08.495] [DEBUG] debug-file - {
  moduleType: 'entry',
  perf: 0,
  targetName: '.default',
  packageManagerType: 'ohpm',
  localPropertiesPath: 'E:\\application\\DevEcoStudioProjects\\MyApplication\\local.properties',
  isPreview: false,
  isOhosTest: false,
  isLocalTest: false,
  buildMode: 'Debug',
  hotReloadBuild: undefined,
  watchMode: 'false',
  aceProfilePath: 'E:\\application\\DevEcoStudioProjects\\MyApplication\\entry\\build\\default\\intermediates\\res\\default\\resources\\base\\profile',
  etsLoaderPath: 'E:\\devecostudio-windows-6.1.0.830\\DevEco Studio\\sdk\\default\\openharmony\\ets\\build-tools\\ets-loader',
  modulePath: 'E:\\application\\DevEcoStudioProjects\\MyApplication\\entry',
  testFrameworkPar: {
    testMode: undefined,
    coveragePathFilter: undefined,
    coverageMode: undefined
  },
  needCoverageInsert: false,
  debugLine: false,
  projectTopDir: 'E:\\application\\DevEcoStudioProjects\\MyApplication',
  compileSdkVersion: 23,
  compatibleSdkVersion: 22,
  originCompatibleSdkVersion: '6.0.2(22)',
  compatibleSdkVersionStage: undefined,
  bundleName: 'c***n',
  etsLoaderVersion: '6.1.0.105',
  etsLoaderReleaseType: 'Release',
  aotCompileMode: 'type',
  apPath: 'E:\\application\\DevEcoStudioProjects\\MyApplication\\entry\\modules.ap',
  entryModuleName: 'entry',
  entryModuleVersion: '1.0.0',
  entryPackageName: 'entry',
  allModuleNameHash: 'be72bfb482d6518e517e7ec5417304132c4f2554630c9cf092ee785b5e3b783a',
  externalApiPaths: [
    'E:\\devecostudio-windows-6.1.0.830\\DevEco Studio\\sdk\\default\\hms\\ets'
  ],
  compilerTypes: [],
  isCrossplatform: false,
  hvigorPluginFile: undefined,
  compilePluginPath: undefined,
  buildGeneratedProfilePath: 'E:\\application\\DevEcoStudioProjects\\MyApplication\\entry\\build\\default\\generated\\profile\\default',
  bundleType: 'app',
  arkTSVersion: undefined,
  apiVersion: 23,
  needCompleteSourcesMap: false,
  isFaMode: false,
  buildDir: 'E:\\application\\DevEcoStudioProjects\\MyApplication\\entry\\build',
  deviceTypes: [ 'phone' ],
  pkgContextInfo: {
    '@ohos/hypium': {
      packageName: '@ohos/hypium',
      bundleName: '*****',
      moduleName: '',
      version: '1.0.25',
      entryPath: 'index.js',
      isSO: false,
      dependencyAlias: ''
    },
    '@ohos/hamock': {
      packageName: '@ohos/hamock',
      bundleName: '*****',
      moduleName: '',
      version: '1.0.0',
      entryPath: 'index.ets',
      isSO: false,
      dependencyAlias: ''
    },
    entry: {
      packageName: 'entry',
      bundleName: '*****',
      moduleName: '',
      version: '',
      entryPath: 'src/main/',
      isSO: false,
      dependencyAlias: ''
    }
  },
  ohPackagePathMap: {},
  dependencyAliasMap: {},
  permission: {
    requestPermissions: [ [Object], [Object] ],
    definePermissions: undefined
  },
  useGetCurrentBundleName: false,
  projectArkOption: undefined,
  sourceMapDir: undefined,
  branchElimination: false,
  transformLib: undefined,
  tsImportSendable: false,
  resolveConflictMode: true,
  depName2RootPath: {},
  depName2DepInfo: {},
  depName2OhExports: {},
  rootPathSet: [ 'E:\\application\\DevEcoStudioProjects\\MyApplication' ],
  useNativeResolver: true,
  shouldEmitJs: true,
  useTscResolve: false,
  singleFileEmit: false,
  userProjectConfig: {
    autoLazyImport: false,
    allowEmptyBundleName: false,
    reExportCheckMode: 'noCheck',
    executionMode: 'memory',
    usePathPlaceholder: false,
    writeRollupCache: true,
    isExpandImportEnabled: false,
    expandImportExclude: '',
    lazyImportExclude: '',
    lazyImportInclude: '',
    ignoreCrossplatformCheck: false,
    isHarDeduplicateEnabled: false,
    skipOhModulesLint: false,
    enableStrictCheckOHModule: false,
    disableSendableCheckRules: [],
    useDeclarationFileSignature: false,
    customizedOptions: undefined,
    integratedHsp: false,
    isPreloadSoEnabled: false
  },
  executionMode: 'memory',
  arkCompileCachePath: 'E:\\application\\DevEcoStudioProjects\\MyApplication\\entry\\build\\default\\cache\\default\\default@CompileArkTS\\esmodule',
  autoLazyFilter: undefined,
  isHarDeduplicateEnabled: false,
  intermediateHarDuplicateDirPath: 'E:\\application\\DevEcoStudioProjects\\MyApplication\\entry\\build\\default\\intermediates\\har_duplicate\\default',
  autoLazyImport: false,
  allowEmptyBundleName: false,
  reExportCheckMode: 'noCheck',
  usePathPlaceholder: false,
  writeRollupCache: true,
  isExpandImportEnabled: false,
  expandImportExclude: '',
  lazyImportExclude: '',
  lazyImportInclude: '',
  ignoreCrossplatformCheck: false,
  skipOhModulesLint: false,
  enableStrictCheckOHModule: false,
  disableSendableCheckRules: [],
  useDeclarationFileSignature: false,
  customizedOptions: undefined,
  integratedHsp: false,
  isPreloadSoEnabled: false,
  strictMode: {
    caseSensitiveCheck: true,
    useNormalizedOHMUrl: true,
    noExternalImportByPath: true
  },
  useNormalizedOHMUrl: true,
  caseSensitiveCheck: true,
  aceModuleJsonPath: 'E:\\application\\DevEcoStudioProjects\\MyApplication\\entry\\build\\default\\intermediates\\res\\default\\ark_module.json',
  appResource: 'E:\\application\\DevEcoStudioProjects\\MyApplication\\entry\\build\\default\\intermediates\\res\\default\\ResourceTable.txt',
  rawFileResource: 'E:\\application\\DevEcoStudioProjects\\MyApplication\\entry\\build\\default\\intermediates\\res\\default\\resources\\rawfile',
  resourceTableHash: '9af7190f6df5c7eb887f4c1c982595b887ab5bc71e7fbb5c467cca60ead73d7b',
  runtimeOS: 'HarmonyOS',
  sdkInfo: 'false:23:6.1.0.105:Release',
  aceModuleRoot: 'E:\\application\\DevEcoStudioProjects\\MyApplication\\entry\\src\\main\\ets',
  compileMode: 'esmodule',
  aceSuperVisualPath: 'E:\\application\\DevEcoStudioProjects\\MyApplication\\entry\\src\\main\\supervisual',
  aceBuildJson: 'E:\\application\\DevEcoStudioProjects\\MyApplication\\entry\\build\\default\\intermediates\\loader\\default\\loader.json',
  cachePath: 'E:\\application\\DevEcoStudioProjects\\MyApplication\\entry\\build\\default\\cache\\default\\default@CompileArkTS\\esmodule\\debug',
  aceModuleBuild: 'E:\\application\\DevEcoStudioProjects\\MyApplication\\entry\\build\\default\\intermediates\\loader_out\\default\\ets',
  supportChunks: true,
  declaredFilesPath: undefined,
  shouldCollectDirectImportees: false,
  isByteCodeHarOptimize: false,
  expandImportPath: undefined,
  resourceTableTs: 'E:\\application\\DevEcoStudioProjects\\MyApplication\\entry\\build\\default\\generated\\r\\default\\ResourceTable.ts',
  moduleMetaInfoFiles: [
    {
      filePath: 'E:\\application\\DevEcoStudioProjects\\MyApplication\\entry\\build\\default\\generated\\r\\default\\ResourceTable.ts',
      ohmurl: '&entry/build/generated/r/ResourceTable&'
    }
  ],
  pkgNameToPkgBriefInfo: {
    entry: {
      pkgRoot: 'E:\\application\\DevEcoStudioProjects\\MyApplication\\entry',
      originalSourceRoots: undefined,
      sourceRoots: [Array],
      pkgName: 'entry'
    }
  },
  projectModel: {
    'E:\\application\\DevEcoStudioProjects\\MyApplication\\entry\\src\\main': {
      moduleName: 'entry',
      modulePkgPath: 'E:\\application\\DevEcoStudioProjects\\MyApplication\\entry',
      belongProjectPath: 'E:\\application\\DevEcoStudioProjects\\MyApplication'
    },
    'E:\\application\\DevEcoStudioProjects\\MyApplication\\entry\\.test\\default\\intermediates\\src\\ohosTest\\ets': {
      moduleName: 'entry_test',
      modulePkgPath: 'E:\\application\\DevEcoStudioProjects\\MyApplication\\entry',
      belongProjectPath: 'E:\\application\\DevEcoStudioProjects\\MyApplication'
    },
    'E:\\application\\DevEcoStudioProjects\\MyApplication\\entry\\src\\ohosTest': {
      moduleName: 'entry_test',
      modulePkgPath: 'E:\\application\\DevEcoStudioProjects\\MyApplication\\entry',
      belongProjectPath: 'E:\\application\\DevEcoStudioProjects\\MyApplication'
    },
    'E:\\application\\DevEcoStudioProjects\\MyApplication\\entry': {
      moduleName: 'entry',
      modulePkgPath: 'E:\\application\\DevEcoStudioProjects\\MyApplication\\entry',
      belongProjectPath: 'E:\\application\\DevEcoStudioProjects\\MyApplication'
    },
    'E:\\application\\DevEcoStudioProjects\\MyApplication': {
      moduleName: 'MyApplication',
      modulePkgPath: 'E:\\application\\DevEcoStudioProjects\\MyApplication',
      belongProjectPath: 'E:\\application\\DevEcoStudioProjects\\MyApplication'
    }
  },
  pkgJsonFileHash: '51d64e81dfd2c2b1510402f176a80cb91064226cf8f0312ad329a01d10cc239d',
  allModulePaths: [ 'E:\\application\\DevEcoStudioProjects\\MyApplication\\entry' ],
  routerMap: {},
  obfuscationOptions: undefined,
  byteCodeHarToDependencyKeys: undefined,
  compileBlockPkg: [],
  mockParams: {
    decorator: '@MockSetup',
    packageName: '@ohos/hamock',
    etsSourceRootPath: 'src/main/ets',
    mockConfigPath: 'E:\\application\\DevEcoStudioProjects\\MyApplication\\entry\\src\\mock\\mock-config.json5',
    mockConfigKey2ModuleInfo: {},
    source2ModuleIdMap: {}
  },
  copyCodeResourceEnable: false,
  copyCodeResourceExcludes: [],
  copyCodeResourceIncludes: undefined,
  uiTransformOptimization: false,
  sdkPath: 'E:/devecostudio-windows-6.1.0.830/DevEco Studio/sdk',
  needPreloadSoFileSet: {},
  preloadSoFilePath: 'E:\\application\\DevEcoStudioProjects\\MyApplication\\entry\\build\\default\\intermediates\\preload\\default\\preload.json',
  useSourceHash: false,
  localModuleParamMap: {},
  otherPaths: {
    'entry/*': [
      '..\\*',
      '..\\..\\..\\build\\default\\generated\\profile\\default\\*'
    ]
  },
  collectImportersConfig: undefined
}
[2026-04-21T13:53:08.496] [DEBUG] debug-file - Compile arkts with external api path: E:\devecostudio-windows-6.1.0.830\DevEco Studio\sdk\default\hms\ets
[2026-04-21T13:53:08.497] [DEBUG] debug-file - default@CompileArkTS work[0] is submitted.
[2026-04-21T13:53:08.498] [DEBUG] debug-file - default@CompileArkTS work[0] is pushed to ready queue.
[2026-04-21T13:53:08.498] [DEBUG] debug-file - A work dispatched to worker[11] failed because unable to get work from ready queue.
[2026-04-21T13:53:08.498] [DEBUG] debug-file - A work dispatched to worker[10] failed because unable to get work from ready queue.
[2026-04-21T13:53:08.498] [DEBUG] debug-file - A work dispatched to worker[9] failed because unable to get work from ready queue.
[2026-04-21T13:53:08.498] [DEBUG] debug-file - A work dispatched to worker[8] failed because unable to get work from ready queue.
[2026-04-21T13:53:08.498] [DEBUG] debug-file - A work dispatched to worker[7] failed because unable to get work from ready queue.
[2026-04-21T13:53:08.498] [DEBUG] debug-file - A work dispatched to worker[6] failed because unable to get work from ready queue.
[2026-04-21T13:53:08.498] [DEBUG] debug-file - A work dispatched to worker[5] failed because unable to get work from ready queue.
[2026-04-21T13:53:08.498] [DEBUG] debug-file - Create  resident worker with id: 4.
[2026-04-21T13:53:08.500] [DEBUG] debug-file - default@CompileArkTS work[0] has been dispatched to worker[4].
[2026-04-21T13:53:08.501] [DEBUG] debug-file - default@CompileArkTS work[0] is dispatched.
[2026-04-21T13:53:08.501] [DEBUG] debug-file - entry : default@CompileArkTS cost memory 1.5304946899414062
[2026-04-21T13:53:08.503] [DEBUG] debug-file - Executing task :entry:default@BuildJS
[2026-04-21T13:53:08.503] [DEBUG] debug-file - Task 'entry:default@BuildJS' cost while wrapping incremental declarations: 1 ms 
[2026-04-21T13:53:08.509] [DEBUG] debug-file - entry : default@BuildJS cost memory 0.16870880126953125
[2026-04-21T13:53:08.509] [DEBUG] debug-file - runTaskFromQueue task cost before running: 1 s 737 ms 
[2026-04-21T13:53:08.510] [INFO] debug-file - Finished :entry:default@BuildJS... after 7 ms 
[2026-04-21T13:53:08.512] [DEBUG] debug-file - Executing task :entry:default@CacheNativeLibs
[2026-04-21T13:53:08.512] [DEBUG] debug-file - File: 'E:\application\DevEcoStudioProjects\MyApplication\entry\build\default\intermediates\binxo\default' from 'cacheBinxoNativeLibs' is not exists, just ignore.
[2026-04-21T13:53:08.513] [DEBUG] debug-file - Task 'entry:default@CacheNativeLibs' cost while wrapping incremental declarations: 1 ms 
[2026-04-21T13:53:08.513] [DEBUG] debug-file - default@CacheNativeLibs work[1] is submitted.
[2026-04-21T13:53:08.513] [DEBUG] debug-file - default@CacheNativeLibs work[1] is pushed to ready queue.
[2026-04-21T13:53:08.513] [DEBUG] debug-file - A work dispatched to worker[11] failed because unable to get work from ready queue.
[2026-04-21T13:53:08.514] [DEBUG] debug-file - Create  resident worker with id: 10.
[2026-04-21T13:53:08.514] [DEBUG] debug-file - default@CacheNativeLibs work[1] has been dispatched to worker[10].
[2026-04-21T13:53:08.514] [DEBUG] debug-file - default@CacheNativeLibs work[1] is dispatched.
[2026-04-21T13:53:08.514] [DEBUG] debug-file - entry : default@CacheNativeLibs cost memory 0.17967987060546875
[2026-04-21T13:53:09.735] [DEBUG] debug-file - worker[10] has one work done.
[2026-04-21T13:53:09.735] [DEBUG] debug-file - default@CacheNativeLibs work[1] done.
[2026-04-21T13:53:09.735] [DEBUG] debug-file - A work dispatched to worker[10] failed because unable to get work from ready queue.
[2026-04-21T13:53:09.736] [INFO] debug-file - Finished :entry:default@CacheNativeLibs... after 14 ms 
[2026-04-21T13:53:37.304] [WARN] debug-file - [33mWARN: [33m[33mArkTS:WARN File: E:/application/DevEcoStudioProjects/MyApplication/entry/src/main/ets/pages/ImportPage.ets:138:44
 'getContext' has been deprecated.
[39m[39m
[33mWARN: [33m[33mArkTS:WARN File: E:/application/DevEcoStudioProjects/MyApplication/entry/src/main/ets/pages/ImportPage.ets:720:20
 'showToast' has been deprecated.
[39m[39m
[33mWARN: [33m[33mArkTS:WARN File: E:/application/DevEcoStudioProjects/MyApplication/entry/src/main/ets/pages/PasswordGenerator.ets:37:44
 'getContext' has been deprecated.
[39m[39m
[33mWARN: [33m[33mArkTS:WARN File: E:/application/DevEcoStudioProjects/MyApplication/entry/src/main/ets/pages/PasswordGenerator.ets:40:25
 'getParams' has been deprecated.
[39m[39m
[33mWARN: [33m[33mArkTS:WARN File: E:/application/DevEcoStudioProjects/MyApplication/entry/src/main/ets/pages/PasswordGenerator.ets:102:56
 'createPlainTextData' has been deprecated.
[39m[39m
[33mWARN: [33m[33mArkTS:WARN File: E:/application/DevEcoStudioProjects/MyApplication/entry/src/main/ets/pages/PasswordGenerator.ets:187:20
 'showToast' has been deprecated.
[39m[39m
[33mWARN: [33m[33mArkTS:WARN File: E:/application/DevEcoStudioProjects/MyApplication/entry/src/main/ets/pages/PasswordGenerator.ets:197:5
 Function may throw exceptions. Special handling is required.
[39m[39m
[33mWARN: [33m[33mArkTS:WARN File: E:/application/DevEcoStudioProjects/MyApplication/entry/src/main/ets/pages/PasswordGenerator.ets:197:12
 'pushUrl' has been deprecated.
[39m[39m
[33mWARN: [33m[33mArkTS:WARN File: E:/application/DevEcoStudioProjects/MyApplication/entry/src/main/ets/pages/PasswordGenerator.ets:201:5
 Function may throw exceptions. Special handling is required.
[39m[39m
[33mWARN: [33m[33mArkTS:WARN File: E:/application/DevEcoStudioProjects/MyApplication/entry/src/main/ets/pages/PasswordGenerator.ets:201:12
 'pushUrl' has been deprecated.
[39m[39m
[33mWARN: [33m[33mArkTS:WARN File: E:/application/DevEcoStudioProjects/MyApplication/entry/src/main/ets/pages/PasswordListPage.ets:32:12
 'pushUrl' has been deprecated.
[39m[39m
[33mWARN: [33m[33mArkTS:WARN File: E:/application/DevEcoStudioProjects/MyApplication/entry/src/main/ets/pages/PasswordListPage.ets:42:44
 'getContext' has been deprecated.
[39m[39m
[33mWARN: [33m[33mArkTS:WARN File: E:/application/DevEcoStudioProjects/MyApplication/entry/src/main/ets/pages/PasswordListPage.ets:142:5
 Function may throw exceptions. Special handling is required.
[39m[39m
[33mWARN: [33m[33mArkTS:WARN File: E:/application/DevEcoStudioProjects/MyApplication/entry/src/main/ets/pages/PasswordListPage.ets:142:18
 'showDialog' has been deprecated.
[39m[39m
[33mWARN: [33m[33mArkTS:WARN File: E:/application/DevEcoStudioProjects/MyApplication/entry/src/main/ets/pages/PasswordListPage.ets:195:5
 Function may throw exceptions. Special handling is required.
[39m[39m
[33mWARN: [33m[33mArkTS:WARN File: E:/application/DevEcoStudioProjects/MyApplication/entry/src/main/ets/pages/PasswordListPage.ets:195:18
 'showDialog' has been deprecated.
[39m[39m
[33mWARN: [33m[33mArkTS:WARN File: E:/application/DevEcoStudioProjects/MyApplication/entry/src/main/ets/pages/PasswordListPage.ets:229:56
 'createPlainTextData' has been deprecated.
[39m[39m
[33mWARN: [33m[33mArkTS:WARN File: E:/application/DevEcoStudioProjects/MyApplication/entry/src/main/ets/pages/PasswordListPage.ets:267:5
 Function may throw exceptions. Special handling is required.
[39m[39m
[33mWARN: [33m[33mArkTS:WARN File: E:/application/DevEcoStudioProjects/MyApplication/entry/src/main/ets/pages/PasswordListPage.ets:267:18
 'showToast' has been deprecated.
[39m[39m

[2026-04-21T13:53:37.305] [DEBUG] debug-file - Ark compile task finished.finished time is 179836242159800
[2026-04-21T13:53:37.306] [DEBUG] debug-file - worker[4] has one work done.
[2026-04-21T13:53:37.311] [DEBUG] debug-file - default@CompileArkTS work[0] done.
[2026-04-21T13:53:37.311] [DEBUG] debug-file - A work dispatched to worker[4] failed because unable to get work from ready queue.
[2026-04-21T13:53:37.315] [INFO] debug-file - Finished :entry:default@CompileArkTS... after 25 s 757 ms 
[2026-04-21T13:53:37.316] [DEBUG] debug-file - Executing task :entry:default@GeneratePkgModuleJson
[2026-04-21T13:53:37.316] [DEBUG] debug-file - File: 'E:\application\DevEcoStudioProjects\MyApplication\entry\build\default\intermediates\preload\default\preload.json' from 'preloadSoJsonPath' is not exists, just ignore.
[2026-04-21T13:53:37.317] [DEBUG] debug-file - Error occurs while handling @Input 'shouldDeduplicateHar': The "data" argument must be of type string or an instance of Buffer, TypedArray, or DataView. Received undefined
[2026-04-21T13:53:37.318] [DEBUG] debug-file - Task 'entry:default@GeneratePkgModuleJson' cost while wrapping incremental declarations: 2 ms 
[2026-04-21T13:53:37.328] [DEBUG] debug-file - entry : default@GeneratePkgModuleJson cost memory 0.182098388671875
[2026-04-21T13:53:37.328] [DEBUG] debug-file - runTaskFromQueue task cost before running: 30 s 556 ms 
[2026-04-21T13:53:37.329] [INFO] debug-file - Finished :entry:default@GeneratePkgModuleJson... after 13 ms 
[2026-04-21T13:53:37.330] [DEBUG] debug-file - Executing task :entry:default@ProcessCompiledResources
[2026-04-21T13:53:37.331] [DEBUG] debug-file - File: 'E:\application\DevEcoStudioProjects\MyApplication\entry\build\default\intermediates\preload\default\preload.json' from 'preloadSoJsonPath' is not exists, just ignore.
[2026-04-21T13:53:37.331] [DEBUG] debug-file - Task 'entry:default@ProcessCompiledResources' cost while wrapping incremental declarations: 1 ms 
[2026-04-21T13:53:37.331] [DEBUG] debug-file - entry : default@ProcessCompiledResources cost memory 0.05962371826171875
[2026-04-21T13:53:37.331] [DEBUG] debug-file - runTaskFromQueue task cost before running: 30 s 559 ms 
[2026-04-21T13:53:37.332] [INFO] debug-file - Finished :entry:default@ProcessCompiledResources... after 2 ms 
[2026-04-21T13:53:37.335] [DEBUG] debug-file - Executing task :entry:default@PackageHap
[2026-04-21T13:53:37.340] [DEBUG] debug-file - Use tool [E:\devecostudio-windows-6.1.0.830\DevEco Studio\sdk\default\openharmony\toolchains\lib\app_packing_tool.jar]
 [
  'java',
  '-Dfile.encoding=GBK',
  '-jar',
  'E:\\devecostudio-windows-6.1.0.830\\DevEco Studio\\sdk\\default\\openharmony\\toolchains\\lib\\app_packing_tool.jar',
  '--mode',
  'hap',
  '--force',
  'true',
  '--lib-path',
  'E:\\application\\DevEcoStudioProjects\\MyApplication\\entry\\build\\default\\intermediates\\stripped_native_libs\\default',
  '--json-path',
  'E:\\application\\DevEcoStudioProjects\\MyApplication\\entry\\build\\default\\intermediates\\package\\default\\module.json',
  '--resources-path',
  'E:\\application\\DevEcoStudioProjects\\MyApplication\\entry\\build\\default\\intermediates\\res\\default\\resources',
  '--index-path',
  'E:\\application\\DevEcoStudioProjects\\MyApplication\\entry\\build\\default\\intermediates\\res\\default\\resources.index',
  '--pack-info-path',
  'E:\\application\\DevEcoStudioProjects\\MyApplication\\entry\\build\\default\\outputs\\default\\pack.info',
  '--out-path',
  'E:\\application\\DevEcoStudioProjects\\MyApplication\\entry\\build\\default\\outputs\\default\\entry-default-unsigned.hap',
  '--ets-path',
  'E:\\application\\DevEcoStudioProjects\\MyApplication\\entry\\build\\default\\intermediates\\loader_out\\default\\ets',
  '--pkg-context-path',
  'E:\\application\\DevEcoStudioProjects\\MyApplication\\entry\\build\\default\\intermediates\\loader\\default\\pkgContextInfo.json'
]
[2026-04-21T13:53:37.342] [DEBUG] debug-file - default@PackageHap work[2] is submitted.
[2026-04-21T13:53:37.342] [DEBUG] debug-file - default@PackageHap work[2] is pushed to ready queue.
[2026-04-21T13:53:37.342] [DEBUG] debug-file - A work dispatched to worker[11] failed because unable to get work from ready queue.
[2026-04-21T13:53:37.342] [DEBUG] debug-file - default@PackageHap work[2] has been dispatched to worker[10].
[2026-04-21T13:53:37.342] [DEBUG] debug-file - default@PackageHap work[2] is dispatched.
[2026-04-21T13:53:37.346] [DEBUG] debug-file - entry : default@PackageHap cost memory 0.41820526123046875
[2026-04-21T13:53:37.562] [DEBUG] debug-file - current process  memoryUsage: {
  rss: 585138176,
  heapTotal: 49315840,
  heapUsed: 46927816,
  external: 2298140,
  arrayBuffers: 41194
} os memoryUsage :10.120895385742188
[2026-04-21T13:53:38.064] [DEBUG] debug-file - worker[10] has one work done.
[2026-04-21T13:53:38.064] [DEBUG] debug-file - default@PackageHap work[2] done.
[2026-04-21T13:53:38.065] [DEBUG] debug-file - A work dispatched to worker[10] failed because unable to get work from ready queue.
[2026-04-21T13:53:38.066] [INFO] debug-file - Finished :entry:default@PackageHap... after 521 ms 
[2026-04-21T13:53:38.068] [DEBUG] debug-file - Executing task :entry:default@PackingCheck
[2026-04-21T13:53:38.078] [DEBUG] debug-file - entry : default@PackingCheck cost memory 0.35630035400390625
[2026-04-21T13:53:38.078] [DEBUG] debug-file - runTaskFromQueue task cost before running: 31 s 306 ms 
[2026-04-21T13:53:38.078] [INFO] debug-file - Finished :entry:default@PackingCheck... after 10 ms 
[2026-04-21T13:53:38.081] [DEBUG] debug-file - Executing task :entry:default@SignHap
[2026-04-21T13:53:39.283] [DEBUG] debug-file - java daemon socket received message:{"code":0,"message":"verify profile success"}
[2026-04-21T13:53:39.319] [DEBUG] debug-file - java daemon socket close code:1000 reason:close by user
[2026-04-21T13:53:39.884] [DEBUG] debug-file - java daemon socket received message:{"code":0,"message":"sign app success"}
[2026-04-21T13:53:39.885] [DEBUG] debug-file - entry : default@SignHap cost memory 0.7262802124023438
[2026-04-21T13:53:39.886] [DEBUG] debug-file - runTaskFromQueue task cost before running: 33 s 113 ms 
[2026-04-21T13:53:39.887] [INFO] debug-file - Finished :entry:default@SignHap... after 1 s 805 ms 
[2026-04-21T13:53:39.896] [DEBUG] debug-file - Executing task :entry:default@CollectDebugSymbol
[2026-04-21T13:53:39.899] [DEBUG] debug-file - entry : default@CollectDebugSymbol cost memory 0.09329986572265625
[2026-04-21T13:53:39.900] [DEBUG] debug-file - runTaskFromQueue task cost before running: 33 s 127 ms 
[2026-04-21T13:53:39.901] [INFO] debug-file - Finished :entry:default@CollectDebugSymbol... after 5 ms 
[2026-04-21T13:53:39.902] [DEBUG] debug-file - Executing task :entry:assembleHap
[2026-04-21T13:53:39.902] [DEBUG] debug-file - entry : assembleHap cost memory 0.012847900390625
[2026-04-21T13:53:39.903] [DEBUG] debug-file - runTaskFromQueue task cost before running: 33 s 130 ms 
[2026-04-21T13:53:39.903] [INFO] debug-file - Finished :entry:assembleHap... after 1 ms 
[2026-04-21T13:53:39.922] [INFO] debug-file - BUILD SUCCESSFUL in 33 s 150 ms 
[2026-04-21T13:53:39.927] [DEBUG] debug-file - Update task entry:default@PreBuild input file:E:\application\DevEcoStudioProjects\MyApplication\AppScope\app.json5 cache by regenerate.
[2026-04-21T13:53:39.929] [DEBUG] debug-file - Update task entry:default@PreBuild input file:E:\application\DevEcoStudioProjects\MyApplication\entry\src\main\module.json5 cache by regenerate.
[2026-04-21T13:53:39.930] [DEBUG] debug-file - Update task entry:default@PreBuild input file:E:\application\DevEcoStudioProjects\MyApplication\build-profile.json5 cache by regenerate.
[2026-04-21T13:53:39.930] [DEBUG] debug-file - Update task entry:default@PreBuild input file:E:\application\DevEcoStudioProjects\MyApplication\entry\build-profile.json5 cache by regenerate.
[2026-04-21T13:53:39.931] [DEBUG] debug-file - Update task entry:default@PreBuild input file:E:\application\DevEcoStudioProjects\MyApplication\entry\src\main\resources\base\profile\main_pages.json cache by regenerate.
[2026-04-21T13:53:39.931] [DEBUG] debug-file - Update task entry:default@PreBuild input file:E:\application\DevEcoStudioProjects\MyApplication\hvigor\hvigor-config.json5 cache by regenerate.
[2026-04-21T13:53:39.932] [DEBUG] debug-file - Update task entry:default@PreBuild input file:E:\application\DevEcoStudioProjects\MyApplication\entry\src\mock\mock-config.json5 cache by regenerate.
[2026-04-21T13:53:39.933] [DEBUG] debug-file - Update task entry:default@PreBuild input file:E:\application\DevEcoStudioProjects\MyApplication\entry\oh-package.json5 cache by regenerate.
[2026-04-21T13:53:39.933] [DEBUG] debug-file - Update task entry:default@PreBuild input file:E:\application\DevEcoStudioProjects\MyApplication\oh-package.json5 cache by regenerate.
[2026-04-21T13:53:39.934] [DEBUG] debug-file - Incremental task entry:default@PreBuild post-execution cost:10 ms .
[2026-04-21T13:53:39.934] [DEBUG] debug-file - Update task entry:default@CreateModuleInfo output file:E:\application\DevEcoStudioProjects\MyApplication\entry\build\default\generated\profile\default\ModuleInfo.ts cache.
[2026-04-21T13:53:39.935] [DEBUG] debug-file - Incremental task entry:default@CreateModuleInfo post-execution cost:1 ms .
[2026-04-21T13:53:39.935] [DEBUG] debug-file - Update task entry:default@GenerateMetadata input file:E:\application\DevEcoStudioProjects\MyApplication\entry\src\main\module.json5 cache by regenerate.
[2026-04-21T13:53:39.935] [DEBUG] debug-file - Update task entry:default@GenerateMetadata output file:E:\application\DevEcoStudioProjects\MyApplication\entry\build\default\intermediates\hap_metadata\default\output_metadata.json cache.
[2026-04-21T13:53:39.936] [DEBUG] debug-file - Incremental task entry:default@GenerateMetadata post-execution cost:2 ms .
[2026-04-21T13:53:39.936] [DEBUG] debug-file - Update task entry:default@MergeProfile input file:E:\application\DevEcoStudioProjects\MyApplication\AppScope\app.json5 cache by regenerate.
[2026-04-21T13:53:39.936] [DEBUG] debug-file - Update task entry:default@MergeProfile input file:E:\application\DevEcoStudioProjects\MyApplication\build-profile.json5 cache by regenerate.
[2026-04-21T13:53:39.937] [DEBUG] debug-file - Update task entry:default@MergeProfile input file:E:\application\DevEcoStudioProjects\MyApplication\entry\src\main\module.json5 cache by regenerate.
[2026-04-21T13:53:39.937] [DEBUG] debug-file - Update task entry:default@MergeProfile output file:E:\application\DevEcoStudioProjects\MyApplication\entry\build\default\intermediates\merge_profile\default\module.json cache.
[2026-04-21T13:53:39.944] [DEBUG] debug-file - Incremental task entry:default@MergeProfile post-execution cost:9 ms .
[2026-04-21T13:53:39.945] [DEBUG] debug-file - Update task entry:default@CreateBuildProfile input file:E:\application\DevEcoStudioProjects\MyApplication\AppScope\app.json5 cache by regenerate.
[2026-04-21T13:53:39.945] [DEBUG] debug-file - Update task entry:default@CreateBuildProfile input file:E:\application\DevEcoStudioProjects\MyApplication\build-profile.json5 cache by regenerate.
[2026-04-21T13:53:39.946] [DEBUG] debug-file - Update task entry:default@CreateBuildProfile output file:E:\application\DevEcoStudioProjects\MyApplication\entry\build\default\generated\profile\default\BuildProfile.ets cache.
[2026-04-21T13:53:39.946] [DEBUG] debug-file - Incremental task entry:default@CreateBuildProfile post-execution cost:2 ms .
[2026-04-21T13:53:39.947] [DEBUG] debug-file - Update task entry:default@GeneratePkgContextInfo output file:E:\application\DevEcoStudioProjects\MyApplication\entry\build\default\intermediates\loader\default\pkgContextInfo.json cache.
[2026-04-21T13:53:39.949] [DEBUG] debug-file - Incremental task entry:default@GeneratePkgContextInfo post-execution cost:2 ms .
[2026-04-21T13:53:39.949] [DEBUG] debug-file - Update task entry:default@GeneratePkgSdkInfo output file:E:\application\DevEcoStudioProjects\MyApplication\entry\build\default\intermediates\loader\default\pkgSdkInfo.json cache.
[2026-04-21T13:53:39.949] [DEBUG] debug-file - Incremental task entry:default@GeneratePkgSdkInfo post-execution cost:1 ms .
[2026-04-21T13:53:39.950] [DEBUG] debug-file - Update task entry:default@ProcessIntegratedHsp output file:E:\application\DevEcoStudioProjects\MyApplication\build\cache\default\integrated_hsp\integratedHspCache.json cache.
[2026-04-21T13:53:39.950] [DEBUG] debug-file - Incremental task entry:default@ProcessIntegratedHsp post-execution cost:1 ms .
[2026-04-21T13:53:39.951] [DEBUG] debug-file - Update task entry:default@MakePackInfo input file:E:\application\DevEcoStudioProjects\MyApplication\AppScope\app.json5 cache by regenerate.
[2026-04-21T13:53:39.951] [DEBUG] debug-file - Update task entry:default@MakePackInfo input file:E:\application\DevEcoStudioProjects\MyApplication\entry\src\main\module.json5 cache by regenerate.
[2026-04-21T13:53:39.952] [DEBUG] debug-file - Update task entry:default@MakePackInfo input file:E:\application\DevEcoStudioProjects\MyApplication\build-profile.json5 cache by regenerate.
[2026-04-21T13:53:39.952] [DEBUG] debug-file - Update task entry:default@MakePackInfo input file:E:\application\DevEcoStudioProjects\MyApplication\entry\src\main\resources\base\profile\backup_config.json cache by regenerate.
[2026-04-21T13:53:39.953] [DEBUG] debug-file - Update task entry:default@MakePackInfo output file:E:\application\DevEcoStudioProjects\MyApplication\entry\build\default\outputs\default\pack.info cache.
[2026-04-21T13:53:39.953] [DEBUG] debug-file - Incremental task entry:default@MakePackInfo post-execution cost:4 ms .
[2026-04-21T13:53:39.954] [DEBUG] debug-file - Update task entry:default@SyscapTransform input file:E:\devecostudio-windows-6.1.0.830\DevEco Studio\sdk\default\openharmony\toolchains\syscap_tool.exe cache by regenerate.
[2026-04-21T13:53:39.954] [DEBUG] debug-file - Update task entry:default@SyscapTransform input file:E:\devecostudio-windows-6.1.0.830\DevEco Studio\sdk\default\openharmony\ets\api\device-define cache by regenerate.
[2026-04-21T13:53:39.958] [DEBUG] debug-file - Update task entry:default@SyscapTransform output file:E:\application\DevEcoStudioProjects\MyApplication\entry\build\default\intermediates\syscap\default\rpcid.sc cache.
[2026-04-21T13:53:39.959] [DEBUG] debug-file - Incremental task entry:default@SyscapTransform post-execution cost:6 ms .
[2026-04-21T13:53:39.960] [DEBUG] debug-file - Update task entry:default@ProcessProfile input file:E:\application\DevEcoStudioProjects\MyApplication\entry\build\default\intermediates\merge_profile\default\module.json cache by regenerate.
[2026-04-21T13:53:39.961] [DEBUG] debug-file - Update task entry:default@ProcessProfile output file:E:\application\DevEcoStudioProjects\MyApplication\entry\build\default\intermediates\process_profile\default\module.json cache.
[2026-04-21T13:53:39.961] [DEBUG] debug-file - Incremental task entry:default@ProcessProfile post-execution cost:2 ms .
[2026-04-21T13:53:39.962] [DEBUG] debug-file - Update task entry:default@ProcessRouterMap input file:E:\application\DevEcoStudioProjects\MyApplication\entry\oh-package.json5 cache by regenerate.
[2026-04-21T13:53:39.962] [DEBUG] debug-file - Update task entry:default@ProcessRouterMap input file:E:\application\DevEcoStudioProjects\MyApplication\oh-package.json5 cache by regenerate.
[2026-04-21T13:53:39.963] [DEBUG] debug-file - Update task entry:default@ProcessRouterMap input file:E:\application\DevEcoStudioProjects\MyApplication\entry\src\main\module.json5 cache by regenerate.
[2026-04-21T13:53:39.963] [DEBUG] debug-file - Update task entry:default@ProcessRouterMap input file:E:\application\DevEcoStudioProjects\MyApplication\entry\build\default\intermediates\loader\default\pkgContextInfo.json cache by regenerate.
[2026-04-21T13:53:39.964] [DEBUG] debug-file - Update task entry:default@ProcessRouterMap output file:E:\application\DevEcoStudioProjects\MyApplication\entry\build\default\intermediates\router_map\default\temp-router-map.json cache.
[2026-04-21T13:53:39.964] [DEBUG] debug-file - Update task entry:default@ProcessRouterMap output file:E:\application\DevEcoStudioProjects\MyApplication\entry\build\default\intermediates\router_map\default\loader-router-map.json cache.
[2026-04-21T13:53:39.965] [DEBUG] debug-file - Incremental task entry:default@ProcessRouterMap post-execution cost:4 ms .
[2026-04-21T13:53:39.965] [DEBUG] debug-file - Update task entry:default@ProcessShareConfig input file:E:\application\DevEcoStudioProjects\MyApplication\entry\oh-package.json5 cache by regenerate.
[2026-04-21T13:53:39.966] [DEBUG] debug-file - Update task entry:default@ProcessShareConfig input file:E:\application\DevEcoStudioProjects\MyApplication\oh-package.json5 cache by regenerate.
[2026-04-21T13:53:39.966] [DEBUG] debug-file - Update task entry:default@ProcessShareConfig input file:E:\application\DevEcoStudioProjects\MyApplication\entry\src\main\module.json5 cache by regenerate.
[2026-04-21T13:53:39.968] [DEBUG] debug-file - Update task entry:default@ProcessShareConfig input file:E:\application\DevEcoStudioProjects\MyApplication\entry\build\default\intermediates\loader\default\pkgContextInfo.json cache by regenerate.
[2026-04-21T13:53:39.969] [DEBUG] debug-file - Update task entry:default@ProcessShareConfig output file:E:\application\DevEcoStudioProjects\MyApplication\entry\build\default\intermediates\share_config\default\temp-share-config.json cache.
[2026-04-21T13:53:39.969] [DEBUG] debug-file - Incremental task entry:default@ProcessShareConfig post-execution cost:5 ms .
[2026-04-21T13:53:39.970] [DEBUG] debug-file - Update task entry:default@ProcessStartupConfig input file:E:\application\DevEcoStudioProjects\MyApplication\entry\build\default\intermediates\loader\default\pkgContextInfo.json cache by regenerate.
[2026-04-21T13:53:39.970] [DEBUG] debug-file - Update task entry:default@ProcessStartupConfig output file:E:\application\DevEcoStudioProjects\MyApplication\entry\build\default\intermediates\startup\default\startup_config.json cache.
[2026-04-21T13:53:39.971] [DEBUG] debug-file - Incremental task entry:default@ProcessStartupConfig post-execution cost:2 ms .
[2026-04-21T13:53:39.971] [DEBUG] debug-file - Update task entry:default@ProcessResource output file:E:\application\DevEcoStudioProjects\MyApplication\entry\build\default\intermediates\res\default\resConfig.json cache.
[2026-04-21T13:53:39.971] [DEBUG] debug-file - Update task entry:default@ProcessResource output file:E:\application\DevEcoStudioProjects\MyApplication\entry\build\default\intermediates\res\default\opt-compression.json cache.
[2026-04-21T13:53:39.972] [DEBUG] debug-file - Incremental task entry:default@ProcessResource post-execution cost:2 ms .
[2026-04-21T13:53:39.976] [DEBUG] debug-file - Update task entry:default@GenerateLoaderJson input file:E:\application\DevEcoStudioProjects\MyApplication\entry\src\mock\mock-config.json5 cache by regenerate.
[2026-04-21T13:53:39.977] [DEBUG] debug-file - Update task entry:default@GenerateLoaderJson input file:E:\application\DevEcoStudioProjects\MyApplication\entry\build\default\intermediates\loader\default\pkgContextInfo.json cache by regenerate.
[2026-04-21T13:53:39.978] [DEBUG] debug-file - Update task entry:default@GenerateLoaderJson input file:E:\application\DevEcoStudioProjects\MyApplication\entry\build\default\intermediates\router_map\default\temp-router-map.json cache by regenerate.
[2026-04-21T13:53:39.978] [DEBUG] debug-file - Update task entry:default@GenerateLoaderJson output file:E:\application\DevEcoStudioProjects\MyApplication\entry\build\default\intermediates\loader\default\loader.json cache.
[2026-04-21T13:53:39.979] [DEBUG] debug-file - Incremental task entry:default@GenerateLoaderJson post-execution cost:7 ms .
[2026-04-21T13:53:39.980] [DEBUG] debug-file - Update task entry:default@ProcessLibs input file:E:\application\DevEcoStudioProjects\MyApplication\build-profile.json5 cache by regenerate.
[2026-04-21T13:53:39.980] [DEBUG] debug-file - Update task entry:default@ProcessLibs input file:E:\application\DevEcoStudioProjects\MyApplication\entry\build-profile.json5 cache by regenerate.
[2026-04-21T13:53:39.981] [DEBUG] debug-file - Update task entry:default@ProcessLibs output file:E:\application\DevEcoStudioProjects\MyApplication\entry\build\default\intermediates\libs\default cache.
[2026-04-21T13:53:39.982] [DEBUG] debug-file - Incremental task entry:default@ProcessLibs post-execution cost:4 ms .
[2026-04-21T13:53:39.984] [DEBUG] debug-file - Update task entry:default@CompileResource input file:E:\application\DevEcoStudioProjects\MyApplication\entry\src\main\resources cache by regenerate.
[2026-04-21T13:53:39.992] [DEBUG] debug-file - Update task entry:default@CompileResource input file:E:\application\DevEcoStudioProjects\MyApplication\AppScope\resources cache by regenerate.
[2026-04-21T13:53:39.996] [DEBUG] debug-file - Update task entry:default@CompileResource input file:E:\application\DevEcoStudioProjects\MyApplication\entry\build\default\intermediates\process_profile\default\module.json cache by regenerate.
[2026-04-21T13:53:39.997] [DEBUG] debug-file - Update task entry:default@CompileResource input file:E:\application\DevEcoStudioProjects\MyApplication\entry\build\default\intermediates\res\default\resConfig.json cache by regenerate.
[2026-04-21T13:53:39.997] [DEBUG] debug-file - Update task entry:default@CompileResource output file:E:\application\DevEcoStudioProjects\MyApplication\entry\build\default\intermediates\res\default cache.
[2026-04-21T13:53:40.009] [DEBUG] debug-file - Update task entry:default@CompileResource output file:E:\application\DevEcoStudioProjects\MyApplication\entry\build\default\generated\r\default\ResourceTable.h cache.
[2026-04-21T13:53:40.010] [DEBUG] debug-file - Update task entry:default@CompileResource output file:E:\application\DevEcoStudioProjects\MyApplication\entry\build\default\generated\r\default\ResourceTable.ts cache.
[2026-04-21T13:53:40.010] [DEBUG] debug-file - Update task entry:default@CompileResource output file:E:\application\DevEcoStudioProjects\MyApplication\entry\build\default\generated\r\default cache.
[2026-04-21T13:53:40.012] [DEBUG] debug-file - Incremental task entry:default@CompileResource post-execution cost:30 ms .
[2026-04-21T13:53:40.012] [DEBUG] debug-file - Update task entry:default@DoNativeStrip input file:E:\application\DevEcoStudioProjects\MyApplication\entry\build\default\intermediates\libs\default cache by regenerate.
[2026-04-21T13:53:40.012] [DEBUG] debug-file - Update task entry:default@DoNativeStrip output file:E:\application\DevEcoStudioProjects\MyApplication\entry\build\default\intermediates\stripped_native_libs\default cache.
[2026-04-21T13:53:40.013] [DEBUG] debug-file - Incremental task entry:default@DoNativeStrip post-execution cost:2 ms .
[2026-04-21T13:53:40.015] [DEBUG] debug-file - Update task entry:default@CompileArkTS input file:E:\application\DevEcoStudioProjects\MyApplication\entry\build\default\intermediates\loader\default cache by regenerate.
[2026-04-21T13:53:40.016] [DEBUG] debug-file - Update task entry:default@CompileArkTS input file:E:\application\DevEcoStudioProjects\MyApplication\entry\build\default\intermediates\res\default\resources\rawfile cache by regenerate.
[2026-04-21T13:53:40.016] [DEBUG] debug-file - Update task entry:default@CompileArkTS input file:E:\application\DevEcoStudioProjects\MyApplication\entry\build\default\intermediates\res\default\ResourceTable.txt cache by regenerate.
[2026-04-21T13:53:40.017] [DEBUG] debug-file - Update task entry:default@CompileArkTS input file:E:\application\DevEcoStudioProjects\MyApplication\entry\build\default\intermediates\res\default\ark_module.json cache by regenerate.
[2026-04-21T13:53:40.017] [DEBUG] debug-file - Update task entry:default@CompileArkTS input file:E:\application\DevEcoStudioProjects\MyApplication\entry\build\default\intermediates\res\default\resources\base\profile cache by regenerate.
[2026-04-21T13:53:40.018] [DEBUG] debug-file - Update task entry:default@CompileArkTS input file:E:\application\DevEcoStudioProjects\MyApplication\entry\src\main\ets cache by regenerate.
[2026-04-21T13:53:40.022] [DEBUG] debug-file - Update task entry:default@CompileArkTS input file:E:\application\DevEcoStudioProjects\MyApplication\entry\build\default\intermediates\loader\default\pkgContextInfo.json cache by regenerate.
[2026-04-21T13:53:40.022] [DEBUG] debug-file - Update task entry:default@CompileArkTS input file:E:\application\DevEcoStudioProjects\MyApplication\entry\build\default\generated\profile\default\BuildProfile.ets cache by regenerate.
[2026-04-21T13:53:40.022] [DEBUG] debug-file - Update task entry:default@CompileArkTS input file:E:\application\DevEcoStudioProjects\MyApplication\entry\src\mock\mock-config.json5 cache by regenerate.
[2026-04-21T13:53:40.023] [DEBUG] debug-file - Update task entry:default@CompileArkTS output file:E:\application\DevEcoStudioProjects\MyApplication\entry\build\default\intermediates\loader_out\default\ets cache.
[2026-04-21T13:53:40.025] [DEBUG] debug-file - Incremental task entry:default@CompileArkTS post-execution cost:12 ms .
[2026-04-21T13:53:40.027] [DEBUG] debug-file - Update task entry:default@BuildJS input file:E:\application\DevEcoStudioProjects\MyApplication\entry\build\default\intermediates\loader\default cache by regenerate.
[2026-04-21T13:53:40.028] [DEBUG] debug-file - Update task entry:default@BuildJS input file:E:\application\DevEcoStudioProjects\MyApplication\entry\build\default\intermediates\res\default\resources\rawfile cache by regenerate.
[2026-04-21T13:53:40.029] [DEBUG] debug-file - Update task entry:default@BuildJS input file:E:\application\DevEcoStudioProjects\MyApplication\entry\build\default\intermediates\res\default\ResourceTable.txt cache by regenerate.
[2026-04-21T13:53:40.029] [DEBUG] debug-file - Update task entry:default@BuildJS input file:E:\application\DevEcoStudioProjects\MyApplication\entry\build\default\intermediates\res\default\ark_module.json cache by regenerate.
[2026-04-21T13:53:40.030] [DEBUG] debug-file - Update task entry:default@BuildJS input file:E:\application\DevEcoStudioProjects\MyApplication\entry\build\default\intermediates\res\default\resources\base\profile cache by regenerate.
[2026-04-21T13:53:40.031] [DEBUG] debug-file - Update task entry:default@BuildJS input file:E:\application\DevEcoStudioProjects\MyApplication\entry\build\default\intermediates\loader\default\pkgContextInfo.json cache by regenerate.
[2026-04-21T13:53:40.032] [DEBUG] debug-file - Update task entry:default@BuildJS output file:E:\application\DevEcoStudioProjects\MyApplication\entry\build\default\intermediates\loader_out\default\js cache.
[2026-04-21T13:53:40.032] [DEBUG] debug-file - Incremental task entry:default@BuildJS post-execution cost:8 ms .
[2026-04-21T13:53:40.033] [DEBUG] debug-file - Update task entry:default@CacheNativeLibs input file:E:\application\DevEcoStudioProjects\MyApplication\entry\build\default\intermediates\stripped_native_libs\default cache by regenerate.
[2026-04-21T13:53:40.033] [DEBUG] debug-file - Update task entry:default@CacheNativeLibs input file:E:\application\DevEcoStudioProjects\MyApplication\entry\build\default\intermediates\libs\default cache by regenerate.
[2026-04-21T13:53:40.034] [DEBUG] debug-file - Update task entry:default@CacheNativeLibs output file:E:\application\DevEcoStudioProjects\MyApplication\entry\build\default\intermediates\patch\default\base_native_libs.json cache.
[2026-04-21T13:53:40.034] [DEBUG] debug-file - Update task entry:default@CacheNativeLibs output file:E:\application\DevEcoStudioProjects\MyApplication\entry\build\default\intermediates\patch\default\binxo_native_libs.json cache.
[2026-04-21T13:53:40.035] [DEBUG] debug-file - Incremental task entry:default@CacheNativeLibs post-execution cost:2 ms .
[2026-04-21T13:53:40.035] [DEBUG] debug-file - Update task entry:default@GeneratePkgModuleJson input file:E:\application\DevEcoStudioProjects\MyApplication\entry\build\default\intermediates\res\default\module.json cache by regenerate.
[2026-04-21T13:53:40.035] [DEBUG] debug-file - Update task entry:default@GeneratePkgModuleJson output file:E:\application\DevEcoStudioProjects\MyApplication\entry\build\default\intermediates\package\default\module.json cache.
[2026-04-21T13:53:40.035] [DEBUG] debug-file - Incremental task entry:default@GeneratePkgModuleJson post-execution cost:1 ms .
[2026-04-21T13:53:40.036] [DEBUG] debug-file - Incremental task entry:default@ProcessCompiledResources post-execution cost:1 ms .
[2026-04-21T13:53:40.036] [DEBUG] debug-file - Update task entry:default@PackageHap input file:E:\application\DevEcoStudioProjects\MyApplication\entry\build\default\intermediates\stripped_native_libs\default cache by regenerate.
[2026-04-21T13:53:40.037] [DEBUG] debug-file - Update task entry:default@PackageHap input file:E:\application\DevEcoStudioProjects\MyApplication\entry\build\default\intermediates\res\default\module.json cache by regenerate.
[2026-04-21T13:53:40.038] [DEBUG] debug-file - Update task entry:default@PackageHap input file:E:\application\DevEcoStudioProjects\MyApplication\entry\build\default\intermediates\res\default\resources cache by regenerate.
[2026-04-21T13:53:40.048] [DEBUG] debug-file - Update task entry:default@PackageHap input file:E:\application\DevEcoStudioProjects\MyApplication\entry\build\default\intermediates\res\default\resources.index cache by regenerate.
[2026-04-21T13:53:40.049] [DEBUG] debug-file - Update task entry:default@PackageHap input file:E:\application\DevEcoStudioProjects\MyApplication\entry\build\default\outputs\default\pack.info cache by regenerate.
[2026-04-21T13:53:40.049] [DEBUG] debug-file - Update task entry:default@PackageHap input file:E:\application\DevEcoStudioProjects\MyApplication\entry\build\default\intermediates\loader_out\default\ets cache by regenerate.
[2026-04-21T13:53:40.050] [DEBUG] debug-file - Update task entry:default@PackageHap input file:E:\application\DevEcoStudioProjects\MyApplication\entry\build\default\intermediates\loader\default\pkgContextInfo.json cache by regenerate.
[2026-04-21T13:53:40.050] [DEBUG] debug-file - Update task entry:default@PackageHap input file:E:\application\DevEcoStudioProjects\MyApplication\entry\build\default\intermediates\loader_out\default\ets\sourceMaps.map cache by regenerate.
[2026-04-21T13:53:40.051] [DEBUG] debug-file - Update task entry:default@PackageHap input file:E:\application\DevEcoStudioProjects\MyApplication\entry\build\default\generated\profile\default\BuildProfile.ets cache by regenerate.
[2026-04-21T13:53:40.051] [DEBUG] debug-file - Update task entry:default@PackageHap output file:E:\application\DevEcoStudioProjects\MyApplication\entry\build\default\outputs\default\entry-default-unsigned.hap cache.
[2026-04-21T13:53:40.052] [DEBUG] debug-file - Update task entry:default@PackageHap output file:E:\application\DevEcoStudioProjects\MyApplication\entry\build\default\intermediates\source_map\default\sourceMaps.map cache.
[2026-04-21T13:53:40.052] [DEBUG] debug-file - Update task entry:default@PackageHap output file:E:\application\DevEcoStudioProjects\MyApplication\entry\build\default\outputs\default\mapping\sourceMaps.map cache.
[2026-04-21T13:53:40.052] [DEBUG] debug-file - Incremental task entry:default@PackageHap post-execution cost:17 ms .
[2026-04-21T13:53:40.053] [DEBUG] debug-file - Update task entry:default@SignHap input file:C:\Users\jeremy\.ohos\config\default_MyApplication_Thr90GYvKW5Kq6vrUTl5jOZ4hWpT6CDZekCtJa4CR7k=.cer cache by regenerate.
[2026-04-21T13:53:40.053] [DEBUG] debug-file - Update task entry:default@SignHap input file:C:\Users\jeremy\.ohos\config\default_MyApplication_Thr90GYvKW5Kq6vrUTl5jOZ4hWpT6CDZekCtJa4CR7k=.p7b cache by regenerate.
[2026-04-21T13:53:40.054] [DEBUG] debug-file - Update task entry:default@SignHap input file:C:\Users\jeremy\.ohos\config\default_MyApplication_Thr90GYvKW5Kq6vrUTl5jOZ4hWpT6CDZekCtJa4CR7k=.p12 cache by regenerate.
[2026-04-21T13:53:40.054] [DEBUG] debug-file - Update task entry:default@SignHap input file:E:\application\DevEcoStudioProjects\MyApplication\entry\build\default\outputs\default\entry-default-unsigned.hap cache by regenerate.
[2026-04-21T13:53:40.054] [DEBUG] debug-file - Update task entry:default@SignHap output file:E:\application\DevEcoStudioProjects\MyApplication\entry\build\default\outputs\default\entry-default-signed.hap cache.
[2026-04-21T13:53:40.055] [DEBUG] debug-file - Incremental task entry:default@SignHap post-execution cost:3 ms .
[2026-04-21T13:53:40.056] [DEBUG] debug-file - Update task entry:default@CollectDebugSymbol input file:E:\application\DevEcoStudioProjects\MyApplication\entry\build\default\intermediates\loader_out\default\ets\sourceMaps.map cache by regenerate.
[2026-04-21T13:53:40.056] [DEBUG] debug-file - Update task entry:default@CollectDebugSymbol input file:E:\application\DevEcoStudioProjects\MyApplication\entry\build\default\intermediates\libs\default cache by regenerate.
[2026-04-21T13:53:40.057] [DEBUG] debug-file - Update task entry:default@CollectDebugSymbol output file:E:\application\DevEcoStudioProjects\MyApplication\entry\build\default\outputs\default\symbol cache.
[2026-04-21T13:53:40.058] [DEBUG] debug-file - Incremental task entry:default@CollectDebugSymbol post-execution cost:4 ms .
[2026-04-21T13:53:40.111] [DEBUG] debug-file - Cleanup worker 10.
[2026-04-21T13:53:40.112] [DEBUG] debug-file - Worker 10 has been cleaned up.
[2026-04-21T13:53:40.112] [DEBUG] debug-file - Current idle worker size: 1.
[2026-04-21T13:53:40.112] [DEBUG] debug-file - Current resident worker size: 2.
[2026-04-21T13:53:40.114] [DEBUG] debug-file - hvigor build process will be closed.
[2026-04-21T13:53:40.115] [DEBUG] debug-file - java daemon socket close code:1000 reason:close by user
[2026-04-21T13:53:40.129] [DEBUG] debug-file - worker[10] exits with exit code 1.
[2026-04-21T13:53:40.148] [DEBUG] debug-file - session manager: send message to worker process.
[2026-04-21T13:53:40.149] [DEBUG] debug-file - session manager: send message to worker process.
[2026-04-21T13:53:40.149] [DEBUG] debug-file - watch worker: worker id should be larger than 0. Nothing will be sent to any worker thread.
[2026-04-21T13:53:40.149] [DEBUG] debug-file - watch worker: worker id should be larger than 0. Nothing will be sent to any worker thread.
[2026-04-21T14:02:06.311] [DEBUG] debug-file - session manager: set active socket. socketId=JGLuAnLmFDtlsiwjAAAF
[2026-04-21T14:02:06.339] [DEBUG] debug-file - watch worker: worker id should be larger than 0. Nothing will be sent to any worker thread.
[2026-04-21T14:02:06.344] [DEBUG] debug-file - Workers' log level updated to INFO
[2026-04-21T14:02:06.350] [DEBUG] debug-file - Hvigor init with startParameters:{
  hvigorfileTypeCheck: false,
  parallelExecution: true,
  incrementalExecution: true,
  printStackTrace: false,
  daemon: true,
  analyze: 0,
  logLevel: Level { level: 20000, levelStr: 'INFO', colour: 'green' },
  optimizationStrategy: 'memory',
  hotCompile: undefined,
  hotReloadBuild: undefined,
  customizedParam: undefined
}
[2026-04-21T14:02:06.400] [DEBUG] debug-file - Cache service initialization finished in 50 ms 
[2026-04-21T14:02:06.402] [DEBUG] debug-file - hvigorfile, resolving E:\application\DevEcoStudioProjects\MyApplication\hvigorfile.ts
[2026-04-21T14:02:06.414] [DEBUG] debug-file - hvigorfile, require result:  { default: { plugins: [] } }
[2026-04-21T14:02:06.414] [DEBUG] debug-file - hvigorfile, binding system plugins null
[2026-04-21T14:02:06.415] [DEBUG] debug-file - Starting plugin build process
[2026-04-21T14:02:06.415] [DEBUG] debug-file - App plugin prepare start...
[2026-04-21T14:02:06.415] [DEBUG] debug-file - App plugin prepare end...
[2026-04-21T14:02:06.415] [DEBUG] debug-file - App plugin creating...
[2026-04-21T14:02:06.433] [DEBUG] debug-file - App plugin register hook start...
[2026-04-21T14:02:06.433] [DEBUG] debug-file - App plugin register hook end...
[2026-04-21T14:02:06.433] [DEBUG] debug-file - Plugin build process completed
[2026-04-21T14:02:06.433] [DEBUG] debug-file - Start initialize project's product build option map with build mode debug.
[2026-04-21T14:02:06.434] [DEBUG] debug-file - Picking option from product 'default' with build mode 'debug'.
[2026-04-21T14:02:06.434] [DEBUG] debug-file - Product 'default' build option initialized
[2026-04-21T14:02:06.434] [DEBUG] debug-file - End initialize project's product build option map with build mode 'debug'.
[2026-04-21T14:02:06.436] [DEBUG] debug-file - Obtain build option for product 'default'in this build.
[2026-04-21T14:02:06.451] [DEBUG] debug-file - E:\application\DevEcoStudioProjects\MyApplication\build\cache\default\remote_hsp\remoteHspCache.json not exists.
[2026-04-21T14:02:06.465] [DEBUG] debug-file - Start recording SDK configuration permission data.
[2026-04-21T14:02:06.513] [DEBUG] debug-file - Sdk init in 52 ms 
[2026-04-21T14:02:06.521] [DEBUG] debug-file - Project task initialization takes 7 ms 
[2026-04-21T14:02:06.522] [DEBUG] debug-file - hvigorfile, begin to bind custom plugins...
[2026-04-21T14:02:06.522] [DEBUG] debug-file - hvigorfile, no custom plugins were found in E:\application\DevEcoStudioProjects\MyApplication\hvigorfile.ts
[2026-04-21T14:02:06.522] [DEBUG] debug-file - hvigorfile, resolve finished E:\application\DevEcoStudioProjects\MyApplication\hvigorfile.ts
[2026-04-21T14:02:06.522] [DEBUG] debug-file - hvigorfile, resolving E:\application\DevEcoStudioProjects\MyApplication\entry\hvigorfile.ts
[2026-04-21T14:02:06.534] [DEBUG] debug-file - hvigorfile, require result:  { default: { plugins: [] } }
[2026-04-21T14:02:06.534] [DEBUG] debug-file - hvigorfile, binding system plugins null
[2026-04-21T14:02:06.535] [DEBUG] debug-file - Starting plugin build process
[2026-04-21T14:02:06.535] [DEBUG] debug-file - Hap plugin creating...
[2026-04-21T14:02:06.538] [DEBUG] debug-file - failed to load cangjie to dynamically generate schemas: Error: Cannot find module '@ohos/cangjie-build-support/index'
Require stack:
- E:\devecostudio-windows-6.1.0.830\DevEco Studio\tools\hvigor\hvigor-ohos-plugin\src\plugin\hooks\cangjie-register.js
- E:\devecostudio-windows-6.1.0.830\DevEco Studio\tools\hvigor\hvigor-ohos-plugin\src\plugin\strategy\stage-init-strategy.js
- E:\devecostudio-windows-6.1.0.830\DevEco Studio\tools\hvigor\hvigor-ohos-plugin\src\plugin\builder\abstract-plugin-builder.js
- E:\devecostudio-windows-6.1.0.830\DevEco Studio\tools\hvigor\hvigor-ohos-plugin\src\plugin\builder\app-plugin-builder.js
- E:\devecostudio-windows-6.1.0.830\DevEco Studio\tools\hvigor\hvigor-ohos-plugin\src\plugin\factory\plugin-factory.js
- E:\devecostudio-windows-6.1.0.830\DevEco Studio\tools\hvigor\hvigor-ohos-plugin\index.js
- E:\application\DevEcoStudioProjects\MyApplication\hvigorfile.ts
- E:\devecostudio-windows-6.1.0.830\DevEco Studio\tools\hvigor\hvigor\src\base\internal\lifecycle\configuration.js
- E:\devecostudio-windows-6.1.0.830\DevEco Studio\tools\hvigor\hvigor\src\base\boot\index.js
- E:\devecostudio-windows-6.1.0.830\DevEco Studio\tools\hvigor\hvigor\src\base\daemon\cluster\worker-process-lifecycle.js
- E:\devecostudio-windows-6.1.0.830\DevEco Studio\tools\hvigor\hvigor\src\base\daemon\process\daemon-process-boot-script.js
[2026-04-21T14:02:06.542] [DEBUG] debug-file - Start initialize module-target build option map, moduleName=entry, buildMode=debug
[2026-04-21T14:02:06.542] [DEBUG] debug-file - Target 'default' config initialized
[2026-04-21T14:02:06.543] [DEBUG] debug-file - Target 'ohosTest' config initialized
[2026-04-21T14:02:06.544] [DEBUG] debug-file - Module 'entry' target 'default' build option initialized
[2026-04-21T14:02:06.544] [DEBUG] debug-file - Module 'entry' target 'ohosTest' build option initialized
[2026-04-21T14:02:06.544] [DEBUG] debug-file - End initialize module-target build option map, moduleName=entry
[2026-04-21T14:02:06.544] [DEBUG] debug-file - Start initialize module-target build option map, moduleName=entry, buildMode=release
[2026-04-21T14:02:06.544] [DEBUG] debug-file - Target 'default' config initialized
[2026-04-21T14:02:06.544] [DEBUG] debug-file - Target 'ohosTest' config initialized
[2026-04-21T14:02:06.544] [DEBUG] debug-file - Module 'entry' target 'default' build option initialized
[2026-04-21T14:02:06.544] [DEBUG] debug-file - Module 'entry' target 'ohosTest' build option initialized
[2026-04-21T14:02:06.544] [DEBUG] debug-file - End initialize module-target build option map, moduleName=entry
[2026-04-21T14:02:06.544] [DEBUG] debug-file - Start initialize module-target build option map, moduleName=entry, buildMode=debug
[2026-04-21T14:02:06.544] [DEBUG] debug-file - Target 'default' config initialized
[2026-04-21T14:02:06.545] [DEBUG] debug-file - Target 'ohosTest' config initialized
[2026-04-21T14:02:06.545] [DEBUG] debug-file - Module 'entry' target 'default' build option initialized
[2026-04-21T14:02:06.545] [DEBUG] debug-file - Module 'entry' target 'ohosTest' build option initialized
[2026-04-21T14:02:06.545] [DEBUG] debug-file - End initialize module-target build option map, moduleName=entry
[2026-04-21T14:02:06.545] [DEBUG] debug-file - Obtain build option for module 'entry' target 'default'in this build.
[2026-04-21T14:02:06.546] [DEBUG] debug-file - Module entry task initialization takes 1 ms 
[2026-04-21T14:02:06.546] [DEBUG] debug-file - Hap plugin register hook start...
[2026-04-21T14:02:06.546] [DEBUG] debug-file - Hap plugin register hook end...
[2026-04-21T14:02:06.546] [DEBUG] debug-file - Plugin build process completed
[2026-04-21T14:02:06.546] [DEBUG] debug-file - hvigorfile, begin to bind custom plugins...
[2026-04-21T14:02:06.546] [DEBUG] debug-file - hvigorfile, no custom plugins were found in E:\application\DevEcoStudioProjects\MyApplication\entry\hvigorfile.ts
[2026-04-21T14:02:06.547] [DEBUG] debug-file - hvigorfile, resolve finished E:\application\DevEcoStudioProjects\MyApplication\entry\hvigorfile.ts
[2026-04-21T14:02:06.565] [DEBUG] debug-file - hvigorfile, resolve hvigorfile dependencies in 19 ms 
[2026-04-21T14:02:06.566] [DEBUG] debug-file - project has submodules:entry
[2026-04-21T14:02:06.577] [DEBUG] debug-file - start to load updatedOhPackageInfo to the disk
[2026-04-21T14:02:06.591] [DEBUG] debug-file - load to the disk finished
[2026-04-21T14:02:06.592] [DEBUG] debug-file - Start to initialize dependency information.
[2026-04-21T14:02:06.597] [DEBUG] debug-file - Module MyApplication Collected Dependency: 
[2026-04-21T14:02:06.597] [DEBUG] debug-file - Module MyApplication's total dependency: 0
[2026-04-21T14:02:06.598] [DEBUG] debug-file - Start to initialize dependency information.
[2026-04-21T14:02:06.599] [DEBUG] debug-file - Module entry Collected Dependency: 
[2026-04-21T14:02:06.599] [DEBUG] debug-file - Module entry's total dependency: 0
[2026-04-21T14:02:06.601] [DEBUG] debug-file - Configuration phase cost:202 ms 
[2026-04-21T14:02:06.604] [DEBUG] debug-file - Configuration task cost before running: 260 ms 
[2026-04-21T14:02:06.609] [DEBUG] debug-file - Executing task :entry:default@PreBuild
[2026-04-21T14:02:06.610] [DEBUG] debug-file - Task 'entry:default@PreBuild' cost while wrapping incremental declarations: 1 ms 
[2026-04-21T14:02:06.623] [DEBUG] debug-file - Incremental task entry:default@PreBuild pre-execution cost: 10 ms .
[2026-04-21T14:02:06.623] [DEBUG] debug-file - entry : default@PreBuild cost memory 0.3458709716796875
[2026-04-21T14:02:06.626] [INFO] debug-file - UP-TO-DATE :entry:default@PreBuild...  
[2026-04-21T14:02:06.627] [DEBUG] debug-file - Executing task :entry:default@CreateModuleInfo
[2026-04-21T14:02:06.627] [DEBUG] debug-file - Task 'entry:default@CreateModuleInfo' cost while wrapping incremental declarations: 1 ms 
[2026-04-21T14:02:06.628] [DEBUG] debug-file - entry : default@CreateModuleInfo cost memory 0.04186248779296875
[2026-04-21T14:02:06.628] [DEBUG] debug-file - runTaskFromQueue task cost before running: 284 ms 
[2026-04-21T14:02:06.628] [INFO] debug-file - Finished :entry:default@CreateModuleInfo... after 1 ms 
[2026-04-21T14:02:06.633] [DEBUG] debug-file - Executing task :entry:default@GenerateMetadata
[2026-04-21T14:02:06.633] [DEBUG] debug-file - Task 'entry:default@GenerateMetadata' cost while wrapping incremental declarations: 1 ms 
[2026-04-21T14:02:06.636] [DEBUG] debug-file - Incremental task entry:default@GenerateMetadata pre-execution cost: 3 ms .
[2026-04-21T14:02:06.636] [DEBUG] debug-file - entry : default@GenerateMetadata cost memory 0.090728759765625
[2026-04-21T14:02:06.637] [INFO] debug-file - UP-TO-DATE :entry:default@GenerateMetadata...  
[2026-04-21T14:02:06.639] [DEBUG] debug-file - Executing task :entry:default@ConfigureCmake
[2026-04-21T14:02:06.640] [DEBUG] debug-file - entry : default@ConfigureCmake cost memory 0.0145416259765625
[2026-04-21T14:02:06.640] [DEBUG] debug-file - runTaskFromQueue task cost before running: 296 ms 
[2026-04-21T14:02:06.640] [INFO] debug-file - Finished :entry:default@ConfigureCmake... after 2 ms 
[2026-04-21T14:02:06.642] [DEBUG] debug-file - Executing task :entry:default@MergeProfile
[2026-04-21T14:02:06.643] [DEBUG] debug-file - Task 'entry:default@MergeProfile' cost while wrapping incremental declarations: 1 ms 
[2026-04-21T14:02:06.645] [DEBUG] debug-file - Incremental task entry:default@MergeProfile pre-execution cost: 3 ms .
[2026-04-21T14:02:06.645] [DEBUG] debug-file - entry : default@MergeProfile cost memory 0.13568115234375
[2026-04-21T14:02:06.646] [INFO] debug-file - UP-TO-DATE :entry:default@MergeProfile...  
[2026-04-21T14:02:06.648] [DEBUG] debug-file - Executing task :entry:default@CreateBuildProfile
[2026-04-21T14:02:06.649] [DEBUG] debug-file - Task 'entry:default@CreateBuildProfile' cost while wrapping incremental declarations: 1 ms 
[2026-04-21T14:02:06.650] [DEBUG] debug-file - Incremental task entry:default@CreateBuildProfile pre-execution cost: 2 ms .
[2026-04-21T14:02:06.651] [DEBUG] debug-file - entry : default@CreateBuildProfile cost memory 0.1077880859375
[2026-04-21T14:02:06.651] [INFO] debug-file - UP-TO-DATE :entry:default@CreateBuildProfile...  
[2026-04-21T14:02:06.654] [DEBUG] debug-file - Executing task :entry:default@PreCheckSyscap
[2026-04-21T14:02:06.655] [DEBUG] debug-file - entry : default@PreCheckSyscap cost memory 0.01476287841796875
[2026-04-21T14:02:06.655] [DEBUG] debug-file - runTaskFromQueue task cost before running: 311 ms 
[2026-04-21T14:02:06.655] [INFO] debug-file - Finished :entry:default@PreCheckSyscap... after 1 ms 
[2026-04-21T14:02:06.659] [DEBUG] debug-file - Executing task :entry:default@GeneratePkgContextInfo
[2026-04-21T14:02:06.663] [DEBUG] debug-file - Task 'entry:default@GeneratePkgContextInfo' cost while wrapping incremental declarations: 1 ms 
[2026-04-21T14:02:06.664] [DEBUG] debug-file - Incremental task entry:default@GeneratePkgContextInfo pre-execution cost: 1 ms .
[2026-04-21T14:02:06.664] [DEBUG] debug-file - entry : default@GeneratePkgContextInfo cost memory 0.2114715576171875
[2026-04-21T14:02:06.664] [INFO] debug-file - UP-TO-DATE :entry:default@GeneratePkgContextInfo...  
[2026-04-21T14:02:06.665] [DEBUG] debug-file - Executing task :entry:default@GeneratePkgSdkInfo
[2026-04-21T14:02:06.667] [DEBUG] debug-file - Task 'entry:default@GeneratePkgSdkInfo' cost while wrapping incremental declarations: 1 ms 
[2026-04-21T14:02:06.668] [DEBUG] debug-file - entry : default@GeneratePkgSdkInfo cost memory 0.12889862060546875
[2026-04-21T14:02:06.668] [DEBUG] debug-file - runTaskFromQueue task cost before running: 324 ms 
[2026-04-21T14:02:06.669] [INFO] debug-file - Finished :entry:default@GeneratePkgSdkInfo... after 4 ms 
[2026-04-21T14:02:06.675] [DEBUG] debug-file - Executing task :entry:default@ProcessIntegratedHsp
[2026-04-21T14:02:06.676] [DEBUG] debug-file - entry:default@ProcessIntegratedHsp is not up-to-date, since the output file 'E:\application\DevEcoStudioProjects\MyApplication\build\cache\default\integrated_hsp\integratedHspCache.json' does not exist.
[2026-04-21T14:02:06.676] [DEBUG] debug-file - Incremental task entry:default@ProcessIntegratedHsp pre-execution cost: 1 ms .
[2026-04-21T14:02:06.676] [DEBUG] debug-file - entry : default@ProcessIntegratedHsp cost memory 0.05759429931640625
[2026-04-21T14:02:06.676] [DEBUG] debug-file - runTaskFromQueue task cost before running: 332 ms 
[2026-04-21T14:02:06.676] [INFO] debug-file - Finished :entry:default@ProcessIntegratedHsp... after 2 ms 
[2026-04-21T14:02:06.677] [DEBUG] debug-file - Executing task :entry:default@BuildNativeWithCmake
[2026-04-21T14:02:06.678] [DEBUG] debug-file - entry : default@BuildNativeWithCmake cost memory 0.0145416259765625
[2026-04-21T14:02:06.678] [DEBUG] debug-file - runTaskFromQueue task cost before running: 333 ms 
[2026-04-21T14:02:06.678] [INFO] debug-file - Finished :entry:default@BuildNativeWithCmake... after 1 ms 
[2026-04-21T14:02:06.679] [DEBUG] debug-file - Executing task :entry:default@MakePackInfo
[2026-04-21T14:02:06.681] [DEBUG] debug-file - Incremental task entry:default@MakePackInfo pre-execution cost: 3 ms .
[2026-04-21T14:02:06.681] [DEBUG] debug-file - entry : default@MakePackInfo cost memory 0.13932037353515625
[2026-04-21T14:02:06.682] [INFO] debug-file - UP-TO-DATE :entry:default@MakePackInfo...  
[2026-04-21T14:02:06.683] [DEBUG] debug-file - Executing task :entry:default@SyscapTransform
[2026-04-21T14:02:06.683] [DEBUG] debug-file - File: 'E:\application\DevEcoStudioProjects\MyApplication\entry\src\main\syscap.json' from 'sysCapJsonPath' is not exists, just ignore.
[2026-04-21T14:02:06.684] [DEBUG] debug-file - Task 'entry:default@SyscapTransform' cost while wrapping incremental declarations: 1 ms 
[2026-04-21T14:02:06.687] [DEBUG] debug-file - entry:default@SyscapTransform is not up-to-date, since the output file 'E:\application\DevEcoStudioProjects\MyApplication\entry\build\default\intermediates\syscap\default\rpcid.sc' does not exist.
[2026-04-21T14:02:06.689] [DEBUG] debug-file - Incremental task entry:default@SyscapTransform pre-execution cost: 6 ms .
[2026-04-21T14:02:06.689] [DEBUG] debug-file - entry : default@SyscapTransform cost memory -1.3166351318359375
[2026-04-21T14:02:06.689] [DEBUG] debug-file - runTaskFromQueue task cost before running: 345 ms 
[2026-04-21T14:02:06.690] [INFO] debug-file - Finished :entry:default@SyscapTransform... after 7 ms 
[2026-04-21T14:02:06.691] [DEBUG] debug-file - Executing task :entry:default@ProcessProfile
[2026-04-21T14:02:06.700] [DEBUG] debug-file - Task 'entry:default@ProcessProfile' cost while wrapping incremental declarations: 1 ms 
[2026-04-21T14:02:06.701] [DEBUG] debug-file - Incremental task entry:default@ProcessProfile pre-execution cost: 2 ms .
[2026-04-21T14:02:06.702] [DEBUG] debug-file - entry : default@ProcessProfile cost memory 0.14025115966796875
[2026-04-21T14:02:06.702] [INFO] debug-file - UP-TO-DATE :entry:default@ProcessProfile...  
[2026-04-21T14:02:06.705] [DEBUG] debug-file - Executing task :entry:default@ProcessRouterMap
[2026-04-21T14:02:06.710] [DEBUG] debug-file - Incremental task entry:default@ProcessRouterMap pre-execution cost: 4 ms .
[2026-04-21T14:02:06.710] [DEBUG] debug-file - entry : default@ProcessRouterMap cost memory 0.16625213623046875
[2026-04-21T14:02:06.711] [INFO] debug-file - UP-TO-DATE :entry:default@ProcessRouterMap...  
[2026-04-21T14:02:06.712] [DEBUG] debug-file - Executing task :entry:default@ProcessShareConfig
[2026-04-21T14:02:06.715] [DEBUG] debug-file - Incremental task entry:default@ProcessShareConfig pre-execution cost: 2 ms .
[2026-04-21T14:02:06.715] [DEBUG] debug-file - entry : default@ProcessShareConfig cost memory 0.1424713134765625
[2026-04-21T14:02:06.715] [INFO] debug-file - UP-TO-DATE :entry:default@ProcessShareConfig...  
[2026-04-21T14:02:06.716] [DEBUG] debug-file - Executing task :entry:default@ProcessStartupConfig
[2026-04-21T14:02:06.716] [DEBUG] debug-file - Task 'entry:default@ProcessStartupConfig' cost while wrapping incremental declarations: 1 ms 
[2026-04-21T14:02:06.717] [DEBUG] debug-file - entry:default@ProcessStartupConfig is not up-to-date, since the output file 'E:\application\DevEcoStudioProjects\MyApplication\entry\build\default\intermediates\startup\default\startup_config.json' does not exist.
[2026-04-21T14:02:06.717] [DEBUG] debug-file - Incremental task entry:default@ProcessStartupConfig pre-execution cost: 1 ms .
[2026-04-21T14:02:06.728] [DEBUG] debug-file - entry : default@ProcessStartupConfig cost memory 0.13962554931640625
[2026-04-21T14:02:06.728] [DEBUG] debug-file - runTaskFromQueue task cost before running: 384 ms 
[2026-04-21T14:02:06.729] [INFO] debug-file - Finished :entry:default@ProcessStartupConfig... after 13 ms 
[2026-04-21T14:02:06.730] [DEBUG] debug-file - Executing task :entry:default@BuildNativeWithNinja
[2026-04-21T14:02:06.730] [DEBUG] debug-file - entry : default@BuildNativeWithNinja cost memory 0.02120208740234375
[2026-04-21T14:02:06.730] [DEBUG] debug-file - runTaskFromQueue task cost before running: 386 ms 
[2026-04-21T14:02:06.730] [INFO] debug-file - Finished :entry:default@BuildNativeWithNinja... after 1 ms 
[2026-04-21T14:02:06.731] [DEBUG] debug-file - restool module names: entry; moduleName=entry, taskName=default@ProcessResource
[2026-04-21T14:02:06.743] [DEBUG] debug-file - Executing task :entry:default@ProcessResource
[2026-04-21T14:02:06.743] [DEBUG] debug-file - Task 'entry:default@ProcessResource' cost while wrapping incremental declarations: 1 ms 
[2026-04-21T14:02:06.745] [DEBUG] debug-file - Incremental task entry:default@ProcessResource pre-execution cost: 2 ms .
[2026-04-21T14:02:06.745] [DEBUG] debug-file - entry : default@ProcessResource cost memory 0.146209716796875
[2026-04-21T14:02:06.746] [INFO] debug-file - UP-TO-DATE :entry:default@ProcessResource...  
[2026-04-21T14:02:06.748] [DEBUG] debug-file - Executing task :entry:default@GenerateLoaderJson
[2026-04-21T14:02:06.749] [DEBUG] debug-file - Task 'entry:default@GenerateLoaderJson' cost while wrapping incremental declarations: 1 ms 
[2026-04-21T14:02:06.766] [DEBUG] debug-file - Incremental task entry:default@GenerateLoaderJson pre-execution cost: 5 ms .
[2026-04-21T14:02:06.766] [DEBUG] debug-file - entry : default@GenerateLoaderJson cost memory 0.5338973999023438
[2026-04-21T14:02:06.771] [INFO] debug-file - UP-TO-DATE :entry:default@GenerateLoaderJson...  
[2026-04-21T14:02:06.773] [DEBUG] debug-file - Executing task :entry:default@ProcessLibs
[2026-04-21T14:02:06.776] [DEBUG] debug-file - Incremental task entry:default@ProcessLibs pre-execution cost: 2 ms .
[2026-04-21T14:02:06.777] [DEBUG] debug-file - entry : default@ProcessLibs cost memory 0.10601043701171875
[2026-04-21T14:02:06.777] [INFO] debug-file - UP-TO-DATE :entry:default@ProcessLibs...  
[2026-04-21T14:02:06.778] [DEBUG] debug-file - restool module names: entry; moduleName=entry, taskName=default@CompileResource
[2026-04-21T14:02:06.779] [DEBUG] debug-file - Executing task :entry:default@CompileResource
[2026-04-21T14:02:06.809] [DEBUG] debug-file - Incremental task entry:default@CompileResource pre-execution cost: 19 ms .
[2026-04-21T14:02:06.809] [DEBUG] debug-file - entry : default@CompileResource cost memory -0.9944534301757812
[2026-04-21T14:02:06.811] [INFO] debug-file - UP-TO-DATE :entry:default@CompileResource...  
[2026-04-21T14:02:06.812] [DEBUG] debug-file - Executing task :entry:default@DoNativeStrip
[2026-04-21T14:02:06.812] [DEBUG] debug-file - File: 'E:\application\DevEcoStudioProjects\MyApplication\entry\build\default\intermediates\binxo\default' from 'doBinxoNativeLibs' is not exists, just ignore.
[2026-04-21T14:02:06.812] [DEBUG] debug-file - Task 'entry:default@DoNativeStrip' cost while wrapping incremental declarations: 1 ms 
[2026-04-21T14:02:06.814] [DEBUG] debug-file - Incremental task entry:default@DoNativeStrip pre-execution cost: 2 ms .
[2026-04-21T14:02:06.814] [DEBUG] debug-file - entry : default@DoNativeStrip cost memory 0.0982208251953125
[2026-04-21T14:02:06.814] [INFO] debug-file - UP-TO-DATE :entry:default@DoNativeStrip...  
[2026-04-21T14:02:06.816] [DEBUG] debug-file - Executing task :entry:default@CompileArkTS
[2026-04-21T14:02:06.816] [DEBUG] debug-file - obfuscationOptions: undefined
[2026-04-21T14:02:06.819] [DEBUG] debug-file - Task 'entry:default@CompileArkTS' cost while wrapping incremental declarations: 1 ms 
[2026-04-21T14:02:06.838] [DEBUG] debug-file - Incremental task entry:default@CompileArkTS pre-execution cost: 16 ms .
[2026-04-21T14:02:06.838] [DEBUG] debug-file - entry : default@CompileArkTS cost memory 0.6469650268554688
[2026-04-21T14:02:06.842] [INFO] debug-file - UP-TO-DATE :entry:default@CompileArkTS...  
[2026-04-21T14:02:06.844] [DEBUG] debug-file - Executing task :entry:default@BuildJS
[2026-04-21T14:02:06.844] [DEBUG] debug-file - Task 'entry:default@BuildJS' cost while wrapping incremental declarations: 1 ms 
[2026-04-21T14:02:06.848] [DEBUG] debug-file - entry : default@BuildJS cost memory 0.16190338134765625
[2026-04-21T14:02:06.849] [DEBUG] debug-file - runTaskFromQueue task cost before running: 505 ms 
[2026-04-21T14:02:06.849] [INFO] debug-file - Finished :entry:default@BuildJS... after 5 ms 
[2026-04-21T14:02:06.850] [DEBUG] debug-file - Executing task :entry:default@CacheNativeLibs
[2026-04-21T14:02:06.851] [DEBUG] debug-file - File: 'E:\application\DevEcoStudioProjects\MyApplication\entry\build\default\intermediates\binxo\default' from 'cacheBinxoNativeLibs' is not exists, just ignore.
[2026-04-21T14:02:06.852] [DEBUG] debug-file - Task 'entry:default@CacheNativeLibs' cost while wrapping incremental declarations: 2 ms 
[2026-04-21T14:02:06.855] [DEBUG] debug-file - Incremental task entry:default@CacheNativeLibs pre-execution cost: 3 ms .
[2026-04-21T14:02:06.856] [DEBUG] debug-file - entry : default@CacheNativeLibs cost memory 0.128814697265625
[2026-04-21T14:02:06.856] [INFO] debug-file - UP-TO-DATE :entry:default@CacheNativeLibs...  
[2026-04-21T14:02:06.857] [DEBUG] debug-file - Executing task :entry:default@GeneratePkgModuleJson
[2026-04-21T14:02:06.858] [DEBUG] debug-file - File: 'E:\application\DevEcoStudioProjects\MyApplication\entry\build\default\intermediates\preload\default\preload.json' from 'preloadSoJsonPath' is not exists, just ignore.
[2026-04-21T14:02:06.858] [DEBUG] debug-file - Error occurs while handling @Input 'shouldDeduplicateHar': The "data" argument must be of type string or an instance of Buffer, TypedArray, or DataView. Received undefined
[2026-04-21T14:02:06.858] [DEBUG] debug-file - Task 'entry:default@GeneratePkgModuleJson' cost while wrapping incremental declarations: 1 ms 
[2026-04-21T14:02:06.860] [DEBUG] debug-file - Incremental task entry:default@GeneratePkgModuleJson pre-execution cost: 2 ms .
[2026-04-21T14:02:06.861] [DEBUG] debug-file - entry : default@GeneratePkgModuleJson cost memory -1.6339263916015625
[2026-04-21T14:02:06.861] [INFO] debug-file - UP-TO-DATE :entry:default@GeneratePkgModuleJson...  
[2026-04-21T14:02:06.862] [DEBUG] debug-file - Executing task :entry:default@ProcessCompiledResources
[2026-04-21T14:02:06.862] [DEBUG] debug-file - File: 'E:\application\DevEcoStudioProjects\MyApplication\entry\build\default\intermediates\preload\default\preload.json' from 'preloadSoJsonPath' is not exists, just ignore.
[2026-04-21T14:02:06.862] [DEBUG] debug-file - Task 'entry:default@ProcessCompiledResources' cost while wrapping incremental declarations: 1 ms 
[2026-04-21T14:02:06.862] [DEBUG] debug-file - entry : default@ProcessCompiledResources cost memory 0.05936431884765625
[2026-04-21T14:02:06.863] [DEBUG] debug-file - runTaskFromQueue task cost before running: 518 ms 
[2026-04-21T14:02:06.863] [INFO] debug-file - Finished :entry:default@ProcessCompiledResources... after 1 ms 
[2026-04-21T14:02:06.864] [DEBUG] debug-file - Executing task :entry:default@PackageHap
[2026-04-21T14:02:06.875] [DEBUG] debug-file - Incremental task entry:default@PackageHap pre-execution cost: 10 ms .
[2026-04-21T14:02:06.875] [DEBUG] debug-file - entry : default@PackageHap cost memory 0.5799713134765625
[2026-04-21T14:02:06.876] [INFO] debug-file - UP-TO-DATE :entry:default@PackageHap...  
[2026-04-21T14:02:06.878] [DEBUG] debug-file - Executing task :entry:default@PackingCheck
[2026-04-21T14:02:06.894] [DEBUG] debug-file - entry : default@PackingCheck cost memory 0.31748199462890625
[2026-04-21T14:02:06.894] [DEBUG] debug-file - runTaskFromQueue task cost before running: 550 ms 
[2026-04-21T14:02:06.894] [INFO] debug-file - Finished :entry:default@PackingCheck... after 17 ms 
[2026-04-21T14:02:06.896] [DEBUG] debug-file - Executing task :entry:default@SignHap
[2026-04-21T14:02:06.898] [DEBUG] debug-file - Incremental task entry:default@SignHap pre-execution cost: 3 ms .
[2026-04-21T14:02:06.899] [DEBUG] debug-file - entry : default@SignHap cost memory 0.1184844970703125
[2026-04-21T14:02:06.899] [INFO] debug-file - UP-TO-DATE :entry:default@SignHap...  
[2026-04-21T14:02:06.900] [DEBUG] debug-file - Executing task :entry:default@CollectDebugSymbol
[2026-04-21T14:02:06.903] [DEBUG] debug-file - entry : default@CollectDebugSymbol cost memory 0.09331512451171875
[2026-04-21T14:02:06.903] [DEBUG] debug-file - runTaskFromQueue task cost before running: 559 ms 
[2026-04-21T14:02:06.905] [INFO] debug-file - Finished :entry:default@CollectDebugSymbol... after 4 ms 
[2026-04-21T14:02:06.906] [DEBUG] debug-file - Executing task :entry:assembleHap
[2026-04-21T14:02:06.906] [DEBUG] debug-file - entry : assembleHap cost memory 0.0126800537109375
[2026-04-21T14:02:06.906] [DEBUG] debug-file - runTaskFromQueue task cost before running: 562 ms 
[2026-04-21T14:02:06.907] [INFO] debug-file - Finished :entry:assembleHap... after 1 ms 
[2026-04-21T14:02:06.916] [INFO] debug-file - BUILD SUCCESSFUL in 571 ms 
[2026-04-21T14:02:06.916] [DEBUG] debug-file - There is no need to refresh cache, since the incremental task entry:default@PreBuild is up-to-date.
[2026-04-21T14:02:06.916] [DEBUG] debug-file - Update task entry:default@CreateModuleInfo output file:E:\application\DevEcoStudioProjects\MyApplication\entry\build\default\generated\profile\default\ModuleInfo.ts cache.
[2026-04-21T14:02:06.917] [DEBUG] debug-file - Incremental task entry:default@CreateModuleInfo post-execution cost:1 ms .
[2026-04-21T14:02:06.917] [DEBUG] debug-file - There is no need to refresh cache, since the incremental task entry:default@GenerateMetadata is up-to-date.
[2026-04-21T14:02:06.917] [DEBUG] debug-file - There is no need to refresh cache, since the incremental task entry:default@MergeProfile is up-to-date.
[2026-04-21T14:02:06.917] [DEBUG] debug-file - There is no need to refresh cache, since the incremental task entry:default@CreateBuildProfile is up-to-date.
[2026-04-21T14:02:06.917] [DEBUG] debug-file - There is no need to refresh cache, since the incremental task entry:default@GeneratePkgContextInfo is up-to-date.
[2026-04-21T14:02:06.917] [DEBUG] debug-file - Update task entry:default@GeneratePkgSdkInfo output file:E:\application\DevEcoStudioProjects\MyApplication\entry\build\default\intermediates\loader\default\pkgSdkInfo.json cache.
[2026-04-21T14:02:06.918] [DEBUG] debug-file - Incremental task entry:default@GeneratePkgSdkInfo post-execution cost:1 ms .
[2026-04-21T14:02:06.918] [DEBUG] debug-file - Update task entry:default@ProcessIntegratedHsp output file:E:\application\DevEcoStudioProjects\MyApplication\build\cache\default\integrated_hsp\integratedHspCache.json cache.
[2026-04-21T14:02:06.919] [DEBUG] debug-file - Incremental task entry:default@ProcessIntegratedHsp post-execution cost:1 ms .
[2026-04-21T14:02:06.919] [DEBUG] debug-file - There is no need to refresh cache, since the incremental task entry:default@MakePackInfo is up-to-date.
[2026-04-21T14:02:06.919] [DEBUG] debug-file - Update task entry:default@SyscapTransform input file:E:\devecostudio-windows-6.1.0.830\DevEco Studio\sdk\default\openharmony\toolchains\syscap_tool.exe cache by regenerate.
[2026-04-21T14:02:06.920] [DEBUG] debug-file - Update task entry:default@SyscapTransform input file:E:\devecostudio-windows-6.1.0.830\DevEco Studio\sdk\default\openharmony\ets\api\device-define cache by regenerate.
[2026-04-21T14:02:06.922] [DEBUG] debug-file - Update task entry:default@SyscapTransform output file:E:\application\DevEcoStudioProjects\MyApplication\entry\build\default\intermediates\syscap\default\rpcid.sc cache.
[2026-04-21T14:02:06.922] [DEBUG] debug-file - Incremental task entry:default@SyscapTransform post-execution cost:4 ms .
[2026-04-21T14:02:06.922] [DEBUG] debug-file - There is no need to refresh cache, since the incremental task entry:default@ProcessProfile is up-to-date.
[2026-04-21T14:02:06.922] [DEBUG] debug-file - There is no need to refresh cache, since the incremental task entry:default@ProcessRouterMap is up-to-date.
[2026-04-21T14:02:06.922] [DEBUG] debug-file - There is no need to refresh cache, since the incremental task entry:default@ProcessShareConfig is up-to-date.
[2026-04-21T14:02:06.923] [DEBUG] debug-file - Update task entry:default@ProcessStartupConfig input file:E:\application\DevEcoStudioProjects\MyApplication\entry\build\default\intermediates\loader\default\pkgContextInfo.json cache by regenerate.
[2026-04-21T14:02:06.923] [DEBUG] debug-file - Update task entry:default@ProcessStartupConfig output file:E:\application\DevEcoStudioProjects\MyApplication\entry\build\default\intermediates\startup\default\startup_config.json cache.
[2026-04-21T14:02:06.924] [DEBUG] debug-file - Incremental task entry:default@ProcessStartupConfig post-execution cost:2 ms .
[2026-04-21T14:02:06.924] [DEBUG] debug-file - There is no need to refresh cache, since the incremental task entry:default@ProcessResource is up-to-date.
[2026-04-21T14:02:06.924] [DEBUG] debug-file - There is no need to refresh cache, since the incremental task entry:default@GenerateLoaderJson is up-to-date.
[2026-04-21T14:02:06.924] [DEBUG] debug-file - There is no need to refresh cache, since the incremental task entry:default@ProcessLibs is up-to-date.
[2026-04-21T14:02:06.924] [DEBUG] debug-file - There is no need to refresh cache, since the incremental task entry:default@CompileResource is up-to-date.
[2026-04-21T14:02:06.924] [DEBUG] debug-file - There is no need to refresh cache, since the incremental task entry:default@DoNativeStrip is up-to-date.
[2026-04-21T14:02:06.924] [DEBUG] debug-file - There is no need to refresh cache, since the incremental task entry:default@CompileArkTS is up-to-date.
[2026-04-21T14:02:06.926] [DEBUG] debug-file - Update task entry:default@BuildJS input file:E:\application\DevEcoStudioProjects\MyApplication\entry\build\default\intermediates\loader\default cache by regenerate.
[2026-04-21T14:02:06.927] [DEBUG] debug-file - Update task entry:default@BuildJS input file:E:\application\DevEcoStudioProjects\MyApplication\entry\build\default\intermediates\res\default\resources\rawfile cache by regenerate.
[2026-04-21T14:02:06.928] [DEBUG] debug-file - Update task entry:default@BuildJS input file:E:\application\DevEcoStudioProjects\MyApplication\entry\build\default\intermediates\res\default\ResourceTable.txt cache by regenerate.
[2026-04-21T14:02:06.929] [DEBUG] debug-file - Update task entry:default@BuildJS input file:E:\application\DevEcoStudioProjects\MyApplication\entry\build\default\intermediates\res\default\ark_module.json cache by regenerate.
[2026-04-21T14:02:06.929] [DEBUG] debug-file - Update task entry:default@BuildJS input file:E:\application\DevEcoStudioProjects\MyApplication\entry\build\default\intermediates\res\default\resources\base\profile cache by regenerate.
[2026-04-21T14:02:06.930] [DEBUG] debug-file - Update task entry:default@BuildJS input file:E:\application\DevEcoStudioProjects\MyApplication\entry\build\default\intermediates\loader\default\pkgContextInfo.json cache by regenerate.
[2026-04-21T14:02:06.930] [DEBUG] debug-file - Update task entry:default@BuildJS output file:E:\application\DevEcoStudioProjects\MyApplication\entry\build\default\intermediates\loader_out\default\js cache.
[2026-04-21T14:02:06.930] [DEBUG] debug-file - Incremental task entry:default@BuildJS post-execution cost:6 ms .
[2026-04-21T14:02:06.930] [DEBUG] debug-file - There is no need to refresh cache, since the incremental task entry:default@CacheNativeLibs is up-to-date.
[2026-04-21T14:02:06.931] [DEBUG] debug-file - There is no need to refresh cache, since the incremental task entry:default@GeneratePkgModuleJson is up-to-date.
[2026-04-21T14:02:06.931] [DEBUG] debug-file - Incremental task entry:default@ProcessCompiledResources post-execution cost:1 ms .
[2026-04-21T14:02:06.931] [DEBUG] debug-file - There is no need to refresh cache, since the incremental task entry:default@PackageHap is up-to-date.
[2026-04-21T14:02:06.931] [DEBUG] debug-file - There is no need to refresh cache, since the incremental task entry:default@SignHap is up-to-date.
[2026-04-21T14:02:06.931] [DEBUG] debug-file - Update task entry:default@CollectDebugSymbol input file:E:\application\DevEcoStudioProjects\MyApplication\entry\build\default\intermediates\loader_out\default\ets\sourceMaps.map cache by regenerate.
[2026-04-21T14:02:06.931] [DEBUG] debug-file - Update task entry:default@CollectDebugSymbol input file:E:\application\DevEcoStudioProjects\MyApplication\entry\build\default\intermediates\libs\default cache by regenerate.
[2026-04-21T14:02:06.932] [DEBUG] debug-file - Update task entry:default@CollectDebugSymbol output file:E:\application\DevEcoStudioProjects\MyApplication\entry\build\default\outputs\default\symbol cache.
[2026-04-21T14:02:06.932] [DEBUG] debug-file - Incremental task entry:default@CollectDebugSymbol post-execution cost:2 ms .
[2026-04-21T14:02:06.965] [DEBUG] debug-file - hvigor build process will be closed.
[2026-04-21T14:02:06.978] [DEBUG] debug-file - session manager: send message to worker process.
[2026-04-21T14:02:06.978] [DEBUG] debug-file - session manager: send message to worker process.
[2026-04-21T14:02:06.978] [DEBUG] debug-file - watch worker: worker id should be larger than 0. Nothing will be sent to any worker thread.
[2026-04-21T14:02:06.978] [DEBUG] debug-file - watch worker: worker id should be larger than 0. Nothing will be sent to any worker thread.
[2026-04-21T14:08:44.417] [DEBUG] debug-file - session manager: set active socket. socketId=XRBEsP3TeLkLFT9nAAAH
[2026-04-21T14:08:44.447] [DEBUG] debug-file - watch worker: worker id should be larger than 0. Nothing will be sent to any worker thread.
[2026-04-21T14:08:44.454] [DEBUG] debug-file - Workers' log level updated to INFO
[2026-04-21T14:08:44.461] [DEBUG] debug-file - Hvigor init with startParameters:{
  hvigorfileTypeCheck: false,
  parallelExecution: true,
  incrementalExecution: true,
  printStackTrace: false,
  daemon: true,
  analyze: 0,
  logLevel: Level { level: 20000, levelStr: 'INFO', colour: 'green' },
  optimizationStrategy: 'memory',
  hotCompile: undefined,
  hotReloadBuild: undefined,
  customizedParam: undefined
}
[2026-04-21T14:08:44.471] [DEBUG] debug-file - Cache service initialization finished in 10 ms 
[2026-04-21T14:08:44.472] [DEBUG] debug-file - hvigorfile, resolving E:\application\DevEcoStudioProjects\MyApplication\hvigorfile.ts
[2026-04-21T14:08:44.480] [DEBUG] debug-file - hvigorfile, require result:  { default: { plugins: [] } }
[2026-04-21T14:08:44.481] [DEBUG] debug-file - hvigorfile, binding system plugins null
[2026-04-21T14:08:44.481] [DEBUG] debug-file - Starting plugin build process
[2026-04-21T14:08:44.482] [DEBUG] debug-file - App plugin prepare start...
[2026-04-21T14:08:44.482] [DEBUG] debug-file - App plugin prepare end...
[2026-04-21T14:08:44.482] [DEBUG] debug-file - App plugin creating...
[2026-04-21T14:08:44.487] [DEBUG] debug-file - App plugin register hook start...
[2026-04-21T14:08:44.487] [DEBUG] debug-file - App plugin register hook end...
[2026-04-21T14:08:44.487] [DEBUG] debug-file - Plugin build process completed
[2026-04-21T14:08:44.487] [DEBUG] debug-file - Start initialize project's product build option map with build mode debug.
[2026-04-21T14:08:44.487] [DEBUG] debug-file - Picking option from product 'default' with build mode 'debug'.
[2026-04-21T14:08:44.488] [DEBUG] debug-file - Product 'default' build option initialized
[2026-04-21T14:08:44.488] [DEBUG] debug-file - End initialize project's product build option map with build mode 'debug'.
[2026-04-21T14:08:44.488] [DEBUG] debug-file - Obtain build option for product 'default'in this build.
[2026-04-21T14:08:44.490] [DEBUG] debug-file - E:\application\DevEcoStudioProjects\MyApplication\build\cache\default\remote_hsp\remoteHspCache.json not exists.
[2026-04-21T14:08:44.494] [DEBUG] debug-file - Start recording SDK configuration permission data.
[2026-04-21T14:08:44.526] [DEBUG] debug-file - Sdk init in 36 ms 
[2026-04-21T14:08:44.532] [DEBUG] debug-file - Project task initialization takes 6 ms 
[2026-04-21T14:08:44.532] [DEBUG] debug-file - hvigorfile, begin to bind custom plugins...
[2026-04-21T14:08:44.533] [DEBUG] debug-file - hvigorfile, no custom plugins were found in E:\application\DevEcoStudioProjects\MyApplication\hvigorfile.ts
[2026-04-21T14:08:44.533] [DEBUG] debug-file - hvigorfile, resolve finished E:\application\DevEcoStudioProjects\MyApplication\hvigorfile.ts
[2026-04-21T14:08:44.533] [DEBUG] debug-file - hvigorfile, resolving E:\application\DevEcoStudioProjects\MyApplication\entry\hvigorfile.ts
[2026-04-21T14:08:44.538] [DEBUG] debug-file - hvigorfile, require result:  { default: { plugins: [] } }
[2026-04-21T14:08:44.539] [DEBUG] debug-file - hvigorfile, binding system plugins null
[2026-04-21T14:08:44.539] [DEBUG] debug-file - Starting plugin build process
[2026-04-21T14:08:44.539] [DEBUG] debug-file - Hap plugin creating...
[2026-04-21T14:08:44.540] [DEBUG] debug-file - failed to load cangjie to dynamically generate schemas: Error: Cannot find module '@ohos/cangjie-build-support/index'
Require stack:
- E:\devecostudio-windows-6.1.0.830\DevEco Studio\tools\hvigor\hvigor-ohos-plugin\src\plugin\hooks\cangjie-register.js
- E:\devecostudio-windows-6.1.0.830\DevEco Studio\tools\hvigor\hvigor-ohos-plugin\src\plugin\strategy\stage-init-strategy.js
- E:\devecostudio-windows-6.1.0.830\DevEco Studio\tools\hvigor\hvigor-ohos-plugin\src\plugin\builder\abstract-plugin-builder.js
- E:\devecostudio-windows-6.1.0.830\DevEco Studio\tools\hvigor\hvigor-ohos-plugin\src\plugin\builder\app-plugin-builder.js
- E:\devecostudio-windows-6.1.0.830\DevEco Studio\tools\hvigor\hvigor-ohos-plugin\src\plugin\factory\plugin-factory.js
- E:\devecostudio-windows-6.1.0.830\DevEco Studio\tools\hvigor\hvigor-ohos-plugin\index.js
- E:\application\DevEcoStudioProjects\MyApplication\hvigorfile.ts
- E:\devecostudio-windows-6.1.0.830\DevEco Studio\tools\hvigor\hvigor\src\base\internal\lifecycle\configuration.js
- E:\devecostudio-windows-6.1.0.830\DevEco Studio\tools\hvigor\hvigor\src\base\boot\index.js
- E:\devecostudio-windows-6.1.0.830\DevEco Studio\tools\hvigor\hvigor\src\base\daemon\cluster\worker-process-lifecycle.js
- E:\devecostudio-windows-6.1.0.830\DevEco Studio\tools\hvigor\hvigor\src\base\daemon\process\daemon-process-boot-script.js
[2026-04-21T14:08:44.542] [DEBUG] debug-file - Start initialize module-target build option map, moduleName=entry, buildMode=debug
[2026-04-21T14:08:44.542] [DEBUG] debug-file - Target 'default' config initialized
[2026-04-21T14:08:44.543] [DEBUG] debug-file - Target 'ohosTest' config initialized
[2026-04-21T14:08:44.543] [DEBUG] debug-file - Module 'entry' target 'default' build option initialized
[2026-04-21T14:08:44.543] [DEBUG] debug-file - Module 'entry' target 'ohosTest' build option initialized
[2026-04-21T14:08:44.543] [DEBUG] debug-file - End initialize module-target build option map, moduleName=entry
[2026-04-21T14:08:44.544] [DEBUG] debug-file - Start initialize module-target build option map, moduleName=entry, buildMode=release
[2026-04-21T14:08:44.544] [DEBUG] debug-file - Target 'default' config initialized
[2026-04-21T14:08:44.544] [DEBUG] debug-file - Target 'ohosTest' config initialized
[2026-04-21T14:08:44.544] [DEBUG] debug-file - Module 'entry' target 'default' build option initialized
[2026-04-21T14:08:44.544] [DEBUG] debug-file - Module 'entry' target 'ohosTest' build option initialized
[2026-04-21T14:08:44.544] [DEBUG] debug-file - End initialize module-target build option map, moduleName=entry
[2026-04-21T14:08:44.544] [DEBUG] debug-file - Start initialize module-target build option map, moduleName=entry, buildMode=debug
[2026-04-21T14:08:44.544] [DEBUG] debug-file - Target 'default' config initialized
[2026-04-21T14:08:44.544] [DEBUG] debug-file - Target 'ohosTest' config initialized
[2026-04-21T14:08:44.545] [DEBUG] debug-file - Module 'entry' target 'default' build option initialized
[2026-04-21T14:08:44.545] [DEBUG] debug-file - Module 'entry' target 'ohosTest' build option initialized
[2026-04-21T14:08:44.545] [DEBUG] debug-file - End initialize module-target build option map, moduleName=entry
[2026-04-21T14:08:44.545] [DEBUG] debug-file - Obtain build option for module 'entry' target 'default'in this build.
[2026-04-21T14:08:44.548] [DEBUG] debug-file - Module entry task initialization takes 2 ms 
[2026-04-21T14:08:44.548] [DEBUG] debug-file - Hap plugin register hook start...
[2026-04-21T14:08:44.548] [DEBUG] debug-file - Hap plugin register hook end...
[2026-04-21T14:08:44.548] [DEBUG] debug-file - Plugin build process completed
[2026-04-21T14:08:44.548] [DEBUG] debug-file - hvigorfile, begin to bind custom plugins...
[2026-04-21T14:08:44.548] [DEBUG] debug-file - hvigorfile, no custom plugins were found in E:\application\DevEcoStudioProjects\MyApplication\entry\hvigorfile.ts
[2026-04-21T14:08:44.548] [DEBUG] debug-file - hvigorfile, resolve finished E:\application\DevEcoStudioProjects\MyApplication\entry\hvigorfile.ts
[2026-04-21T14:08:44.567] [DEBUG] debug-file - hvigorfile, resolve hvigorfile dependencies in 19 ms 
[2026-04-21T14:08:44.567] [DEBUG] debug-file - project has submodules:entry
[2026-04-21T14:08:44.570] [DEBUG] debug-file - start to load updatedOhPackageInfo to the disk
[2026-04-21T14:08:44.573] [DEBUG] debug-file - load to the disk finished
[2026-04-21T14:08:44.573] [DEBUG] debug-file - Start to initialize dependency information.
[2026-04-21T14:08:44.579] [DEBUG] debug-file - Module MyApplication Collected Dependency: 
[2026-04-21T14:08:44.580] [DEBUG] debug-file - Module MyApplication's total dependency: 0
[2026-04-21T14:08:44.582] [DEBUG] debug-file - Start to initialize dependency information.
[2026-04-21T14:08:44.585] [DEBUG] debug-file - Module entry Collected Dependency: 
[2026-04-21T14:08:44.585] [DEBUG] debug-file - Module entry's total dependency: 0
[2026-04-21T14:08:44.587] [DEBUG] debug-file - Configuration phase cost:116 ms 
[2026-04-21T14:08:44.588] [DEBUG] debug-file - Configuration task cost before running: 133 ms 
[2026-04-21T14:08:44.593] [DEBUG] debug-file - Executing task :entry:default@PreBuild
[2026-04-21T14:08:44.594] [DEBUG] debug-file - Task 'entry:default@PreBuild' cost while wrapping incremental declarations: 1 ms 
[2026-04-21T14:08:44.606] [DEBUG] debug-file - Incremental task entry:default@PreBuild pre-execution cost: 9 ms .
[2026-04-21T14:08:44.606] [DEBUG] debug-file - entry : default@PreBuild cost memory 0.5738143920898438
[2026-04-21T14:08:44.610] [INFO] debug-file - UP-TO-DATE :entry:default@PreBuild...  
[2026-04-21T14:08:44.611] [DEBUG] debug-file - Executing task :entry:default@CreateModuleInfo
[2026-04-21T14:08:44.611] [DEBUG] debug-file - Task 'entry:default@CreateModuleInfo' cost while wrapping incremental declarations: 1 ms 
[2026-04-21T14:08:44.612] [DEBUG] debug-file - entry : default@CreateModuleInfo cost memory 0.04196929931640625
[2026-04-21T14:08:44.613] [DEBUG] debug-file - runTaskFromQueue task cost before running: 158 ms 
[2026-04-21T14:08:44.614] [INFO] debug-file - Finished :entry:default@CreateModuleInfo... after 2 ms 
[2026-04-21T14:08:44.621] [DEBUG] debug-file - Executing task :entry:default@GenerateMetadata
[2026-04-21T14:08:44.621] [DEBUG] debug-file - Task 'entry:default@GenerateMetadata' cost while wrapping incremental declarations: 1 ms 
[2026-04-21T14:08:44.622] [DEBUG] debug-file - Incremental task entry:default@GenerateMetadata pre-execution cost: 1 ms .
[2026-04-21T14:08:44.622] [DEBUG] debug-file - entry : default@GenerateMetadata cost memory 0.08724212646484375
[2026-04-21T14:08:44.622] [INFO] debug-file - UP-TO-DATE :entry:default@GenerateMetadata...  
[2026-04-21T14:08:44.623] [DEBUG] debug-file - Executing task :entry:default@ConfigureCmake
[2026-04-21T14:08:44.623] [DEBUG] debug-file - entry : default@ConfigureCmake cost memory 0.0145416259765625
[2026-04-21T14:08:44.623] [DEBUG] debug-file - runTaskFromQueue task cost before running: 168 ms 
[2026-04-21T14:08:44.624] [INFO] debug-file - Finished :entry:default@ConfigureCmake... after 1 ms 
[2026-04-21T14:08:44.624] [DEBUG] debug-file - Executing task :entry:default@MergeProfile
[2026-04-21T14:08:44.624] [DEBUG] debug-file - Task 'entry:default@MergeProfile' cost while wrapping incremental declarations: 1 ms 
[2026-04-21T14:08:44.626] [DEBUG] debug-file - Incremental task entry:default@MergeProfile pre-execution cost: 2 ms .
[2026-04-21T14:08:44.626] [DEBUG] debug-file - entry : default@MergeProfile cost memory 0.13592529296875
[2026-04-21T14:08:44.626] [INFO] debug-file - UP-TO-DATE :entry:default@MergeProfile...  
[2026-04-21T14:08:44.627] [DEBUG] debug-file - Executing task :entry:default@CreateBuildProfile
[2026-04-21T14:08:44.628] [DEBUG] debug-file - Task 'entry:default@CreateBuildProfile' cost while wrapping incremental declarations: 1 ms 
[2026-04-21T14:08:44.630] [DEBUG] debug-file - Incremental task entry:default@CreateBuildProfile pre-execution cost: 2 ms .
[2026-04-21T14:08:44.630] [DEBUG] debug-file - entry : default@CreateBuildProfile cost memory 0.10753631591796875
[2026-04-21T14:08:44.631] [INFO] debug-file - UP-TO-DATE :entry:default@CreateBuildProfile...  
[2026-04-21T14:08:44.633] [DEBUG] debug-file - Executing task :entry:default@PreCheckSyscap
[2026-04-21T14:08:44.633] [DEBUG] debug-file - entry : default@PreCheckSyscap cost memory 0.01476287841796875
[2026-04-21T14:08:44.633] [DEBUG] debug-file - runTaskFromQueue task cost before running: 178 ms 
[2026-04-21T14:08:44.634] [INFO] debug-file - Finished :entry:default@PreCheckSyscap... after 1 ms 
[2026-04-21T14:08:44.636] [DEBUG] debug-file - Executing task :entry:default@GeneratePkgContextInfo
[2026-04-21T14:08:44.640] [DEBUG] debug-file - Task 'entry:default@GeneratePkgContextInfo' cost while wrapping incremental declarations: 1 ms 
[2026-04-21T14:08:44.641] [DEBUG] debug-file - Incremental task entry:default@GeneratePkgContextInfo pre-execution cost: 1 ms .
[2026-04-21T14:08:44.641] [DEBUG] debug-file - entry : default@GeneratePkgContextInfo cost memory 0.20989990234375
[2026-04-21T14:08:44.641] [INFO] debug-file - UP-TO-DATE :entry:default@GeneratePkgContextInfo...  
[2026-04-21T14:08:44.642] [DEBUG] debug-file - Executing task :entry:default@GeneratePkgSdkInfo
[2026-04-21T14:08:44.644] [DEBUG] debug-file - Task 'entry:default@GeneratePkgSdkInfo' cost while wrapping incremental declarations: 1 ms 
[2026-04-21T14:08:44.644] [DEBUG] debug-file - entry : default@GeneratePkgSdkInfo cost memory 0.1289825439453125
[2026-04-21T14:08:44.644] [DEBUG] debug-file - runTaskFromQueue task cost before running: 189 ms 
[2026-04-21T14:08:44.644] [INFO] debug-file - Finished :entry:default@GeneratePkgSdkInfo... after 3 ms 
[2026-04-21T14:08:44.651] [DEBUG] debug-file - Executing task :entry:default@ProcessIntegratedHsp
[2026-04-21T14:08:44.652] [DEBUG] debug-file - entry:default@ProcessIntegratedHsp is not up-to-date, since the output file 'E:\application\DevEcoStudioProjects\MyApplication\build\cache\default\integrated_hsp\integratedHspCache.json' does not exist.
[2026-04-21T14:08:44.652] [DEBUG] debug-file - Incremental task entry:default@ProcessIntegratedHsp pre-execution cost: 1 ms .
[2026-04-21T14:08:44.652] [DEBUG] debug-file - entry : default@ProcessIntegratedHsp cost memory 0.05774688720703125
[2026-04-21T14:08:44.652] [DEBUG] debug-file - runTaskFromQueue task cost before running: 197 ms 
[2026-04-21T14:08:44.653] [INFO] debug-file - Finished :entry:default@ProcessIntegratedHsp... after 1 ms 
[2026-04-21T14:08:44.655] [DEBUG] debug-file - Executing task :entry:default@BuildNativeWithCmake
[2026-04-21T14:08:44.655] [DEBUG] debug-file - entry : default@BuildNativeWithCmake cost memory 0.0145416259765625
[2026-04-21T14:08:44.655] [DEBUG] debug-file - runTaskFromQueue task cost before running: 200 ms 
[2026-04-21T14:08:44.655] [INFO] debug-file - Finished :entry:default@BuildNativeWithCmake... after 1 ms 
[2026-04-21T14:08:44.657] [DEBUG] debug-file - Executing task :entry:default@MakePackInfo
[2026-04-21T14:08:44.660] [DEBUG] debug-file - Incremental task entry:default@MakePackInfo pre-execution cost: 3 ms .
[2026-04-21T14:08:44.660] [DEBUG] debug-file - entry : default@MakePackInfo cost memory 0.138336181640625
[2026-04-21T14:08:44.660] [INFO] debug-file - UP-TO-DATE :entry:default@MakePackInfo...  
[2026-04-21T14:08:44.663] [DEBUG] debug-file - Executing task :entry:default@SyscapTransform
[2026-04-21T14:08:44.665] [DEBUG] debug-file - File: 'E:\application\DevEcoStudioProjects\MyApplication\entry\src\main\syscap.json' from 'sysCapJsonPath' is not exists, just ignore.
[2026-04-21T14:08:44.667] [DEBUG] debug-file - Task 'entry:default@SyscapTransform' cost while wrapping incremental declarations: 2 ms 
[2026-04-21T14:08:44.671] [DEBUG] debug-file - entry:default@SyscapTransform is not up-to-date, since the output file 'E:\application\DevEcoStudioProjects\MyApplication\entry\build\default\intermediates\syscap\default\rpcid.sc' does not exist.
[2026-04-21T14:08:44.671] [DEBUG] debug-file - Incremental task entry:default@SyscapTransform pre-execution cost: 4 ms .
[2026-04-21T14:08:44.671] [DEBUG] debug-file - entry : default@SyscapTransform cost memory 0.1493988037109375
[2026-04-21T14:08:44.672] [DEBUG] debug-file - runTaskFromQueue task cost before running: 217 ms 
[2026-04-21T14:08:44.672] [INFO] debug-file - Finished :entry:default@SyscapTransform... after 9 ms 
[2026-04-21T14:08:44.675] [DEBUG] debug-file - Executing task :entry:default@ProcessProfile
[2026-04-21T14:08:44.676] [DEBUG] debug-file - Task 'entry:default@ProcessProfile' cost while wrapping incremental declarations: 1 ms 
[2026-04-21T14:08:44.678] [DEBUG] debug-file - Incremental task entry:default@ProcessProfile pre-execution cost: 2 ms .
[2026-04-21T14:08:44.678] [DEBUG] debug-file - entry : default@ProcessProfile cost memory 0.1386871337890625
[2026-04-21T14:08:44.678] [INFO] debug-file - UP-TO-DATE :entry:default@ProcessProfile...  
[2026-04-21T14:08:44.683] [DEBUG] debug-file - Executing task :entry:default@ProcessRouterMap
[2026-04-21T14:08:44.687] [DEBUG] debug-file - Incremental task entry:default@ProcessRouterMap pre-execution cost: 3 ms .
[2026-04-21T14:08:44.687] [DEBUG] debug-file - entry : default@ProcessRouterMap cost memory 0.1607666015625
[2026-04-21T14:08:44.688] [INFO] debug-file - UP-TO-DATE :entry:default@ProcessRouterMap...  
[2026-04-21T14:08:44.689] [DEBUG] debug-file - Executing task :entry:default@ProcessShareConfig
[2026-04-21T14:08:44.692] [DEBUG] debug-file - Incremental task entry:default@ProcessShareConfig pre-execution cost: 3 ms .
[2026-04-21T14:08:44.692] [DEBUG] debug-file - entry : default@ProcessShareConfig cost memory 0.1380157470703125
[2026-04-21T14:08:44.692] [INFO] debug-file - UP-TO-DATE :entry:default@ProcessShareConfig...  
[2026-04-21T14:08:44.694] [DEBUG] debug-file - Executing task :entry:default@ProcessStartupConfig
[2026-04-21T14:08:44.694] [DEBUG] debug-file - Task 'entry:default@ProcessStartupConfig' cost while wrapping incremental declarations: 1 ms 
[2026-04-21T14:08:44.696] [DEBUG] debug-file - entry:default@ProcessStartupConfig is not up-to-date, since the output file 'E:\application\DevEcoStudioProjects\MyApplication\entry\build\default\intermediates\startup\default\startup_config.json' does not exist.
[2026-04-21T14:08:44.697] [DEBUG] debug-file - Incremental task entry:default@ProcessStartupConfig pre-execution cost: 3 ms .
[2026-04-21T14:08:44.701] [DEBUG] debug-file - entry : default@ProcessStartupConfig cost memory -1.4781417846679688
[2026-04-21T14:08:44.702] [DEBUG] debug-file - runTaskFromQueue task cost before running: 246 ms 
[2026-04-21T14:08:44.703] [INFO] debug-file - Finished :entry:default@ProcessStartupConfig... after 8 ms 
[2026-04-21T14:08:44.705] [DEBUG] debug-file - Executing task :entry:default@BuildNativeWithNinja
[2026-04-21T14:08:44.706] [DEBUG] debug-file - entry : default@BuildNativeWithNinja cost memory 0.02120208740234375
[2026-04-21T14:08:44.706] [DEBUG] debug-file - runTaskFromQueue task cost before running: 251 ms 
[2026-04-21T14:08:44.706] [INFO] debug-file - Finished :entry:default@BuildNativeWithNinja... after 2 ms 
[2026-04-21T14:08:44.708] [DEBUG] debug-file - restool module names: entry; moduleName=entry, taskName=default@ProcessResource
[2026-04-21T14:08:44.711] [DEBUG] debug-file - Executing task :entry:default@ProcessResource
[2026-04-21T14:08:44.711] [DEBUG] debug-file - Task 'entry:default@ProcessResource' cost while wrapping incremental declarations: 1 ms 
[2026-04-21T14:08:44.715] [DEBUG] debug-file - Incremental task entry:default@ProcessResource pre-execution cost: 3 ms .
[2026-04-21T14:08:44.715] [DEBUG] debug-file - entry : default@ProcessResource cost memory 0.14446258544921875
[2026-04-21T14:08:44.719] [INFO] debug-file - UP-TO-DATE :entry:default@ProcessResource...  
[2026-04-21T14:08:44.722] [DEBUG] debug-file - Executing task :entry:default@GenerateLoaderJson
[2026-04-21T14:08:44.724] [DEBUG] debug-file - Task 'entry:default@GenerateLoaderJson' cost while wrapping incremental declarations: 1 ms 
[2026-04-21T14:08:44.738] [DEBUG] debug-file - Incremental task entry:default@GenerateLoaderJson pre-execution cost: 11 ms .
[2026-04-21T14:08:44.738] [DEBUG] debug-file - entry : default@GenerateLoaderJson cost memory 0.5289306640625
[2026-04-21T14:08:44.742] [INFO] debug-file - UP-TO-DATE :entry:default@GenerateLoaderJson...  
[2026-04-21T14:08:44.743] [DEBUG] debug-file - Executing task :entry:default@ProcessLibs
[2026-04-21T14:08:44.748] [DEBUG] debug-file - Incremental task entry:default@ProcessLibs pre-execution cost: 4 ms .
[2026-04-21T14:08:44.748] [DEBUG] debug-file - entry : default@ProcessLibs cost memory 0.103240966796875
[2026-04-21T14:08:44.749] [INFO] debug-file - UP-TO-DATE :entry:default@ProcessLibs...  
[2026-04-21T14:08:44.751] [DEBUG] debug-file - restool module names: entry; moduleName=entry, taskName=default@CompileResource
[2026-04-21T14:08:44.752] [DEBUG] debug-file - Executing task :entry:default@CompileResource
[2026-04-21T14:08:44.760] [DEBUG] debug-file - entry:default@CompileResource is not up-to-date, since the input file 'E:\application\DevEcoStudioProjects\MyApplication\entry\src\main\resources' has been changed.
[2026-04-21T14:08:44.760] [DEBUG] debug-file - Incremental task entry:default@CompileResource pre-execution cost: 7 ms .
[2026-04-21T14:08:44.762] [DEBUG] debug-file - Use tool [E:\devecostudio-windows-6.1.0.830\DevEco Studio\sdk\default\openharmony\toolchains\restool.exe]
 [
  'E:\\devecostudio-windows-6.1.0.830\\DevEco Studio\\sdk\\default\\openharmony\\toolchains\\restool.exe',
  '-l',
  'E:\\application\\DevEcoStudioProjects\\MyApplication\\entry\\build\\default\\intermediates\\res\\default\\resConfig.json'
]
[2026-04-21T14:08:44.764] [DEBUG] debug-file - current process  memoryUsage: {
  rss: 428699648,
  heapTotal: 131596288,
  heapUsed: 123784312,
  external: 3198961,
  arrayBuffers: 163160
} os memoryUsage :10.025047302246094
[2026-04-21T14:08:45.175] [DEBUG] debug-file - Info: Pack: normal pack mode

[2026-04-21T14:08:45.712] [DEBUG] debug-file - Info: hardware concurrency count is : 12
Info: thread count is : 12

[2026-04-21T14:08:45.713] [DEBUG] debug-file - Info: thread pool is started

[2026-04-21T14:08:45.717] [DEBUG] debug-file - Info: GenericCompiler::CompileFiles

[2026-04-21T14:08:45.730] [DEBUG] debug-file - Info: GenericCompiler::CompileFiles

[2026-04-21T14:08:45.731] [DEBUG] debug-file - Warning: 'E:\application\DevEcoStudioProjects\MyApplication\entry\src\main\resources\base\media\layered_image.json' is defined repeatedly.
Warning: 'E:\application\DevEcoStudioProjects\MyApplication\entry\src\main\resources\base\media\foreground.png' is defined repeatedly.
Warning: 'E:\application\DevEcoStudioProjects\MyApplication\entry\src\main\resources\base\media\background.png' is defined repeatedly.

[2026-04-21T14:08:45.736] [DEBUG] debug-file - Info: GenericCompiler::CompileFiles

[2026-04-21T14:08:45.744] [DEBUG] debug-file - 04-21 14:08:45.744 10968 17356 E C01400/ImageTranscoderUtils: DecodeToRGBA IN
04-21 14:08:45.744 10968 17356 E C01400/ImageTranscoderUtils: ImageFilter IN E:\application\DevEcoStudioProjects\MyApplication\AppScope\resources\base\media\background.png

[2026-04-21T14:08:45.792] [DEBUG] debug-file - 04-21 14:08:45.793 10968 17356 E C01400/ImageTranscoderUtils: DecodeToRGBA IN
04-21 14:08:45.793 10968 17356 E C01400/ImageTranscoderUtils: ImageFilter IN E:\application\DevEcoStudioProjects\MyApplication\AppScope\resources\base\media\foreground.png

[2026-04-21T14:08:45.852] [DEBUG] debug-file - Info: can't scale media json file.

[2026-04-21T14:08:45.853] [DEBUG] debug-file - 04-21 14:08:45.853 10968 17356 E C01400/ImageTranscoderUtils: DecodeToRGBA IN
04-21 14:08:45.854 10968 17356 E C01400/ImageTranscoderUtils: ImageFilter IN E:\application\DevEcoStudioProjects\MyApplication\entry\src\main\resources\base\media\1776133767.png

[2026-04-21T14:08:45.925] [DEBUG] debug-file - Warning: The width or height of the png file referenced by the icon exceeds the limit (41 pixels)
at E:\application\DevEcoStudioProjects\MyApplication\AppScope\resources\base\media\background.png
Warning: The width or height of the png file referenced by the icon exceeds the limit (41 pixels)
at E:\application\DevEcoStudioProjects\MyApplication\AppScope\resources\base\media\foreground.png

[2026-04-21T14:08:45.926] [DEBUG] debug-file - Warning: E:\application\DevEcoStudioProjects\MyApplication\AppScope\resources\base\media\layered_image.json is not png format

[2026-04-21T14:08:45.935] [DEBUG] debug-file - Info: restool resources compile success.

[2026-04-21T14:08:45.935] [DEBUG] debug-file - Info: thread pool is stopped

[2026-04-21T14:08:45.997] [DEBUG] debug-file - entry : default@CompileResource cost memory -0.9214553833007812
[2026-04-21T14:08:45.997] [DEBUG] debug-file - runTaskFromQueue task cost before running: 1 s 542 ms 
[2026-04-21T14:08:46.000] [INFO] debug-file - Finished :entry:default@CompileResource... after 1 s 246 ms 
[2026-04-21T14:08:46.002] [DEBUG] debug-file - Executing task :entry:default@DoNativeStrip
[2026-04-21T14:08:46.002] [DEBUG] debug-file - File: 'E:\application\DevEcoStudioProjects\MyApplication\entry\build\default\intermediates\binxo\default' from 'doBinxoNativeLibs' is not exists, just ignore.
[2026-04-21T14:08:46.002] [DEBUG] debug-file - Task 'entry:default@DoNativeStrip' cost while wrapping incremental declarations: 1 ms 
[2026-04-21T14:08:46.004] [DEBUG] debug-file - Incremental task entry:default@DoNativeStrip pre-execution cost: 1 ms .
[2026-04-21T14:08:46.004] [DEBUG] debug-file - entry : default@DoNativeStrip cost memory 0.09311676025390625
[2026-04-21T14:08:46.004] [INFO] debug-file - UP-TO-DATE :entry:default@DoNativeStrip...  
[2026-04-21T14:08:46.005] [DEBUG] debug-file - Executing task :entry:default@CompileArkTS
[2026-04-21T14:08:46.006] [DEBUG] debug-file - obfuscationOptions: undefined
[2026-04-21T14:08:46.007] [DEBUG] debug-file - Task 'entry:default@CompileArkTS' cost while wrapping incremental declarations: 1 ms 
[2026-04-21T14:08:46.014] [DEBUG] debug-file - entry:default@CompileArkTS is not up-to-date, since the input file 'E:\application\DevEcoStudioProjects\MyApplication\entry\build\default\intermediates\res\default\ResourceTable.txt' has been changed.
[2026-04-21T14:08:46.014] [DEBUG] debug-file - Incremental task entry:default@CompileArkTS pre-execution cost: 6 ms .
[2026-04-21T14:08:46.039] [DEBUG] debug-file - build config:
[2026-04-21T14:08:46.039] [DEBUG] debug-file - {
  moduleType: 'entry',
  perf: 0,
  targetName: '.default',
  packageManagerType: 'ohpm',
  localPropertiesPath: 'E:\\application\\DevEcoStudioProjects\\MyApplication\\local.properties',
  isPreview: false,
  isOhosTest: false,
  isLocalTest: false,
  buildMode: 'Debug',
  hotReloadBuild: undefined,
  watchMode: 'false',
  aceProfilePath: 'E:\\application\\DevEcoStudioProjects\\MyApplication\\entry\\build\\default\\intermediates\\res\\default\\resources\\base\\profile',
  etsLoaderPath: 'E:\\devecostudio-windows-6.1.0.830\\DevEco Studio\\sdk\\default\\openharmony\\ets\\build-tools\\ets-loader',
  modulePath: 'E:\\application\\DevEcoStudioProjects\\MyApplication\\entry',
  testFrameworkPar: {
    testMode: undefined,
    coveragePathFilter: undefined,
    coverageMode: undefined
  },
  needCoverageInsert: false,
  debugLine: false,
  projectTopDir: 'E:\\application\\DevEcoStudioProjects\\MyApplication',
  compileSdkVersion: 23,
  compatibleSdkVersion: 22,
  originCompatibleSdkVersion: '6.0.2(22)',
  compatibleSdkVersionStage: undefined,
  bundleName: 'c***n',
  etsLoaderVersion: '6.1.0.105',
  etsLoaderReleaseType: 'Release',
  aotCompileMode: 'type',
  apPath: 'E:\\application\\DevEcoStudioProjects\\MyApplication\\entry\\modules.ap',
  entryModuleName: 'entry',
  entryModuleVersion: '1.0.0',
  entryPackageName: 'entry',
  allModuleNameHash: 'be72bfb482d6518e517e7ec5417304132c4f2554630c9cf092ee785b5e3b783a',
  externalApiPaths: [
    'E:\\devecostudio-windows-6.1.0.830\\DevEco Studio\\sdk\\default\\hms\\ets'
  ],
  compilerTypes: [],
  isCrossplatform: false,
  hvigorPluginFile: undefined,
  compilePluginPath: undefined,
  buildGeneratedProfilePath: 'E:\\application\\DevEcoStudioProjects\\MyApplication\\entry\\build\\default\\generated\\profile\\default',
  bundleType: 'app',
  arkTSVersion: undefined,
  apiVersion: 23,
  needCompleteSourcesMap: false,
  isFaMode: false,
  buildDir: 'E:\\application\\DevEcoStudioProjects\\MyApplication\\entry\\build',
  deviceTypes: [ 'phone' ],
  pkgContextInfo: {
    '@ohos/hypium': {
      packageName: '@ohos/hypium',
      bundleName: '*****',
      moduleName: '',
      version: '1.0.25',
      entryPath: 'index.js',
      isSO: false,
      dependencyAlias: ''
    },
    '@ohos/hamock': {
      packageName: '@ohos/hamock',
      bundleName: '*****',
      moduleName: '',
      version: '1.0.0',
      entryPath: 'index.ets',
      isSO: false,
      dependencyAlias: ''
    },
    entry: {
      packageName: 'entry',
      bundleName: '*****',
      moduleName: '',
      version: '',
      entryPath: 'src/main/',
      isSO: false,
      dependencyAlias: ''
    }
  },
  ohPackagePathMap: {},
  dependencyAliasMap: {},
  permission: {
    requestPermissions: [ [Object], [Object] ],
    definePermissions: undefined
  },
  useGetCurrentBundleName: false,
  projectArkOption: undefined,
  sourceMapDir: undefined,
  branchElimination: false,
  transformLib: undefined,
  tsImportSendable: false,
  resolveConflictMode: true,
  depName2RootPath: {},
  depName2DepInfo: {},
  depName2OhExports: {},
  rootPathSet: [ 'E:\\application\\DevEcoStudioProjects\\MyApplication' ],
  useNativeResolver: true,
  shouldEmitJs: true,
  useTscResolve: false,
  singleFileEmit: false,
  userProjectConfig: {
    autoLazyImport: false,
    allowEmptyBundleName: false,
    reExportCheckMode: 'noCheck',
    executionMode: 'memory',
    usePathPlaceholder: false,
    writeRollupCache: true,
    isExpandImportEnabled: false,
    expandImportExclude: '',
    lazyImportExclude: '',
    lazyImportInclude: '',
    ignoreCrossplatformCheck: false,
    isHarDeduplicateEnabled: false,
    skipOhModulesLint: false,
    enableStrictCheckOHModule: false,
    disableSendableCheckRules: [],
    useDeclarationFileSignature: false,
    customizedOptions: undefined,
    integratedHsp: false,
    isPreloadSoEnabled: false
  },
  executionMode: 'memory',
  arkCompileCachePath: 'E:\\application\\DevEcoStudioProjects\\MyApplication\\entry\\build\\default\\cache\\default\\default@CompileArkTS\\esmodule',
  autoLazyFilter: undefined,
  isHarDeduplicateEnabled: false,
  intermediateHarDuplicateDirPath: 'E:\\application\\DevEcoStudioProjects\\MyApplication\\entry\\build\\default\\intermediates\\har_duplicate\\default',
  autoLazyImport: false,
  allowEmptyBundleName: false,
  reExportCheckMode: 'noCheck',
  usePathPlaceholder: false,
  writeRollupCache: true,
  isExpandImportEnabled: false,
  expandImportExclude: '',
  lazyImportExclude: '',
  lazyImportInclude: '',
  ignoreCrossplatformCheck: false,
  skipOhModulesLint: false,
  enableStrictCheckOHModule: false,
  disableSendableCheckRules: [],
  useDeclarationFileSignature: false,
  customizedOptions: undefined,
  integratedHsp: false,
  isPreloadSoEnabled: false,
  strictMode: {
    caseSensitiveCheck: true,
    useNormalizedOHMUrl: true,
    noExternalImportByPath: true
  },
  useNormalizedOHMUrl: true,
  caseSensitiveCheck: true,
  aceModuleJsonPath: 'E:\\application\\DevEcoStudioProjects\\MyApplication\\entry\\build\\default\\intermediates\\res\\default\\ark_module.json',
  appResource: 'E:\\application\\DevEcoStudioProjects\\MyApplication\\entry\\build\\default\\intermediates\\res\\default\\ResourceTable.txt',
  rawFileResource: 'E:\\application\\DevEcoStudioProjects\\MyApplication\\entry\\build\\default\\intermediates\\res\\default\\resources\\rawfile',
  resourceTableHash: '9af7190f6df5c7eb887f4c1c982595b887ab5bc71e7fbb5c467cca60ead73d7b',
  runtimeOS: 'HarmonyOS',
  sdkInfo: 'false:23:6.1.0.105:Release',
  aceModuleRoot: 'E:\\application\\DevEcoStudioProjects\\MyApplication\\entry\\src\\main\\ets',
  compileMode: 'esmodule',
  aceSuperVisualPath: 'E:\\application\\DevEcoStudioProjects\\MyApplication\\entry\\src\\main\\supervisual',
  aceBuildJson: 'E:\\application\\DevEcoStudioProjects\\MyApplication\\entry\\build\\default\\intermediates\\loader\\default\\loader.json',
  cachePath: 'E:\\application\\DevEcoStudioProjects\\MyApplication\\entry\\build\\default\\cache\\default\\default@CompileArkTS\\esmodule\\debug',
  aceModuleBuild: 'E:\\application\\DevEcoStudioProjects\\MyApplication\\entry\\build\\default\\intermediates\\loader_out\\default\\ets',
  supportChunks: true,
  declaredFilesPath: undefined,
  shouldCollectDirectImportees: false,
  isByteCodeHarOptimize: false,
  expandImportPath: undefined,
  resourceTableTs: 'E:\\application\\DevEcoStudioProjects\\MyApplication\\entry\\build\\default\\generated\\r\\default\\ResourceTable.ts',
  moduleMetaInfoFiles: [
    {
      filePath: 'E:\\application\\DevEcoStudioProjects\\MyApplication\\entry\\build\\default\\generated\\r\\default\\ResourceTable.ts',
      ohmurl: '&entry/build/generated/r/ResourceTable&'
    }
  ],
  pkgNameToPkgBriefInfo: {
    entry: {
      pkgRoot: 'E:\\application\\DevEcoStudioProjects\\MyApplication\\entry',
      originalSourceRoots: undefined,
      sourceRoots: [Array],
      pkgName: 'entry'
    }
  },
  projectModel: {
    'E:\\application\\DevEcoStudioProjects\\MyApplication\\entry\\src\\main': {
      moduleName: 'entry',
      modulePkgPath: 'E:\\application\\DevEcoStudioProjects\\MyApplication\\entry',
      belongProjectPath: 'E:\\application\\DevEcoStudioProjects\\MyApplication'
    },
    'E:\\application\\DevEcoStudioProjects\\MyApplication\\entry\\.test\\default\\intermediates\\src\\ohosTest\\ets': {
      moduleName: 'entry_test',
      modulePkgPath: 'E:\\application\\DevEcoStudioProjects\\MyApplication\\entry',
      belongProjectPath: 'E:\\application\\DevEcoStudioProjects\\MyApplication'
    },
    'E:\\application\\DevEcoStudioProjects\\MyApplication\\entry\\src\\ohosTest': {
      moduleName: 'entry_test',
      modulePkgPath: 'E:\\application\\DevEcoStudioProjects\\MyApplication\\entry',
      belongProjectPath: 'E:\\application\\DevEcoStudioProjects\\MyApplication'
    },
    'E:\\application\\DevEcoStudioProjects\\MyApplication\\entry': {
      moduleName: 'entry',
      modulePkgPath: 'E:\\application\\DevEcoStudioProjects\\MyApplication\\entry',
      belongProjectPath: 'E:\\application\\DevEcoStudioProjects\\MyApplication'
    },
    'E:\\application\\DevEcoStudioProjects\\MyApplication': {
      moduleName: 'MyApplication',
      modulePkgPath: 'E:\\application\\DevEcoStudioProjects\\MyApplication',
      belongProjectPath: 'E:\\application\\DevEcoStudioProjects\\MyApplication'
    }
  },
  pkgJsonFileHash: '51d64e81dfd2c2b1510402f176a80cb91064226cf8f0312ad329a01d10cc239d',
  allModulePaths: [ 'E:\\application\\DevEcoStudioProjects\\MyApplication\\entry' ],
  routerMap: {},
  obfuscationOptions: undefined,
  byteCodeHarToDependencyKeys: undefined,
  compileBlockPkg: [],
  mockParams: {
    decorator: '@MockSetup',
    packageName: '@ohos/hamock',
    etsSourceRootPath: 'src/main/ets',
    mockConfigPath: 'E:\\application\\DevEcoStudioProjects\\MyApplication\\entry\\src\\mock\\mock-config.json5',
    mockConfigKey2ModuleInfo: {},
    source2ModuleIdMap: {}
  },
  copyCodeResourceEnable: false,
  copyCodeResourceExcludes: [],
  copyCodeResourceIncludes: undefined,
  uiTransformOptimization: false,
  sdkPath: 'E:/devecostudio-windows-6.1.0.830/DevEco Studio/sdk',
  needPreloadSoFileSet: {},
  preloadSoFilePath: 'E:\\application\\DevEcoStudioProjects\\MyApplication\\entry\\build\\default\\intermediates\\preload\\default\\preload.json',
  useSourceHash: false,
  localModuleParamMap: {},
  otherPaths: {
    'entry/*': [
      '..\\*',
      '..\\..\\..\\build\\default\\generated\\profile\\default\\*'
    ]
  },
  collectImportersConfig: undefined
}
[2026-04-21T14:08:46.040] [DEBUG] debug-file - Compile arkts with external api path: E:\devecostudio-windows-6.1.0.830\DevEco Studio\sdk\default\hms\ets
[2026-04-21T14:08:46.040] [DEBUG] debug-file - default@CompileArkTS work[3] is submitted.
[2026-04-21T14:08:46.040] [DEBUG] debug-file - default@CompileArkTS work[3] is pushed to ready queue.
[2026-04-21T14:08:46.041] [DEBUG] debug-file - A work dispatched to worker[11] failed because unable to get work from ready queue.
[2026-04-21T14:08:46.041] [DEBUG] debug-file - A work dispatched to worker[10] failed because unable to get work from ready queue.
[2026-04-21T14:08:46.041] [DEBUG] debug-file - A work dispatched to worker[9] failed because unable to get work from ready queue.
[2026-04-21T14:08:46.041] [DEBUG] debug-file - A work dispatched to worker[8] failed because unable to get work from ready queue.
[2026-04-21T14:08:46.041] [DEBUG] debug-file - A work dispatched to worker[7] failed because unable to get work from ready queue.
[2026-04-21T14:08:46.041] [DEBUG] debug-file - A work dispatched to worker[6] failed because unable to get work from ready queue.
[2026-04-21T14:08:46.041] [DEBUG] debug-file - A work dispatched to worker[5] failed because unable to get work from ready queue.
[2026-04-21T14:08:46.041] [DEBUG] debug-file - default@CompileArkTS work[3] has been dispatched to worker[4].
[2026-04-21T14:08:46.041] [DEBUG] debug-file - default@CompileArkTS work[3] is dispatched.
[2026-04-21T14:08:46.041] [DEBUG] debug-file - entry : default@CompileArkTS cost memory -0.3989715576171875
[2026-04-21T14:08:46.042] [DEBUG] debug-file - Executing task :entry:default@BuildJS
[2026-04-21T14:08:46.043] [DEBUG] debug-file - Task 'entry:default@BuildJS' cost while wrapping incremental declarations: 1 ms 
[2026-04-21T14:08:46.047] [DEBUG] debug-file - entry : default@BuildJS cost memory 0.1619415283203125
[2026-04-21T14:08:46.047] [DEBUG] debug-file - runTaskFromQueue task cost before running: 1 s 592 ms 
[2026-04-21T14:08:46.048] [INFO] debug-file - Finished :entry:default@BuildJS... after 5 ms 
[2026-04-21T14:08:46.051] [DEBUG] debug-file - Executing task :entry:default@CacheNativeLibs
[2026-04-21T14:08:46.052] [DEBUG] debug-file - File: 'E:\application\DevEcoStudioProjects\MyApplication\entry\build\default\intermediates\binxo\default' from 'cacheBinxoNativeLibs' is not exists, just ignore.
[2026-04-21T14:08:46.053] [DEBUG] debug-file - Task 'entry:default@CacheNativeLibs' cost while wrapping incremental declarations: 2 ms 
[2026-04-21T14:08:46.057] [DEBUG] debug-file - Incremental task entry:default@CacheNativeLibs pre-execution cost: 4 ms .
[2026-04-21T14:08:46.057] [DEBUG] debug-file - entry : default@CacheNativeLibs cost memory 0.12512969970703125
[2026-04-21T14:08:46.057] [INFO] debug-file - UP-TO-DATE :entry:default@CacheNativeLibs...  
[2026-04-21T14:08:51.598] [WARN] debug-file - [33mWARN: [33m[33mArkTS:WARN File: E:/application/DevEcoStudioProjects/MyApplication/entry/src/main/ets/pages/ImportPage.ets:138:44
 'getContext' has been deprecated.
[39m[39m
[33mWARN: [33m[33mArkTS:WARN File: E:/application/DevEcoStudioProjects/MyApplication/entry/src/main/ets/pages/ImportPage.ets:720:20
 'showToast' has been deprecated.
[39m[39m
[33mWARN: [33m[33mArkTS:WARN File: E:/application/DevEcoStudioProjects/MyApplication/entry/src/main/ets/pages/PasswordGenerator.ets:37:44
 'getContext' has been deprecated.
[39m[39m
[33mWARN: [33m[33mArkTS:WARN File: E:/application/DevEcoStudioProjects/MyApplication/entry/src/main/ets/pages/PasswordGenerator.ets:40:25
 'getParams' has been deprecated.
[39m[39m
[33mWARN: [33m[33mArkTS:WARN File: E:/application/DevEcoStudioProjects/MyApplication/entry/src/main/ets/pages/PasswordGenerator.ets:102:56
 'createPlainTextData' has been deprecated.
[39m[39m
[33mWARN: [33m[33mArkTS:WARN File: E:/application/DevEcoStudioProjects/MyApplication/entry/src/main/ets/pages/PasswordGenerator.ets:187:20
 'showToast' has been deprecated.
[39m[39m
[33mWARN: [33m[33mArkTS:WARN File: E:/application/DevEcoStudioProjects/MyApplication/entry/src/main/ets/pages/PasswordGenerator.ets:197:5
 Function may throw exceptions. Special handling is required.
[39m[39m
[33mWARN: [33m[33mArkTS:WARN File: E:/application/DevEcoStudioProjects/MyApplication/entry/src/main/ets/pages/PasswordGenerator.ets:197:12
 'pushUrl' has been deprecated.
[39m[39m
[33mWARN: [33m[33mArkTS:WARN File: E:/application/DevEcoStudioProjects/MyApplication/entry/src/main/ets/pages/PasswordGenerator.ets:201:5
 Function may throw exceptions. Special handling is required.
[39m[39m
[33mWARN: [33m[33mArkTS:WARN File: E:/application/DevEcoStudioProjects/MyApplication/entry/src/main/ets/pages/PasswordGenerator.ets:201:12
 'pushUrl' has been deprecated.
[39m[39m
[33mWARN: [33m[33mArkTS:WARN File: E:/application/DevEcoStudioProjects/MyApplication/entry/src/main/ets/pages/PasswordListPage.ets:32:12
 'pushUrl' has been deprecated.
[39m[39m
[33mWARN: [33m[33mArkTS:WARN File: E:/application/DevEcoStudioProjects/MyApplication/entry/src/main/ets/pages/PasswordListPage.ets:42:44
 'getContext' has been deprecated.
[39m[39m
[33mWARN: [33m[33mArkTS:WARN File: E:/application/DevEcoStudioProjects/MyApplication/entry/src/main/ets/pages/PasswordListPage.ets:142:5
 Function may throw exceptions. Special handling is required.
[39m[39m
[33mWARN: [33m[33mArkTS:WARN File: E:/application/DevEcoStudioProjects/MyApplication/entry/src/main/ets/pages/PasswordListPage.ets:142:18
 'showDialog' has been deprecated.
[39m[39m
[33mWARN: [33m[33mArkTS:WARN File: E:/application/DevEcoStudioProjects/MyApplication/entry/src/main/ets/pages/PasswordListPage.ets:195:5
 Function may throw exceptions. Special handling is required.
[39m[39m
[33mWARN: [33m[33mArkTS:WARN File: E:/application/DevEcoStudioProjects/MyApplication/entry/src/main/ets/pages/PasswordListPage.ets:195:18
 'showDialog' has been deprecated.
[39m[39m
[33mWARN: [33m[33mArkTS:WARN File: E:/application/DevEcoStudioProjects/MyApplication/entry/src/main/ets/pages/PasswordListPage.ets:229:56
 'createPlainTextData' has been deprecated.
[39m[39m
[33mWARN: [33m[33mArkTS:WARN File: E:/application/DevEcoStudioProjects/MyApplication/entry/src/main/ets/pages/PasswordListPage.ets:267:5
 Function may throw exceptions. Special handling is required.
[39m[39m
[33mWARN: [33m[33mArkTS:WARN File: E:/application/DevEcoStudioProjects/MyApplication/entry/src/main/ets/pages/PasswordListPage.ets:267:18
 'showToast' has been deprecated.
[39m[39m

[2026-04-21T14:08:51.600] [DEBUG] debug-file - Ark compile task finished.finished time is 180750537502300
[2026-04-21T14:08:51.600] [DEBUG] debug-file - worker[4] has one work done.
[2026-04-21T14:08:51.602] [DEBUG] debug-file - default@CompileArkTS work[3] done.
[2026-04-21T14:08:51.607] [INFO] debug-file - Finished :entry:default@CompileArkTS... after 5 s 593 ms 
[2026-04-21T14:08:51.608] [DEBUG] debug-file - Executing task :entry:default@GeneratePkgModuleJson
[2026-04-21T14:08:51.608] [DEBUG] debug-file - File: 'E:\application\DevEcoStudioProjects\MyApplication\entry\build\default\intermediates\preload\default\preload.json' from 'preloadSoJsonPath' is not exists, just ignore.
[2026-04-21T14:08:51.608] [DEBUG] debug-file - Error occurs while handling @Input 'shouldDeduplicateHar': The "data" argument must be of type string or an instance of Buffer, TypedArray, or DataView. Received undefined
[2026-04-21T14:08:51.608] [DEBUG] debug-file - Task 'entry:default@GeneratePkgModuleJson' cost while wrapping incremental declarations: 1 ms 
[2026-04-21T14:08:51.609] [DEBUG] debug-file - entry:default@GeneratePkgModuleJson is not up-to-date, since the input file 'E:\application\DevEcoStudioProjects\MyApplication\entry\build\default\intermediates\res\default\module.json' has been changed.
[2026-04-21T14:08:51.609] [DEBUG] debug-file - Incremental task entry:default@GeneratePkgModuleJson pre-execution cost: 1 ms .
[2026-04-21T14:08:51.611] [DEBUG] debug-file - entry : default@GeneratePkgModuleJson cost memory 0.1900787353515625
[2026-04-21T14:08:51.611] [DEBUG] debug-file - runTaskFromQueue task cost before running: 7 s 156 ms 
[2026-04-21T14:08:51.611] [INFO] debug-file - Finished :entry:default@GeneratePkgModuleJson... after 4 ms 
[2026-04-21T14:08:51.615] [DEBUG] debug-file - Executing task :entry:default@ProcessCompiledResources
[2026-04-21T14:08:51.615] [DEBUG] debug-file - File: 'E:\application\DevEcoStudioProjects\MyApplication\entry\build\default\intermediates\preload\default\preload.json' from 'preloadSoJsonPath' is not exists, just ignore.
[2026-04-21T14:08:51.615] [DEBUG] debug-file - Task 'entry:default@ProcessCompiledResources' cost while wrapping incremental declarations: 1 ms 
[2026-04-21T14:08:51.616] [DEBUG] debug-file - entry : default@ProcessCompiledResources cost memory 0.05936431884765625
[2026-04-21T14:08:51.616] [DEBUG] debug-file - runTaskFromQueue task cost before running: 7 s 161 ms 
[2026-04-21T14:08:51.617] [INFO] debug-file - Finished :entry:default@ProcessCompiledResources... after 2 ms 
[2026-04-21T14:08:51.622] [DEBUG] debug-file - Executing task :entry:default@PackageHap
[2026-04-21T14:08:51.626] [DEBUG] debug-file - entry:default@PackageHap is not up-to-date, since the input file 'E:\application\DevEcoStudioProjects\MyApplication\entry\build\default\intermediates\res\default\module.json' has been changed.
[2026-04-21T14:08:51.626] [DEBUG] debug-file - Incremental task entry:default@PackageHap pre-execution cost: 4 ms .
[2026-04-21T14:08:51.627] [DEBUG] debug-file - Use tool [E:\devecostudio-windows-6.1.0.830\DevEco Studio\sdk\default\openharmony\toolchains\lib\app_packing_tool.jar]
 [
  'java',
  '-Dfile.encoding=GBK',
  '-jar',
  'E:\\devecostudio-windows-6.1.0.830\\DevEco Studio\\sdk\\default\\openharmony\\toolchains\\lib\\app_packing_tool.jar',
  '--mode',
  'hap',
  '--force',
  'true',
  '--lib-path',
  'E:\\application\\DevEcoStudioProjects\\MyApplication\\entry\\build\\default\\intermediates\\stripped_native_libs\\default',
  '--json-path',
  'E:\\application\\DevEcoStudioProjects\\MyApplication\\entry\\build\\default\\intermediates\\package\\default\\module.json',
  '--resources-path',
  'E:\\application\\DevEcoStudioProjects\\MyApplication\\entry\\build\\default\\intermediates\\res\\default\\resources',
  '--index-path',
  'E:\\application\\DevEcoStudioProjects\\MyApplication\\entry\\build\\default\\intermediates\\res\\default\\resources.index',
  '--pack-info-path',
  'E:\\application\\DevEcoStudioProjects\\MyApplication\\entry\\build\\default\\outputs\\default\\pack.info',
  '--out-path',
  'E:\\application\\DevEcoStudioProjects\\MyApplication\\entry\\build\\default\\outputs\\default\\entry-default-unsigned.hap',
  '--ets-path',
  'E:\\application\\DevEcoStudioProjects\\MyApplication\\entry\\build\\default\\intermediates\\loader_out\\default\\ets',
  '--pkg-context-path',
  'E:\\application\\DevEcoStudioProjects\\MyApplication\\entry\\build\\default\\intermediates\\loader\\default\\pkgContextInfo.json'
]
[2026-04-21T14:08:51.628] [DEBUG] debug-file - default@PackageHap work[4] is submitted.
[2026-04-21T14:08:51.628] [DEBUG] debug-file - default@PackageHap work[4] is pushed to ready queue.
[2026-04-21T14:08:51.628] [DEBUG] debug-file - A work dispatched to worker[11] failed because unable to get work from ready queue.
[2026-04-21T14:08:51.628] [DEBUG] debug-file - Create  resident worker with id: 10.
[2026-04-21T14:08:51.630] [DEBUG] debug-file - default@PackageHap work[4] has been dispatched to worker[10].
[2026-04-21T14:08:51.630] [DEBUG] debug-file - default@PackageHap work[4] is dispatched.
[2026-04-21T14:08:51.636] [DEBUG] debug-file - entry : default@PackageHap cost memory 0.4933013916015625
[2026-04-21T14:09:06.922] [DEBUG] debug-file - current process  memoryUsage: {
  rss: 547930112,
  heapTotal: 81035264,
  heapUsed: 52026272,
  external: 2365469,
  arrayBuffers: 123792
} os memoryUsage :10.15224838256836
[2026-04-21T14:09:08.166] [DEBUG] debug-file - worker[10] has one work done.
[2026-04-21T14:09:08.167] [DEBUG] debug-file - default@PackageHap work[4] done.
[2026-04-21T14:09:08.167] [DEBUG] debug-file - A work dispatched to worker[10] failed because unable to get work from ready queue.
[2026-04-21T14:09:08.170] [INFO] debug-file - Finished :entry:default@PackageHap... after 1 s 262 ms 
[2026-04-21T14:09:08.172] [DEBUG] debug-file - Executing task :entry:default@PackingCheck
[2026-04-21T14:09:08.177] [DEBUG] debug-file - entry : default@PackingCheck cost memory 0.309661865234375
[2026-04-21T14:09:08.177] [DEBUG] debug-file - runTaskFromQueue task cost before running: 23 s 722 ms 
[2026-04-21T14:09:08.177] [INFO] debug-file - Finished :entry:default@PackingCheck... after 6 ms 
[2026-04-21T14:09:08.179] [DEBUG] debug-file - Executing task :entry:default@SignHap
[2026-04-21T14:09:08.186] [DEBUG] debug-file - entry:default@SignHap is not up-to-date, since the input file 'E:\application\DevEcoStudioProjects\MyApplication\entry\build\default\outputs\default\entry-default-unsigned.hap' has been changed.
[2026-04-21T14:09:08.187] [DEBUG] debug-file - Incremental task entry:default@SignHap pre-execution cost: 6 ms .
[2026-04-21T14:09:08.306] [DEBUG] debug-file - java daemon socket received message:{"code":0,"message":"verify profile success"}
[2026-04-21T14:09:08.316] [DEBUG] debug-file - java daemon socket close code:1000 reason:close by user
[2026-04-21T14:09:08.555] [DEBUG] debug-file - java daemon socket received message:{"code":0,"message":"sign app success"}
[2026-04-21T14:09:08.557] [DEBUG] debug-file - entry : default@SignHap cost memory -0.15142059326171875
[2026-04-21T14:09:08.558] [DEBUG] debug-file - runTaskFromQueue task cost before running: 24 s 103 ms 
[2026-04-21T14:09:08.559] [INFO] debug-file - Finished :entry:default@SignHap... after 379 ms 
[2026-04-21T14:09:08.562] [DEBUG] debug-file - Executing task :entry:default@CollectDebugSymbol
[2026-04-21T14:09:08.567] [DEBUG] debug-file - entry : default@CollectDebugSymbol cost memory 0.09331512451171875
[2026-04-21T14:09:08.568] [DEBUG] debug-file - runTaskFromQueue task cost before running: 24 s 113 ms 
[2026-04-21T14:09:08.569] [INFO] debug-file - Finished :entry:default@CollectDebugSymbol... after 7 ms 
[2026-04-21T14:09:08.569] [DEBUG] debug-file - Executing task :entry:assembleHap
[2026-04-21T14:09:08.569] [DEBUG] debug-file - entry : assembleHap cost memory 0.012725830078125
[2026-04-21T14:09:08.570] [DEBUG] debug-file - runTaskFromQueue task cost before running: 24 s 115 ms 
[2026-04-21T14:09:08.570] [INFO] debug-file - Finished :entry:assembleHap... after 1 ms 
[2026-04-21T14:09:08.589] [INFO] debug-file - BUILD SUCCESSFUL in 24 s 133 ms 
[2026-04-21T14:09:08.589] [DEBUG] debug-file - There is no need to refresh cache, since the incremental task entry:default@PreBuild is up-to-date.
[2026-04-21T14:09:08.589] [DEBUG] debug-file - Update task entry:default@CreateModuleInfo output file:E:\application\DevEcoStudioProjects\MyApplication\entry\build\default\generated\profile\default\ModuleInfo.ts cache.
[2026-04-21T14:09:08.590] [DEBUG] debug-file - Incremental task entry:default@CreateModuleInfo post-execution cost:1 ms .
[2026-04-21T14:09:08.590] [DEBUG] debug-file - There is no need to refresh cache, since the incremental task entry:default@GenerateMetadata is up-to-date.
[2026-04-21T14:09:08.591] [DEBUG] debug-file - There is no need to refresh cache, since the incremental task entry:default@MergeProfile is up-to-date.
[2026-04-21T14:09:08.591] [DEBUG] debug-file - There is no need to refresh cache, since the incremental task entry:default@CreateBuildProfile is up-to-date.
[2026-04-21T14:09:08.591] [DEBUG] debug-file - There is no need to refresh cache, since the incremental task entry:default@GeneratePkgContextInfo is up-to-date.
[2026-04-21T14:09:08.591] [DEBUG] debug-file - Update task entry:default@GeneratePkgSdkInfo output file:E:\application\DevEcoStudioProjects\MyApplication\entry\build\default\intermediates\loader\default\pkgSdkInfo.json cache.
[2026-04-21T14:09:08.591] [DEBUG] debug-file - Incremental task entry:default@GeneratePkgSdkInfo post-execution cost:1 ms .
[2026-04-21T14:09:08.591] [DEBUG] debug-file - Update task entry:default@ProcessIntegratedHsp output file:E:\application\DevEcoStudioProjects\MyApplication\build\cache\default\integrated_hsp\integratedHspCache.json cache.
[2026-04-21T14:09:08.592] [DEBUG] debug-file - Incremental task entry:default@ProcessIntegratedHsp post-execution cost:1 ms .
[2026-04-21T14:09:08.592] [DEBUG] debug-file - There is no need to refresh cache, since the incremental task entry:default@MakePackInfo is up-to-date.
[2026-04-21T14:09:08.592] [DEBUG] debug-file - Update task entry:default@SyscapTransform input file:E:\devecostudio-windows-6.1.0.830\DevEco Studio\sdk\default\openharmony\toolchains\syscap_tool.exe cache by regenerate.
[2026-04-21T14:09:08.592] [DEBUG] debug-file - Update task entry:default@SyscapTransform input file:E:\devecostudio-windows-6.1.0.830\DevEco Studio\sdk\default\openharmony\ets\api\device-define cache by regenerate.
[2026-04-21T14:09:08.594] [DEBUG] debug-file - Update task entry:default@SyscapTransform output file:E:\application\DevEcoStudioProjects\MyApplication\entry\build\default\intermediates\syscap\default\rpcid.sc cache.
[2026-04-21T14:09:08.594] [DEBUG] debug-file - Incremental task entry:default@SyscapTransform post-execution cost:3 ms .
[2026-04-21T14:09:08.594] [DEBUG] debug-file - There is no need to refresh cache, since the incremental task entry:default@ProcessProfile is up-to-date.
[2026-04-21T14:09:08.594] [DEBUG] debug-file - There is no need to refresh cache, since the incremental task entry:default@ProcessRouterMap is up-to-date.
[2026-04-21T14:09:08.595] [DEBUG] debug-file - There is no need to refresh cache, since the incremental task entry:default@ProcessShareConfig is up-to-date.
[2026-04-21T14:09:08.597] [DEBUG] debug-file - Update task entry:default@ProcessStartupConfig input file:E:\application\DevEcoStudioProjects\MyApplication\entry\build\default\intermediates\loader\default\pkgContextInfo.json cache by regenerate.
[2026-04-21T14:09:08.599] [DEBUG] debug-file - Update task entry:default@ProcessStartupConfig output file:E:\application\DevEcoStudioProjects\MyApplication\entry\build\default\intermediates\startup\default\startup_config.json cache.
[2026-04-21T14:09:08.600] [DEBUG] debug-file - Incremental task entry:default@ProcessStartupConfig post-execution cost:4 ms .
[2026-04-21T14:09:08.600] [DEBUG] debug-file - There is no need to refresh cache, since the incremental task entry:default@ProcessResource is up-to-date.
[2026-04-21T14:09:08.600] [DEBUG] debug-file - There is no need to refresh cache, since the incremental task entry:default@GenerateLoaderJson is up-to-date.
[2026-04-21T14:09:08.600] [DEBUG] debug-file - There is no need to refresh cache, since the incremental task entry:default@ProcessLibs is up-to-date.
[2026-04-21T14:09:08.602] [DEBUG] debug-file - Update task entry:default@CompileResource input file:E:\application\DevEcoStudioProjects\MyApplication\entry\src\main\resources cache from map.
[2026-04-21T14:09:08.603] [DEBUG] debug-file - Update task entry:default@CompileResource input file:E:\application\DevEcoStudioProjects\MyApplication\AppScope\resources cache by regenerate.
[2026-04-21T14:09:08.606] [DEBUG] debug-file - Update task entry:default@CompileResource input file:E:\application\DevEcoStudioProjects\MyApplication\entry\build\default\intermediates\process_profile\default\module.json cache by regenerate.
[2026-04-21T14:09:08.607] [DEBUG] debug-file - Update task entry:default@CompileResource input file:E:\application\DevEcoStudioProjects\MyApplication\entry\build\default\intermediates\res\default\resConfig.json cache by regenerate.
[2026-04-21T14:09:08.607] [DEBUG] debug-file - Update task entry:default@CompileResource output file:E:\application\DevEcoStudioProjects\MyApplication\entry\build\default\intermediates\res\default cache.
[2026-04-21T14:09:08.617] [DEBUG] debug-file - Update task entry:default@CompileResource output file:E:\application\DevEcoStudioProjects\MyApplication\entry\build\default\generated\r\default\ResourceTable.h cache.
[2026-04-21T14:09:08.618] [DEBUG] debug-file - Update task entry:default@CompileResource output file:E:\application\DevEcoStudioProjects\MyApplication\entry\build\default\generated\r\default\ResourceTable.ts cache.
[2026-04-21T14:09:08.618] [DEBUG] debug-file - Update task entry:default@CompileResource output file:E:\application\DevEcoStudioProjects\MyApplication\entry\build\default\generated\r\default cache.
[2026-04-21T14:09:08.620] [DEBUG] debug-file - Incremental task entry:default@CompileResource post-execution cost:20 ms .
[2026-04-21T14:09:08.620] [DEBUG] debug-file - There is no need to refresh cache, since the incremental task entry:default@DoNativeStrip is up-to-date.
[2026-04-21T14:09:08.623] [DEBUG] debug-file - Update task entry:default@CompileArkTS input file:E:\application\DevEcoStudioProjects\MyApplication\entry\build\default\intermediates\loader\default cache by regenerate.
[2026-04-21T14:09:08.625] [DEBUG] debug-file - Update task entry:default@CompileArkTS input file:E:\application\DevEcoStudioProjects\MyApplication\entry\build\default\intermediates\res\default\resources\rawfile cache by regenerate.
[2026-04-21T14:09:08.625] [DEBUG] debug-file - Update task entry:default@CompileArkTS input file:E:\application\DevEcoStudioProjects\MyApplication\entry\build\default\intermediates\res\default\ResourceTable.txt cache from map.
[2026-04-21T14:09:08.625] [DEBUG] debug-file - Update task entry:default@CompileArkTS input file:E:\application\DevEcoStudioProjects\MyApplication\entry\build\default\intermediates\res\default\ark_module.json cache by regenerate.
[2026-04-21T14:09:08.626] [DEBUG] debug-file - Update task entry:default@CompileArkTS input file:E:\application\DevEcoStudioProjects\MyApplication\entry\build\default\intermediates\res\default\resources\base\profile cache by regenerate.
[2026-04-21T14:09:08.627] [DEBUG] debug-file - Update task entry:default@CompileArkTS input file:E:\application\DevEcoStudioProjects\MyApplication\entry\src\main\ets cache by regenerate.
[2026-04-21T14:09:08.638] [DEBUG] debug-file - Update task entry:default@CompileArkTS input file:E:\application\DevEcoStudioProjects\MyApplication\entry\build\default\intermediates\loader\default\pkgContextInfo.json cache by regenerate.
[2026-04-21T14:09:08.640] [DEBUG] debug-file - Update task entry:default@CompileArkTS input file:E:\application\DevEcoStudioProjects\MyApplication\entry\build\default\generated\profile\default\BuildProfile.ets cache by regenerate.
[2026-04-21T14:09:08.642] [DEBUG] debug-file - Update task entry:default@CompileArkTS input file:E:\application\DevEcoStudioProjects\MyApplication\entry\src\mock\mock-config.json5 cache by regenerate.
[2026-04-21T14:09:08.642] [DEBUG] debug-file - Update task entry:default@CompileArkTS output file:E:\application\DevEcoStudioProjects\MyApplication\entry\build\default\intermediates\loader_out\default\ets cache.
[2026-04-21T14:09:08.643] [DEBUG] debug-file - Incremental task entry:default@CompileArkTS post-execution cost:24 ms .
[2026-04-21T14:09:08.645] [DEBUG] debug-file - Update task entry:default@BuildJS input file:E:\application\DevEcoStudioProjects\MyApplication\entry\build\default\intermediates\loader\default cache by regenerate.
[2026-04-21T14:09:08.647] [DEBUG] debug-file - Update task entry:default@BuildJS input file:E:\application\DevEcoStudioProjects\MyApplication\entry\build\default\intermediates\res\default\resources\rawfile cache by regenerate.
[2026-04-21T14:09:08.649] [DEBUG] debug-file - Update task entry:default@BuildJS input file:E:\application\DevEcoStudioProjects\MyApplication\entry\build\default\intermediates\res\default\ResourceTable.txt cache by regenerate.
[2026-04-21T14:09:08.649] [DEBUG] debug-file - Update task entry:default@BuildJS input file:E:\application\DevEcoStudioProjects\MyApplication\entry\build\default\intermediates\res\default\ark_module.json cache by regenerate.
[2026-04-21T14:09:08.650] [DEBUG] debug-file - Update task entry:default@BuildJS input file:E:\application\DevEcoStudioProjects\MyApplication\entry\build\default\intermediates\res\default\resources\base\profile cache by regenerate.
[2026-04-21T14:09:08.651] [DEBUG] debug-file - Update task entry:default@BuildJS input file:E:\application\DevEcoStudioProjects\MyApplication\entry\build\default\intermediates\loader\default\pkgContextInfo.json cache by regenerate.
[2026-04-21T14:09:08.652] [DEBUG] debug-file - Update task entry:default@BuildJS output file:E:\application\DevEcoStudioProjects\MyApplication\entry\build\default\intermediates\loader_out\default\js cache.
[2026-04-21T14:09:08.655] [DEBUG] debug-file - Incremental task entry:default@BuildJS post-execution cost:11 ms .
[2026-04-21T14:09:08.655] [DEBUG] debug-file - There is no need to refresh cache, since the incremental task entry:default@CacheNativeLibs is up-to-date.
[2026-04-21T14:09:08.655] [DEBUG] debug-file - Update task entry:default@GeneratePkgModuleJson input file:E:\application\DevEcoStudioProjects\MyApplication\entry\build\default\intermediates\res\default\module.json cache from map.
[2026-04-21T14:09:08.655] [DEBUG] debug-file - Update task entry:default@GeneratePkgModuleJson output file:E:\application\DevEcoStudioProjects\MyApplication\entry\build\default\intermediates\package\default\module.json cache.
[2026-04-21T14:09:08.656] [DEBUG] debug-file - Incremental task entry:default@GeneratePkgModuleJson post-execution cost:1 ms .
[2026-04-21T14:09:08.656] [DEBUG] debug-file - Incremental task entry:default@ProcessCompiledResources post-execution cost:1 ms .
[2026-04-21T14:09:08.657] [DEBUG] debug-file - Update task entry:default@PackageHap input file:E:\application\DevEcoStudioProjects\MyApplication\entry\build\default\intermediates\stripped_native_libs\default cache by regenerate.
[2026-04-21T14:09:08.658] [DEBUG] debug-file - Update task entry:default@PackageHap input file:E:\application\DevEcoStudioProjects\MyApplication\entry\build\default\intermediates\res\default\module.json cache from map.
[2026-04-21T14:09:08.658] [DEBUG] debug-file - Update task entry:default@PackageHap input file:E:\application\DevEcoStudioProjects\MyApplication\entry\build\default\intermediates\res\default\resources cache by regenerate.
[2026-04-21T14:09:08.662] [DEBUG] debug-file - Update task entry:default@PackageHap input file:E:\application\DevEcoStudioProjects\MyApplication\entry\build\default\intermediates\res\default\resources.index cache by regenerate.
[2026-04-21T14:09:08.663] [DEBUG] debug-file - Update task entry:default@PackageHap input file:E:\application\DevEcoStudioProjects\MyApplication\entry\build\default\outputs\default\pack.info cache by regenerate.
[2026-04-21T14:09:08.664] [DEBUG] debug-file - Update task entry:default@PackageHap input file:E:\application\DevEcoStudioProjects\MyApplication\entry\build\default\intermediates\loader_out\default\ets cache by regenerate.
[2026-04-21T14:09:08.667] [DEBUG] debug-file - Update task entry:default@PackageHap input file:E:\application\DevEcoStudioProjects\MyApplication\entry\build\default\intermediates\loader\default\pkgContextInfo.json cache by regenerate.
[2026-04-21T14:09:08.668] [DEBUG] debug-file - Update task entry:default@PackageHap input file:E:\application\DevEcoStudioProjects\MyApplication\entry\build\default\intermediates\loader_out\default\ets\sourceMaps.map cache by regenerate.
[2026-04-21T14:09:08.668] [DEBUG] debug-file - Update task entry:default@PackageHap input file:E:\application\DevEcoStudioProjects\MyApplication\entry\build\default\generated\profile\default\BuildProfile.ets cache by regenerate.
[2026-04-21T14:09:08.669] [DEBUG] debug-file - Update task entry:default@PackageHap output file:E:\application\DevEcoStudioProjects\MyApplication\entry\build\default\outputs\default\entry-default-unsigned.hap cache.
[2026-04-21T14:09:08.670] [DEBUG] debug-file - Update task entry:default@PackageHap output file:E:\application\DevEcoStudioProjects\MyApplication\entry\build\default\intermediates\source_map\default\sourceMaps.map cache.
[2026-04-21T14:09:08.670] [DEBUG] debug-file - Update task entry:default@PackageHap output file:E:\application\DevEcoStudioProjects\MyApplication\entry\build\default\outputs\default\mapping\sourceMaps.map cache.
[2026-04-21T14:09:08.671] [DEBUG] debug-file - Incremental task entry:default@PackageHap post-execution cost:15 ms .
[2026-04-21T14:09:08.671] [DEBUG] debug-file - Update task entry:default@SignHap input file:C:\Users\jeremy\.ohos\config\default_MyApplication_Thr90GYvKW5Kq6vrUTl5jOZ4hWpT6CDZekCtJa4CR7k=.cer cache by regenerate.
[2026-04-21T14:09:08.672] [DEBUG] debug-file - Update task entry:default@SignHap input file:C:\Users\jeremy\.ohos\config\default_MyApplication_Thr90GYvKW5Kq6vrUTl5jOZ4hWpT6CDZekCtJa4CR7k=.p7b cache by regenerate.
[2026-04-21T14:09:08.672] [DEBUG] debug-file - Update task entry:default@SignHap input file:C:\Users\jeremy\.ohos\config\default_MyApplication_Thr90GYvKW5Kq6vrUTl5jOZ4hWpT6CDZekCtJa4CR7k=.p12 cache by regenerate.
[2026-04-21T14:09:08.673] [DEBUG] debug-file - Update task entry:default@SignHap input file:E:\application\DevEcoStudioProjects\MyApplication\entry\build\default\outputs\default\entry-default-unsigned.hap cache from map.
[2026-04-21T14:09:08.675] [DEBUG] debug-file - Update task entry:default@SignHap output file:E:\application\DevEcoStudioProjects\MyApplication\entry\build\default\outputs\default\entry-default-signed.hap cache.
[2026-04-21T14:09:08.676] [DEBUG] debug-file - Incremental task entry:default@SignHap post-execution cost:6 ms .
[2026-04-21T14:09:08.678] [DEBUG] debug-file - Update task entry:default@CollectDebugSymbol input file:E:\application\DevEcoStudioProjects\MyApplication\entry\build\default\intermediates\loader_out\default\ets\sourceMaps.map cache by regenerate.
[2026-04-21T14:09:08.678] [DEBUG] debug-file - Update task entry:default@CollectDebugSymbol input file:E:\application\DevEcoStudioProjects\MyApplication\entry\build\default\intermediates\libs\default cache by regenerate.
[2026-04-21T14:09:08.679] [DEBUG] debug-file - Update task entry:default@CollectDebugSymbol output file:E:\application\DevEcoStudioProjects\MyApplication\entry\build\default\outputs\default\symbol cache.
[2026-04-21T14:09:08.683] [DEBUG] debug-file - Incremental task entry:default@CollectDebugSymbol post-execution cost:6 ms .
[2026-04-21T14:09:08.754] [DEBUG] debug-file - Cleanup worker 10.
[2026-04-21T14:09:08.755] [DEBUG] debug-file - Worker 10 has been cleaned up.
[2026-04-21T14:09:08.755] [DEBUG] debug-file - Current idle worker size: 1.
[2026-04-21T14:09:08.755] [DEBUG] debug-file - Current resident worker size: 2.
[2026-04-21T14:09:08.756] [DEBUG] debug-file - hvigor build process will be closed.
[2026-04-21T14:09:08.757] [DEBUG] debug-file - java daemon socket close code:1000 reason:close by user
[2026-04-21T14:09:08.806] [DEBUG] debug-file - worker[10] exits with exit code 1.
[2026-04-21T14:09:08.829] [DEBUG] debug-file - session manager: send message to worker process.
[2026-04-21T14:09:08.838] [DEBUG] debug-file - session manager: send message to worker process.
[2026-04-21T14:09:08.837] [DEBUG] debug-file - watch worker: worker id should be larger than 0. Nothing will be sent to any worker thread.
[2026-04-21T14:09:08.838] [DEBUG] debug-file - watch worker: worker id should be larger than 0. Nothing will be sent to any worker thread.
[2026-05-06T13:25:21.390] [DEBUG] debug-file - java daemon tryConnect failed Error: connect ECONNREFUSED 127.0.0.1:45050
[2026-05-06T13:25:21.459] [DEBUG] debug-file - java daemon started at port 45050 pid 20308
[2026-05-06T13:25:18.414] [DEBUG] debug-file - env: nodejsVersion=v18.20.1
[2026-05-06T13:25:18.584] [DEBUG] debug-file - env: daemon=true
[2026-05-06T13:25:18.416] [DEBUG] debug-file - env: hvigor-config.json5 content = {
  modelVersion: '6.0.2',
  dependencies: {},
  execution: {},
  logging: {},
  debugging: {},
  nodeOptions: {}
}
[2026-05-06T13:25:22.580] [DEBUG] debug-file - session manager: set active socket. socketId=4GkaDfAEOUVcSUI0AAAB
[2026-05-06T13:25:22.605] [DEBUG] debug-file - watch worker: worker id should be larger than 0. Nothing will be sent to any worker thread.
[2026-05-06T13:25:22.613] [DEBUG] debug-file - Since there is no instance or instance is terminated, create a new worker pool.
[2026-05-06T13:25:22.614] [DEBUG] debug-file - Worker pool is initialized with config:  {
  minPoolNum: 2,
  maxPoolNum: undefined,
  maxCoreSize: undefined,
  cacheCapacity: undefined,
  cacheTtl: undefined
}
[2026-05-06T13:25:22.615] [DEBUG] debug-file - Create  resident worker with id: 0.
[2026-05-06T13:25:22.617] [DEBUG] debug-file - Create  resident worker with id: 1.
[2026-05-06T13:25:22.620] [DEBUG] debug-file - Workers' log level updated to INFO
[2026-05-06T13:25:22.631] [DEBUG] debug-file - Hvigor init with startParameters:{
  hvigorfileTypeCheck: false,
  parallelExecution: true,
  incrementalExecution: true,
  printStackTrace: false,
  daemon: true,
  analyze: 0,
  logLevel: Level { level: 20000, levelStr: 'INFO', colour: 'green' },
  optimizationStrategy: 'memory',
  hotCompile: undefined,
  hotReloadBuild: undefined,
  customizedParam: undefined
}
[2026-05-06T13:25:22.674] [DEBUG] debug-file - Cache service initialization finished in 43 ms 
[2026-05-06T13:25:22.677] [DEBUG] debug-file - hvigorfile, resolving E:\application\DevEcoStudioProjects\MyApplication\hvigorfile.ts
[2026-05-06T13:25:46.708] [DEBUG] debug-file - hvigorfile, require result:  { default: { plugins: [] } }
[2026-05-06T13:25:46.708] [DEBUG] debug-file - hvigorfile, binding system plugins null
[2026-05-06T13:25:46.709] [DEBUG] debug-file - Starting plugin build process
[2026-05-06T13:25:46.709] [DEBUG] debug-file - App plugin prepare start...
[2026-05-06T13:25:46.709] [DEBUG] debug-file - App plugin prepare end...
[2026-05-06T13:25:46.709] [DEBUG] debug-file - App plugin creating...
[2026-05-06T13:25:46.943] [DEBUG] debug-file - App plugin register hook start...
[2026-05-06T13:25:46.943] [DEBUG] debug-file - App plugin register hook end...
[2026-05-06T13:25:46.943] [DEBUG] debug-file - Plugin build process completed
[2026-05-06T13:25:46.944] [DEBUG] debug-file - Start initialize project's product build option map with build mode debug.
[2026-05-06T13:25:46.945] [DEBUG] debug-file - Picking option from product 'default' with build mode 'debug'.
[2026-05-06T13:25:46.945] [DEBUG] debug-file - Product 'default' build option initialized
[2026-05-06T13:25:46.945] [DEBUG] debug-file - End initialize project's product build option map with build mode 'debug'.
[2026-05-06T13:25:46.947] [DEBUG] debug-file - Obtain build option for product 'default'in this build.
[2026-05-06T13:25:46.971] [DEBUG] debug-file - E:\application\DevEcoStudioProjects\MyApplication\build\cache\default\remote_hsp\remoteHspCache.json not exists.
[2026-05-06T13:25:46.981] [DEBUG] debug-file - Local scan or download HarmonyOS sdk components toolchains,ets,js,native,previewer
[2026-05-06T13:25:46.986] [DEBUG] debug-file - Local scan or download hmscore sdk components toolchains,ets,native
[2026-05-06T13:25:46.990] [DEBUG] debug-file - Start recording SDK configuration permission data.
[2026-05-06T13:25:47.037] [DEBUG] debug-file - Sdk init in 58 ms 
[2026-05-06T13:25:47.043] [DEBUG] debug-file - Project task initialization takes 5 ms 
[2026-05-06T13:25:47.043] [DEBUG] debug-file - hvigorfile, begin to bind custom plugins...
[2026-05-06T13:25:47.043] [DEBUG] debug-file - hvigorfile, no custom plugins were found in E:\application\DevEcoStudioProjects\MyApplication\hvigorfile.ts
[2026-05-06T13:25:47.043] [DEBUG] debug-file - hvigorfile, resolve finished E:\application\DevEcoStudioProjects\MyApplication\hvigorfile.ts
[2026-05-06T13:25:47.044] [DEBUG] debug-file - hvigorfile, resolving E:\application\DevEcoStudioProjects\MyApplication\entry\hvigorfile.ts
[2026-05-06T13:25:47.053] [DEBUG] debug-file - hvigorfile, require result:  { default: { plugins: [] } }
[2026-05-06T13:25:47.053] [DEBUG] debug-file - hvigorfile, binding system plugins null
[2026-05-06T13:25:47.053] [DEBUG] debug-file - Starting plugin build process
[2026-05-06T13:25:47.053] [DEBUG] debug-file - Hap plugin creating...
[2026-05-06T13:25:47.055] [DEBUG] debug-file - failed to load cangjie to dynamically generate schemas: Error: Cannot find module '@ohos/cangjie-build-support/index'
Require stack:
- E:\devecostudio-windows-6.1.0.830\DevEco Studio\tools\hvigor\hvigor-ohos-plugin\src\plugin\hooks\cangjie-register.js
- E:\devecostudio-windows-6.1.0.830\DevEco Studio\tools\hvigor\hvigor-ohos-plugin\src\plugin\strategy\stage-init-strategy.js
- E:\devecostudio-windows-6.1.0.830\DevEco Studio\tools\hvigor\hvigor-ohos-plugin\src\plugin\builder\abstract-plugin-builder.js
- E:\devecostudio-windows-6.1.0.830\DevEco Studio\tools\hvigor\hvigor-ohos-plugin\src\plugin\builder\app-plugin-builder.js
- E:\devecostudio-windows-6.1.0.830\DevEco Studio\tools\hvigor\hvigor-ohos-plugin\src\plugin\factory\plugin-factory.js
- E:\devecostudio-windows-6.1.0.830\DevEco Studio\tools\hvigor\hvigor-ohos-plugin\index.js
- E:\application\DevEcoStudioProjects\MyApplication\hvigorfile.ts
- E:\devecostudio-windows-6.1.0.830\DevEco Studio\tools\hvigor\hvigor\src\base\internal\lifecycle\configuration.js
- E:\devecostudio-windows-6.1.0.830\DevEco Studio\tools\hvigor\hvigor\src\base\boot\index.js
- E:\devecostudio-windows-6.1.0.830\DevEco Studio\tools\hvigor\hvigor\src\base\daemon\cluster\worker-process-lifecycle.js
- E:\devecostudio-windows-6.1.0.830\DevEco Studio\tools\hvigor\hvigor\src\base\daemon\process\daemon-process-boot-script.js
[2026-05-06T13:25:47.071] [DEBUG] debug-file - Start initialize module-target build option map, moduleName=entry, buildMode=debug
[2026-05-06T13:25:47.071] [DEBUG] debug-file - Target 'default' config initialized
[2026-05-06T13:25:47.072] [DEBUG] debug-file - Target 'ohosTest' config initialized
[2026-05-06T13:25:47.072] [DEBUG] debug-file - Module 'entry' target 'default' build option initialized
[2026-05-06T13:25:47.072] [DEBUG] debug-file - Module 'entry' target 'ohosTest' build option initialized
[2026-05-06T13:25:47.072] [DEBUG] debug-file - End initialize module-target build option map, moduleName=entry
[2026-05-06T13:25:47.072] [DEBUG] debug-file - Start initialize module-target build option map, moduleName=entry, buildMode=release
[2026-05-06T13:25:47.072] [DEBUG] debug-file - Target 'default' config initialized
[2026-05-06T13:25:47.073] [DEBUG] debug-file - Target 'ohosTest' config initialized
[2026-05-06T13:25:47.073] [DEBUG] debug-file - Module 'entry' target 'default' build option initialized
[2026-05-06T13:25:47.073] [DEBUG] debug-file - Module 'entry' target 'ohosTest' build option initialized
[2026-05-06T13:25:47.073] [DEBUG] debug-file - End initialize module-target build option map, moduleName=entry
[2026-05-06T13:25:47.073] [DEBUG] debug-file - Start initialize module-target build option map, moduleName=entry, buildMode=debug
[2026-05-06T13:25:47.073] [DEBUG] debug-file - Target 'default' config initialized
[2026-05-06T13:25:47.074] [DEBUG] debug-file - Target 'ohosTest' config initialized
[2026-05-06T13:25:47.074] [DEBUG] debug-file - Module 'entry' target 'default' build option initialized
[2026-05-06T13:25:47.074] [DEBUG] debug-file - Module 'entry' target 'ohosTest' build option initialized
[2026-05-06T13:25:47.074] [DEBUG] debug-file - End initialize module-target build option map, moduleName=entry
[2026-05-06T13:25:47.074] [DEBUG] debug-file - Obtain build option for module 'entry' target 'default'in this build.
[2026-05-06T13:25:47.080] [DEBUG] debug-file - Module entry task initialization takes 5 ms 
[2026-05-06T13:25:47.080] [DEBUG] debug-file - Hap plugin register hook start...
[2026-05-06T13:25:47.080] [DEBUG] debug-file - Hap plugin register hook end...
[2026-05-06T13:25:47.080] [DEBUG] debug-file - Plugin build process completed
[2026-05-06T13:25:47.080] [DEBUG] debug-file - hvigorfile, begin to bind custom plugins...
[2026-05-06T13:25:47.080] [DEBUG] debug-file - hvigorfile, no custom plugins were found in E:\application\DevEcoStudioProjects\MyApplication\entry\hvigorfile.ts
[2026-05-06T13:25:47.080] [DEBUG] debug-file - hvigorfile, resolve finished E:\application\DevEcoStudioProjects\MyApplication\entry\hvigorfile.ts
[2026-05-06T13:25:47.103] [DEBUG] debug-file - hvigorfile, resolve hvigorfile dependencies in 23 ms 
[2026-05-06T13:25:47.103] [DEBUG] debug-file - project has submodules:entry
[2026-05-06T13:25:47.106] [DEBUG] debug-file - start to load updatedOhPackageInfo to the disk
[2026-05-06T13:25:47.120] [DEBUG] debug-file - load to the disk finished
[2026-05-06T13:25:47.122] [DEBUG] debug-file - Start to initialize dependency information.
[2026-05-06T13:25:47.147] [DEBUG] debug-file - Module MyApplication Collected Dependency: 
[2026-05-06T13:25:47.147] [DEBUG] debug-file - Module MyApplication's total dependency: 0
[2026-05-06T13:25:47.149] [DEBUG] debug-file - Start to initialize dependency information.
[2026-05-06T13:25:47.152] [DEBUG] debug-file - Module entry Collected Dependency: 
[2026-05-06T13:25:47.152] [DEBUG] debug-file - Module entry's total dependency: 0
[2026-05-06T13:25:47.164] [DEBUG] debug-file - Configuration phase cost:24 s 489 ms 
[2026-05-06T13:25:47.166] [DEBUG] debug-file - Configuration task cost before running: 24 s 545 ms 
[2026-05-06T13:25:47.166] [DEBUG] debug-file - Executing task :entry:init
[2026-05-06T13:25:47.167] [DEBUG] debug-file - entry : init cost memory 0.0164642333984375
[2026-05-06T13:25:47.167] [DEBUG] debug-file - runTaskFromQueue task cost before running: 24 s 546 ms 
[2026-05-06T13:25:47.168] [INFO] debug-file - Finished :entry:init... after 1 ms 
[2026-05-06T13:25:47.168] [DEBUG] debug-file - Executing task ::init
[2026-05-06T13:25:47.168] [DEBUG] debug-file - MyApplication : init cost memory 0.014190673828125
[2026-05-06T13:25:47.168] [DEBUG] debug-file - runTaskFromQueue task cost before running: 24 s 548 ms 
[2026-05-06T13:25:47.168] [INFO] debug-file - Finished ::init... after 1 ms 
[2026-05-06T13:25:47.176] [DEBUG] debug-file - Obtain build option for module 'entry' target 'default'in this build.
[2026-05-06T13:25:47.177] [DEBUG] debug-file - Obtain build option for module 'entry' target 'ohosTest'in this build.
[2026-05-06T13:25:47.182] [DEBUG] debug-file - Cleanup worker 0.
[2026-05-06T13:25:47.182] [DEBUG] debug-file - Worker 0 has been cleaned up.
[2026-05-06T13:25:47.182] [DEBUG] debug-file - Current idle worker size: 1.
[2026-05-06T13:25:47.182] [DEBUG] debug-file - Current resident worker size: 2.
[2026-05-06T13:25:47.182] [DEBUG] debug-file - Cleanup worker 1.
[2026-05-06T13:25:47.183] [DEBUG] debug-file - Worker 1 has been cleaned up.
[2026-05-06T13:25:47.183] [DEBUG] debug-file - Current idle worker size: 0.
[2026-05-06T13:25:47.183] [DEBUG] debug-file - Current resident worker size: 2.
[2026-05-06T13:25:47.184] [DEBUG] debug-file - hvigor build process will be closed.
[2026-05-06T13:25:47.188] [DEBUG] debug-file - worker[1] exits with exit code 1.
[2026-05-06T13:25:47.192] [DEBUG] debug-file - session manager: send message to worker process.
[2026-05-06T13:25:47.192] [DEBUG] debug-file - session manager: send message to worker process.
[2026-05-06T13:25:47.192] [DEBUG] debug-file - worker[0] exits with exit code 1.
[2026-05-06T13:25:47.193] [DEBUG] debug-file - watch worker: worker id should be larger than 0. Nothing will be sent to any worker thread.
[2026-05-06T13:25:47.193] [DEBUG] debug-file - watch worker: worker id should be larger than 0. Nothing will be sent to any worker thread.
[2026-05-06T13:26:33.127] [DEBUG] debug-file - session manager: set active socket. socketId=1yR2jseqQucYduHQAAAD
[2026-05-06T13:26:33.144] [DEBUG] debug-file - watch worker: worker id should be larger than 0. Nothing will be sent to any worker thread.
[2026-05-06T13:26:33.152] [DEBUG] debug-file - Workers' log level updated to INFO
[2026-05-06T13:26:33.160] [DEBUG] debug-file - Hvigor init with startParameters:{
  hvigorfileTypeCheck: false,
  parallelExecution: true,
  incrementalExecution: true,
  printStackTrace: false,
  daemon: true,
  analyze: 0,
  logLevel: Level { level: 20000, levelStr: 'INFO', colour: 'green' },
  optimizationStrategy: 'memory',
  hotCompile: undefined,
  hotReloadBuild: undefined,
  customizedParam: undefined
}
[2026-05-06T13:26:33.167] [DEBUG] debug-file - Cache service initialization finished in 7 ms 
[2026-05-06T13:26:33.169] [DEBUG] debug-file - hvigorfile, resolving E:\application\DevEcoStudioProjects\MyApplication\hvigorfile.ts
[2026-05-06T13:26:33.178] [DEBUG] debug-file - hvigorfile, require result:  { default: { plugins: [] } }
[2026-05-06T13:26:33.178] [DEBUG] debug-file - hvigorfile, binding system plugins null
[2026-05-06T13:26:33.179] [DEBUG] debug-file - Starting plugin build process
[2026-05-06T13:26:33.179] [DEBUG] debug-file - App plugin prepare start...
[2026-05-06T13:26:33.179] [DEBUG] debug-file - App plugin prepare end...
[2026-05-06T13:26:33.179] [DEBUG] debug-file - App plugin creating...
[2026-05-06T13:26:33.188] [DEBUG] debug-file - App plugin register hook start...
[2026-05-06T13:26:33.188] [DEBUG] debug-file - App plugin register hook end...
[2026-05-06T13:26:33.188] [DEBUG] debug-file - Plugin build process completed
[2026-05-06T13:26:33.188] [DEBUG] debug-file - Start initialize project's product build option map with build mode debug.
[2026-05-06T13:26:33.189] [DEBUG] debug-file - Picking option from product 'default' with build mode 'debug'.
[2026-05-06T13:26:33.189] [DEBUG] debug-file - Product 'default' build option initialized
[2026-05-06T13:26:33.189] [DEBUG] debug-file - End initialize project's product build option map with build mode 'debug'.
[2026-05-06T13:26:33.189] [DEBUG] debug-file - Obtain build option for product 'default'in this build.
[2026-05-06T13:26:33.193] [DEBUG] debug-file - E:\application\DevEcoStudioProjects\MyApplication\build\cache\default\remote_hsp\remoteHspCache.json not exists.
[2026-05-06T13:26:33.197] [DEBUG] debug-file - Start recording SDK configuration permission data.
[2026-05-06T13:26:33.224] [DEBUG] debug-file - Sdk init in 31 ms 
[2026-05-06T13:26:33.229] [DEBUG] debug-file - Project task initialization takes 4 ms 
[2026-05-06T13:26:33.229] [DEBUG] debug-file - hvigorfile, begin to bind custom plugins...
[2026-05-06T13:26:33.229] [DEBUG] debug-file - hvigorfile, no custom plugins were found in E:\application\DevEcoStudioProjects\MyApplication\hvigorfile.ts
[2026-05-06T13:26:33.229] [DEBUG] debug-file - hvigorfile, resolve finished E:\application\DevEcoStudioProjects\MyApplication\hvigorfile.ts
[2026-05-06T13:26:33.229] [DEBUG] debug-file - hvigorfile, resolving E:\application\DevEcoStudioProjects\MyApplication\entry\hvigorfile.ts
[2026-05-06T13:26:33.233] [DEBUG] debug-file - hvigorfile, require result:  { default: { plugins: [] } }
[2026-05-06T13:26:33.234] [DEBUG] debug-file - hvigorfile, binding system plugins null
[2026-05-06T13:26:33.234] [DEBUG] debug-file - Starting plugin build process
[2026-05-06T13:26:33.234] [DEBUG] debug-file - Hap plugin creating...
[2026-05-06T13:26:33.235] [DEBUG] debug-file - failed to load cangjie to dynamically generate schemas: Error: Cannot find module '@ohos/cangjie-build-support/index'
Require stack:
- E:\devecostudio-windows-6.1.0.830\DevEco Studio\tools\hvigor\hvigor-ohos-plugin\src\plugin\hooks\cangjie-register.js
- E:\devecostudio-windows-6.1.0.830\DevEco Studio\tools\hvigor\hvigor-ohos-plugin\src\plugin\strategy\stage-init-strategy.js
- E:\devecostudio-windows-6.1.0.830\DevEco Studio\tools\hvigor\hvigor-ohos-plugin\src\plugin\builder\abstract-plugin-builder.js
- E:\devecostudio-windows-6.1.0.830\DevEco Studio\tools\hvigor\hvigor-ohos-plugin\src\plugin\builder\app-plugin-builder.js
- E:\devecostudio-windows-6.1.0.830\DevEco Studio\tools\hvigor\hvigor-ohos-plugin\src\plugin\factory\plugin-factory.js
- E:\devecostudio-windows-6.1.0.830\DevEco Studio\tools\hvigor\hvigor-ohos-plugin\index.js
- E:\application\DevEcoStudioProjects\MyApplication\hvigorfile.ts
- E:\devecostudio-windows-6.1.0.830\DevEco Studio\tools\hvigor\hvigor\src\base\internal\lifecycle\configuration.js
- E:\devecostudio-windows-6.1.0.830\DevEco Studio\tools\hvigor\hvigor\src\base\boot\index.js
- E:\devecostudio-windows-6.1.0.830\DevEco Studio\tools\hvigor\hvigor\src\base\daemon\cluster\worker-process-lifecycle.js
- E:\devecostudio-windows-6.1.0.830\DevEco Studio\tools\hvigor\hvigor\src\base\daemon\process\daemon-process-boot-script.js
[2026-05-06T13:26:33.238] [DEBUG] debug-file - Start initialize module-target build option map, moduleName=entry, buildMode=debug
[2026-05-06T13:26:33.238] [DEBUG] debug-file - Target 'default' config initialized
[2026-05-06T13:26:33.239] [DEBUG] debug-file - Target 'ohosTest' config initialized
[2026-05-06T13:26:33.239] [DEBUG] debug-file - Module 'entry' target 'default' build option initialized
[2026-05-06T13:26:33.239] [DEBUG] debug-file - Module 'entry' target 'ohosTest' build option initialized
[2026-05-06T13:26:33.239] [DEBUG] debug-file - End initialize module-target build option map, moduleName=entry
[2026-05-06T13:26:33.239] [DEBUG] debug-file - Start initialize module-target build option map, moduleName=entry, buildMode=release
[2026-05-06T13:26:33.240] [DEBUG] debug-file - Target 'default' config initialized
[2026-05-06T13:26:33.240] [DEBUG] debug-file - Target 'ohosTest' config initialized
[2026-05-06T13:26:33.240] [DEBUG] debug-file - Module 'entry' target 'default' build option initialized
[2026-05-06T13:26:33.240] [DEBUG] debug-file - Module 'entry' target 'ohosTest' build option initialized
[2026-05-06T13:26:33.240] [DEBUG] debug-file - End initialize module-target build option map, moduleName=entry
[2026-05-06T13:26:33.240] [DEBUG] debug-file - Start initialize module-target build option map, moduleName=entry, buildMode=debug
[2026-05-06T13:26:33.241] [DEBUG] debug-file - Target 'default' config initialized
[2026-05-06T13:26:33.241] [DEBUG] debug-file - Target 'ohosTest' config initialized
[2026-05-06T13:26:33.241] [DEBUG] debug-file - Module 'entry' target 'default' build option initialized
[2026-05-06T13:26:33.241] [DEBUG] debug-file - Module 'entry' target 'ohosTest' build option initialized
[2026-05-06T13:26:33.241] [DEBUG] debug-file - End initialize module-target build option map, moduleName=entry
[2026-05-06T13:26:33.241] [DEBUG] debug-file - Obtain build option for module 'entry' target 'default'in this build.
[2026-05-06T13:26:33.243] [DEBUG] debug-file - Module entry task initialization takes 2 ms 
[2026-05-06T13:26:33.243] [DEBUG] debug-file - Hap plugin register hook start...
[2026-05-06T13:26:33.243] [DEBUG] debug-file - Hap plugin register hook end...
[2026-05-06T13:26:33.243] [DEBUG] debug-file - Plugin build process completed
[2026-05-06T13:26:33.243] [DEBUG] debug-file - hvigorfile, begin to bind custom plugins...
[2026-05-06T13:26:33.243] [DEBUG] debug-file - hvigorfile, no custom plugins were found in E:\application\DevEcoStudioProjects\MyApplication\entry\hvigorfile.ts
[2026-05-06T13:26:33.243] [DEBUG] debug-file - hvigorfile, resolve finished E:\application\DevEcoStudioProjects\MyApplication\entry\hvigorfile.ts
[2026-05-06T13:26:33.261] [DEBUG] debug-file - hvigorfile, resolve hvigorfile dependencies in 18 ms 
[2026-05-06T13:26:33.261] [DEBUG] debug-file - project has submodules:entry
[2026-05-06T13:26:33.263] [DEBUG] debug-file - start to load updatedOhPackageInfo to the disk
[2026-05-06T13:26:33.265] [DEBUG] debug-file - load to the disk finished
[2026-05-06T13:26:33.266] [DEBUG] debug-file - Start to initialize dependency information.
[2026-05-06T13:26:33.272] [DEBUG] debug-file - Module MyApplication Collected Dependency: 
[2026-05-06T13:26:33.272] [DEBUG] debug-file - Module MyApplication's total dependency: 0
[2026-05-06T13:26:33.273] [DEBUG] debug-file - Start to initialize dependency information.
[2026-05-06T13:26:33.275] [DEBUG] debug-file - Module entry Collected Dependency: 
[2026-05-06T13:26:33.275] [DEBUG] debug-file - Module entry's total dependency: 0
[2026-05-06T13:26:33.277] [DEBUG] debug-file - Configuration phase cost:110 ms 
[2026-05-06T13:26:33.278] [DEBUG] debug-file - Configuration task cost before running: 125 ms 
[2026-05-06T13:26:33.284] [DEBUG] debug-file - Executing task :entry:default@PreBuild
[2026-05-06T13:26:33.286] [DEBUG] debug-file - Task 'entry:default@PreBuild' cost while wrapping incremental declarations: 1 ms 
[2026-05-06T13:26:33.294] [DEBUG] debug-file - entry:default@PreBuild is not up-to-date, since the input file 'E:\application\DevEcoStudioProjects\MyApplication\build-profile.json5' has been changed.
[2026-05-06T13:26:33.294] [DEBUG] debug-file - Incremental task entry:default@PreBuild pre-execution cost: 5 ms .
[2026-05-06T13:26:33.528] [DEBUG] debug-file - current product is not Atomic service.
[2026-05-06T13:26:33.536] [DEBUG] debug-file - Use tool [win32: JAVA_HOME, CLASSPATH]
 [
  {
    JAVA_HOME: 'E:\\devecostudio-windows-6.1.0.830\\DevEco Studio\\jbr'
  },
  { CLASSPATH: undefined }
]
[2026-05-06T13:26:33.536] [DEBUG] debug-file - Use tool [win32: NODE_HOME]
 [
  {
    NODE_HOME: 'E:\\devecostudio-windows-6.1.0.830\\DevEco Studio\\tools\\node'
  }
]
[2026-05-06T13:26:33.537] [DEBUG] debug-file - entry : default@PreBuild cost memory 0.0514068603515625
[2026-05-06T13:26:33.537] [DEBUG] debug-file - runTaskFromQueue task cost before running: 384 ms 
[2026-05-06T13:26:33.540] [INFO] debug-file - Finished :entry:default@PreBuild... after 254 ms 
[2026-05-06T13:26:33.542] [DEBUG] debug-file - Executing task :entry:default@CreateModuleInfo
[2026-05-06T13:26:33.542] [DEBUG] debug-file - Task 'entry:default@CreateModuleInfo' cost while wrapping incremental declarations: 1 ms 
[2026-05-06T13:26:33.542] [DEBUG] debug-file - entry : default@CreateModuleInfo cost memory 0.0494232177734375
[2026-05-06T13:26:33.542] [DEBUG] debug-file - runTaskFromQueue task cost before running: 389 ms 
[2026-05-06T13:26:33.543] [INFO] debug-file - Finished :entry:default@CreateModuleInfo... after 1 ms 
[2026-05-06T13:26:33.547] [DEBUG] debug-file - Executing task :entry:default@GenerateMetadata
[2026-05-06T13:26:33.548] [DEBUG] debug-file - Task 'entry:default@GenerateMetadata' cost while wrapping incremental declarations: 1 ms 
[2026-05-06T13:26:33.549] [DEBUG] debug-file - Incremental task entry:default@GenerateMetadata pre-execution cost: 2 ms .
[2026-05-06T13:26:33.550] [DEBUG] debug-file - entry : default@GenerateMetadata cost memory 0.11399078369140625
[2026-05-06T13:26:33.550] [INFO] debug-file - UP-TO-DATE :entry:default@GenerateMetadata...  
[2026-05-06T13:26:33.551] [DEBUG] debug-file - Executing task :entry:default@ConfigureCmake
[2026-05-06T13:26:33.551] [DEBUG] debug-file - entry : default@ConfigureCmake cost memory 0.0145721435546875
[2026-05-06T13:26:33.551] [DEBUG] debug-file - runTaskFromQueue task cost before running: 398 ms 
[2026-05-06T13:26:33.551] [INFO] debug-file - Finished :entry:default@ConfigureCmake... after 1 ms 
[2026-05-06T13:26:33.553] [DEBUG] debug-file - Executing task :entry:default@MergeProfile
[2026-05-06T13:26:33.553] [DEBUG] debug-file - Task 'entry:default@MergeProfile' cost while wrapping incremental declarations: 1 ms 
[2026-05-06T13:26:33.555] [DEBUG] debug-file - entry:default@MergeProfile is not up-to-date, since the input file 'E:\application\DevEcoStudioProjects\MyApplication\build-profile.json5' has been changed.
[2026-05-06T13:26:33.555] [DEBUG] debug-file - Incremental task entry:default@MergeProfile pre-execution cost: 1 ms .
[2026-05-06T13:26:33.555] [DEBUG] debug-file - Change app api release type with 'Release'
[2026-05-06T13:26:33.555] [DEBUG] debug-file - Change app compile API version with '6.1.0.105'
[2026-05-06T13:26:33.556] [DEBUG] debug-file - Change app target API version with '60002022'
[2026-05-06T13:26:33.556] [DEBUG] debug-file - Change app minimum API version with '60002022'
[2026-05-06T13:26:33.556] [DEBUG] debug-file - Use cli appEnvironment
[2026-05-06T13:26:33.567] [DEBUG] debug-file - entry : default@MergeProfile cost memory 0.29268646240234375
[2026-05-06T13:26:33.567] [DEBUG] debug-file - runTaskFromQueue task cost before running: 414 ms 
[2026-05-06T13:26:33.568] [INFO] debug-file - Finished :entry:default@MergeProfile... after 15 ms 
[2026-05-06T13:26:33.570] [DEBUG] debug-file - Executing task :entry:default@CreateBuildProfile
[2026-05-06T13:26:33.571] [DEBUG] debug-file - Task 'entry:default@CreateBuildProfile' cost while wrapping incremental declarations: 1 ms 
[2026-05-06T13:26:33.572] [DEBUG] debug-file - entry:default@CreateBuildProfile is not up-to-date, since the input file 'E:\application\DevEcoStudioProjects\MyApplication\build-profile.json5' has been changed.
[2026-05-06T13:26:33.572] [DEBUG] debug-file - Incremental task entry:default@CreateBuildProfile pre-execution cost: 1 ms .
[2026-05-06T13:26:33.573] [DEBUG] debug-file - entry : default@CreateBuildProfile cost memory 0.11644744873046875
[2026-05-06T13:26:33.573] [DEBUG] debug-file - runTaskFromQueue task cost before running: 420 ms 
[2026-05-06T13:26:33.573] [INFO] debug-file - Finished :entry:default@CreateBuildProfile... after 4 ms 
[2026-05-06T13:26:33.575] [DEBUG] debug-file - Executing task :entry:default@PreCheckSyscap
[2026-05-06T13:26:33.575] [DEBUG] debug-file - entry : default@PreCheckSyscap cost memory 0.01471710205078125
[2026-05-06T13:26:33.575] [DEBUG] debug-file - runTaskFromQueue task cost before running: 422 ms 
[2026-05-06T13:26:33.576] [INFO] debug-file - Finished :entry:default@PreCheckSyscap... after 1 ms 
[2026-05-06T13:26:33.578] [DEBUG] debug-file - Executing task :entry:default@GeneratePkgContextInfo
[2026-05-06T13:26:33.584] [DEBUG] debug-file - Task 'entry:default@GeneratePkgContextInfo' cost while wrapping incremental declarations: 1 ms 
[2026-05-06T13:26:33.585] [DEBUG] debug-file - Incremental task entry:default@GeneratePkgContextInfo pre-execution cost: 1 ms .
[2026-05-06T13:26:33.586] [DEBUG] debug-file - entry : default@GeneratePkgContextInfo cost memory 0.311859130859375
[2026-05-06T13:26:33.586] [INFO] debug-file - UP-TO-DATE :entry:default@GeneratePkgContextInfo...  
[2026-05-06T13:26:33.588] [DEBUG] debug-file - Executing task :entry:default@GeneratePkgSdkInfo
[2026-05-06T13:26:33.592] [DEBUG] debug-file - Task 'entry:default@GeneratePkgSdkInfo' cost while wrapping incremental declarations: 1 ms 
[2026-05-06T13:26:33.592] [DEBUG] debug-file - entry : default@GeneratePkgSdkInfo cost memory 0.1394195556640625
[2026-05-06T13:26:33.592] [DEBUG] debug-file - runTaskFromQueue task cost before running: 439 ms 
[2026-05-06T13:26:33.592] [INFO] debug-file - Finished :entry:default@GeneratePkgSdkInfo... after 5 ms 
[2026-05-06T13:26:33.597] [DEBUG] debug-file - Executing task :entry:default@ProcessIntegratedHsp
[2026-05-06T13:26:33.597] [DEBUG] debug-file - entry:default@ProcessIntegratedHsp is not up-to-date, since the output file 'E:\application\DevEcoStudioProjects\MyApplication\build\cache\default\integrated_hsp\integratedHspCache.json' does not exist.
[2026-05-06T13:26:33.597] [DEBUG] debug-file - Incremental task entry:default@ProcessIntegratedHsp pre-execution cost: 1 ms .
[2026-05-06T13:26:33.598] [DEBUG] debug-file - entry : default@ProcessIntegratedHsp cost memory 0.0669403076171875
[2026-05-06T13:26:33.598] [DEBUG] debug-file - runTaskFromQueue task cost before running: 444 ms 
[2026-05-06T13:26:33.598] [INFO] debug-file - Finished :entry:default@ProcessIntegratedHsp... after 1 ms 
[2026-05-06T13:26:33.599] [DEBUG] debug-file - Executing task :entry:default@BuildNativeWithCmake
[2026-05-06T13:26:33.599] [DEBUG] debug-file - entry : default@BuildNativeWithCmake cost memory 0.0185089111328125
[2026-05-06T13:26:33.599] [DEBUG] debug-file - runTaskFromQueue task cost before running: 446 ms 
[2026-05-06T13:26:33.600] [INFO] debug-file - Finished :entry:default@BuildNativeWithCmake... after 1 ms 
[2026-05-06T13:26:33.601] [DEBUG] debug-file - Executing task :entry:default@MakePackInfo
[2026-05-06T13:26:33.604] [DEBUG] debug-file - entry:default@MakePackInfo is not up-to-date, since the input file 'E:\application\DevEcoStudioProjects\MyApplication\build-profile.json5' has been changed.
[2026-05-06T13:26:33.604] [DEBUG] debug-file - Incremental task entry:default@MakePackInfo pre-execution cost: 2 ms .
[2026-05-06T13:26:33.605] [DEBUG] debug-file - Module Pack Info:  {
  summary: {
    app: { bundleName: 'c***n', bundleType: 'app', version: [Object] },
    modules: [ [Object] ]
  },
  packages: [
    {
      deviceType: [Array],
      moduleType: 'entry',
      deliveryWithInstall: true,
      name: 'entry-default'
    }
  ]
}
[2026-05-06T13:26:33.606] [DEBUG] debug-file - entry : default@MakePackInfo cost memory 0.1876373291015625
[2026-05-06T13:26:33.606] [DEBUG] debug-file - runTaskFromQueue task cost before running: 452 ms 
[2026-05-06T13:26:33.607] [INFO] debug-file - Finished :entry:default@MakePackInfo... after 5 ms 
[2026-05-06T13:26:33.609] [DEBUG] debug-file - Executing task :entry:default@SyscapTransform
[2026-05-06T13:26:33.609] [DEBUG] debug-file - File: 'E:\application\DevEcoStudioProjects\MyApplication\entry\src\main\syscap.json' from 'sysCapJsonPath' is not exists, just ignore.
[2026-05-06T13:26:33.610] [DEBUG] debug-file - Task 'entry:default@SyscapTransform' cost while wrapping incremental declarations: 2 ms 
[2026-05-06T13:26:33.625] [DEBUG] debug-file - entry:default@SyscapTransform is not up-to-date, since the output file 'E:\application\DevEcoStudioProjects\MyApplication\entry\build\default\intermediates\syscap\default\rpcid.sc' does not exist.
[2026-05-06T13:26:33.625] [DEBUG] debug-file - Incremental task entry:default@SyscapTransform pre-execution cost: 15 ms .
[2026-05-06T13:26:33.625] [DEBUG] debug-file - entry : default@SyscapTransform cost memory 0.177825927734375
[2026-05-06T13:26:33.625] [DEBUG] debug-file - runTaskFromQueue task cost before running: 472 ms 
[2026-05-06T13:26:33.625] [INFO] debug-file - Finished :entry:default@SyscapTransform... after 17 ms 
[2026-05-06T13:26:33.628] [DEBUG] debug-file - Executing task :entry:default@ProcessProfile
[2026-05-06T13:26:33.629] [DEBUG] debug-file - Task 'entry:default@ProcessProfile' cost while wrapping incremental declarations: 1 ms 
[2026-05-06T13:26:33.629] [DEBUG] debug-file - entry:default@ProcessProfile is not up-to-date, since the input file 'E:\application\DevEcoStudioProjects\MyApplication\entry\build\default\intermediates\merge_profile\default\module.json' has been changed.
[2026-05-06T13:26:33.629] [DEBUG] debug-file - Incremental task entry:default@ProcessProfile pre-execution cost: 1 ms .
[2026-05-06T13:26:33.631] [DEBUG] debug-file - [
  'E:\\devecostudio-windows-6.1.0.830\\DevEco Studio\\tools\\node\\node.exe',
  'E:\\devecostudio-windows-6.1.0.830\\DevEco Studio\\sdk\\default\\openharmony\\ets\\build-tools\\ets-loader\\bin\\ark\\ts2abc.js',
  '--target-api-version',
  '22'
]
[2026-05-06T13:26:34.008] [DEBUG] debug-file - 13.0.1.0
[2026-05-06T13:26:34.010] [DEBUG] debug-file - No need to add fake ui ability because of not in preview process.
[2026-05-06T13:26:34.010] [DEBUG] debug-file - entry : default@ProcessProfile cost memory 2.0841522216796875
[2026-05-06T13:26:34.011] [DEBUG] debug-file - runTaskFromQueue task cost before running: 857 ms 
[2026-05-06T13:26:34.011] [INFO] debug-file - Finished :entry:default@ProcessProfile... after 384 ms 
[2026-05-06T13:26:34.013] [DEBUG] debug-file - Executing task :entry:default@ProcessRouterMap
[2026-05-06T13:26:34.017] [DEBUG] debug-file - Incremental task entry:default@ProcessRouterMap pre-execution cost: 3 ms .
[2026-05-06T13:26:34.017] [DEBUG] debug-file - entry : default@ProcessRouterMap cost memory 0.183258056640625
[2026-05-06T13:26:34.017] [INFO] debug-file - UP-TO-DATE :entry:default@ProcessRouterMap...  
[2026-05-06T13:26:34.019] [DEBUG] debug-file - Executing task :entry:default@ProcessShareConfig
[2026-05-06T13:26:34.022] [DEBUG] debug-file - Incremental task entry:default@ProcessShareConfig pre-execution cost: 3 ms .
[2026-05-06T13:26:34.022] [DEBUG] debug-file - entry : default@ProcessShareConfig cost memory 0.17427825927734375
[2026-05-06T13:26:34.023] [INFO] debug-file - UP-TO-DATE :entry:default@ProcessShareConfig...  
[2026-05-06T13:26:34.024] [DEBUG] debug-file - Executing task :entry:default@ProcessStartupConfig
[2026-05-06T13:26:34.024] [DEBUG] debug-file - Task 'entry:default@ProcessStartupConfig' cost while wrapping incremental declarations: 1 ms 
[2026-05-06T13:26:34.025] [DEBUG] debug-file - entry:default@ProcessStartupConfig is not up-to-date, since the output file 'E:\application\DevEcoStudioProjects\MyApplication\entry\build\default\intermediates\startup\default\startup_config.json' does not exist.
[2026-05-06T13:26:34.025] [DEBUG] debug-file - Incremental task entry:default@ProcessStartupConfig pre-execution cost: 1 ms .
[2026-05-06T13:26:34.032] [DEBUG] debug-file - entry : default@ProcessStartupConfig cost memory 0.15644073486328125
[2026-05-06T13:26:34.033] [DEBUG] debug-file - runTaskFromQueue task cost before running: 879 ms 
[2026-05-06T13:26:34.033] [INFO] debug-file - Finished :entry:default@ProcessStartupConfig... after 9 ms 
[2026-05-06T13:26:34.035] [DEBUG] debug-file - Executing task :entry:default@BuildNativeWithNinja
[2026-05-06T13:26:34.035] [DEBUG] debug-file - entry : default@BuildNativeWithNinja cost memory 0.024871826171875
[2026-05-06T13:26:34.035] [DEBUG] debug-file - runTaskFromQueue task cost before running: 882 ms 
[2026-05-06T13:26:34.035] [INFO] debug-file - Finished :entry:default@BuildNativeWithNinja... after 1 ms 
[2026-05-06T13:26:34.037] [DEBUG] debug-file - restool module names: entry; moduleName=entry, taskName=default@ProcessResource
[2026-05-06T13:26:34.047] [DEBUG] debug-file - Executing task :entry:default@ProcessResource
[2026-05-06T13:26:34.047] [DEBUG] debug-file - Task 'entry:default@ProcessResource' cost while wrapping incremental declarations: 1 ms 
[2026-05-06T13:26:34.048] [DEBUG] debug-file - Incremental task entry:default@ProcessResource pre-execution cost: 1 ms .
[2026-05-06T13:26:34.049] [DEBUG] debug-file - entry : default@ProcessResource cost memory 0.15892791748046875
[2026-05-06T13:26:34.050] [INFO] debug-file - UP-TO-DATE :entry:default@ProcessResource...  
[2026-05-06T13:26:34.052] [DEBUG] debug-file - Executing task :entry:default@GenerateLoaderJson
[2026-05-06T13:26:34.054] [DEBUG] debug-file - Task 'entry:default@GenerateLoaderJson' cost while wrapping incremental declarations: 1 ms 
[2026-05-06T13:26:34.069] [DEBUG] debug-file - Incremental task entry:default@GenerateLoaderJson pre-execution cost: 6 ms .
[2026-05-06T13:26:34.069] [DEBUG] debug-file - entry : default@GenerateLoaderJson cost memory 0.5795364379882812
[2026-05-06T13:26:34.072] [INFO] debug-file - UP-TO-DATE :entry:default@GenerateLoaderJson...  
[2026-05-06T13:26:34.073] [DEBUG] debug-file - Executing task :entry:default@ProcessLibs
[2026-05-06T13:26:34.075] [DEBUG] debug-file - entry:default@ProcessLibs is not up-to-date, since the input file 'E:\application\DevEcoStudioProjects\MyApplication\build-profile.json5' has been changed.
[2026-05-06T13:26:34.075] [DEBUG] debug-file - Incremental task entry:default@ProcessLibs pre-execution cost: 1 ms .
[2026-05-06T13:26:34.079] [DEBUG] debug-file - Worker dispatch failed, running processLibs on main thread.
[2026-05-06T13:26:34.081] [DEBUG] debug-file - entry : default@ProcessLibs cost memory 0.4188079833984375
[2026-05-06T13:26:34.081] [DEBUG] debug-file - runTaskFromQueue task cost before running: 928 ms 
[2026-05-06T13:26:34.082] [INFO] debug-file - Finished :entry:default@ProcessLibs... after 8 ms 
[2026-05-06T13:26:34.083] [DEBUG] debug-file - restool module names: entry; moduleName=entry, taskName=default@CompileResource
[2026-05-06T13:26:34.084] [DEBUG] debug-file - Executing task :entry:default@CompileResource
[2026-05-06T13:26:34.101] [DEBUG] debug-file - entry:default@CompileResource is not up-to-date, since the input file 'E:\application\DevEcoStudioProjects\MyApplication\entry\build\default\intermediates\process_profile\default\module.json' has been changed.
[2026-05-06T13:26:34.101] [DEBUG] debug-file - Incremental task entry:default@CompileResource pre-execution cost: 9 ms .
[2026-05-06T13:26:34.104] [DEBUG] debug-file - Use tool [E:\devecostudio-windows-6.1.0.830\DevEco Studio\sdk\default\openharmony\toolchains\restool.exe]
 [
  'E:\\devecostudio-windows-6.1.0.830\\DevEco Studio\\sdk\\default\\openharmony\\toolchains\\restool.exe',
  '-l',
  'E:\\application\\DevEcoStudioProjects\\MyApplication\\entry\\build\\default\\intermediates\\res\\default\\resConfig.json'
]
[2026-05-06T13:26:34.105] [DEBUG] debug-file - current process  memoryUsage: {
  rss: 186245120,
  heapTotal: 135487488,
  heapUsed: 113276136,
  external: 3136237,
  arrayBuffers: 108628
} os memoryUsage :8.647682189941406
[2026-05-06T13:26:34.344] [DEBUG] debug-file - Info: Pack: normal pack mode

[2026-05-06T13:26:34.782] [DEBUG] debug-file - Info: hardware concurrency count is : 12
Info: thread count is : 12

[2026-05-06T13:26:34.782] [DEBUG] debug-file - Info: thread pool is started

[2026-05-06T13:26:34.790] [DEBUG] debug-file - Info: GenericCompiler::CompileFiles

[2026-05-06T13:26:34.817] [DEBUG] debug-file - Info: GenericCompiler::CompileFiles

[2026-05-06T13:26:34.817] [DEBUG] debug-file - Warning: 'E:\application\DevEcoStudioProjects\MyApplication\entry\src\main\resources\base\media\background.png' is defined repeatedly.
Warning: 'E:\application\DevEcoStudioProjects\MyApplication\entry\src\main\resources\base\media\foreground.png' is defined repeatedly.
Warning: 'E:\application\DevEcoStudioProjects\MyApplication\entry\src\main\resources\base\media\layered_image.json' is defined repeatedly.

[2026-05-06T13:26:34.821] [DEBUG] debug-file - Info: GenericCompiler::CompileFiles

[2026-05-06T13:26:34.832] [DEBUG] debug-file - 05-06 13:26:34.833  6504 14112 E C01400/ImageTranscoderUtils: DecodeToRGBA IN
05-06 13:26:34.833  6504 14112 E C01400/ImageTranscoderUtils: ImageFilter IN E:\application\DevEcoStudioProjects\MyApplication\AppScope\resources\base\media\background.png

[2026-05-06T13:26:34.881] [DEBUG] debug-file - 05-06 13:26:34.882  6504 14112 E C01400/ImageTranscoderUtils: DecodeToRGBA IN

[2026-05-06T13:26:34.882] [DEBUG] debug-file - 05-06 13:26:34.882  6504 14112 E C01400/ImageTranscoderUtils: ImageFilter IN E:\application\DevEcoStudioProjects\MyApplication\AppScope\resources\base\media\foreground.png

[2026-05-06T13:26:34.919] [DEBUG] debug-file - Info: can't scale media json file.

[2026-05-06T13:26:34.920] [DEBUG] debug-file - 05-06 13:26:34.920  6504 14112 E C01400/ImageTranscoderUtils: DecodeToRGBA IN
05-06 13:26:34.920  6504 14112 E C01400/ImageTranscoderUtils: ImageFilter IN E:\application\DevEcoStudioProjects\MyApplication\entry\src\main\resources\base\media\1776133767.png

[2026-05-06T13:26:34.975] [DEBUG] debug-file - Warning: The width or height of the png file referenced by the icon exceeds the limit (41 pixels)
at E:\application\DevEcoStudioProjects\MyApplication\AppScope\resources\base\media\background.png

[2026-05-06T13:26:34.975] [DEBUG] debug-file - Warning: The width or height of the png file referenced by the icon exceeds the limit (41 pixels)
at E:\application\DevEcoStudioProjects\MyApplication\AppScope\resources\base\media\foreground.png
Warning: E:\application\DevEcoStudioProjects\MyApplication\AppScope\resources\base\media\layered_image.json is not png format

[2026-05-06T13:26:34.981] [DEBUG] debug-file - Info: restool resources compile success.

[2026-05-06T13:26:34.981] [DEBUG] debug-file - Info: thread pool is stopped

[2026-05-06T13:26:35.042] [DEBUG] debug-file - entry : default@CompileResource cost memory 1.1848297119140625
[2026-05-06T13:26:35.043] [DEBUG] debug-file - runTaskFromQueue task cost before running: 1 s 889 ms 
[2026-05-06T13:26:35.044] [INFO] debug-file - Finished :entry:default@CompileResource... after 960 ms 
[2026-05-06T13:26:35.045] [DEBUG] debug-file - Executing task :entry:default@DoNativeStrip
[2026-05-06T13:26:35.045] [DEBUG] debug-file - File: 'E:\application\DevEcoStudioProjects\MyApplication\entry\build\default\intermediates\binxo\default' from 'doBinxoNativeLibs' is not exists, just ignore.
[2026-05-06T13:26:35.045] [DEBUG] debug-file - Task 'entry:default@DoNativeStrip' cost while wrapping incremental declarations: 1 ms 
[2026-05-06T13:26:35.046] [DEBUG] debug-file - Incremental task entry:default@DoNativeStrip pre-execution cost: 1 ms .
[2026-05-06T13:26:35.047] [DEBUG] debug-file - entry : default@DoNativeStrip cost memory 0.10570526123046875
[2026-05-06T13:26:35.047] [INFO] debug-file - UP-TO-DATE :entry:default@DoNativeStrip...  
[2026-05-06T13:26:35.048] [DEBUG] debug-file - Executing task :entry:default@CompileArkTS
[2026-05-06T13:26:35.049] [DEBUG] debug-file - obfuscationOptions: undefined
[2026-05-06T13:26:35.050] [DEBUG] debug-file - Task 'entry:default@CompileArkTS' cost while wrapping incremental declarations: 1 ms 
[2026-05-06T13:26:35.058] [DEBUG] debug-file - entry:default@CompileArkTS is not up-to-date, since the input file 'E:\application\DevEcoStudioProjects\MyApplication\entry\build\default\intermediates\res\default\ResourceTable.txt' has been changed.
[2026-05-06T13:26:35.058] [DEBUG] debug-file - Incremental task entry:default@CompileArkTS pre-execution cost: 5 ms .
[2026-05-06T13:26:35.076] [DEBUG] debug-file - build config:
[2026-05-06T13:26:35.076] [DEBUG] debug-file - {
  moduleType: 'entry',
  perf: 0,
  targetName: '.default',
  packageManagerType: 'ohpm',
  localPropertiesPath: 'E:\\application\\DevEcoStudioProjects\\MyApplication\\local.properties',
  isPreview: false,
  isOhosTest: false,
  isLocalTest: false,
  buildMode: 'Debug',
  hotReloadBuild: undefined,
  watchMode: 'false',
  aceProfilePath: 'E:\\application\\DevEcoStudioProjects\\MyApplication\\entry\\build\\default\\intermediates\\res\\default\\resources\\base\\profile',
  etsLoaderPath: 'E:\\devecostudio-windows-6.1.0.830\\DevEco Studio\\sdk\\default\\openharmony\\ets\\build-tools\\ets-loader',
  modulePath: 'E:\\application\\DevEcoStudioProjects\\MyApplication\\entry',
  testFrameworkPar: {
    testMode: undefined,
    coveragePathFilter: undefined,
    coverageMode: undefined
  },
  needCoverageInsert: false,
  debugLine: false,
  projectTopDir: 'E:\\application\\DevEcoStudioProjects\\MyApplication',
  compileSdkVersion: 23,
  compatibleSdkVersion: 22,
  originCompatibleSdkVersion: '6.0.2(22)',
  compatibleSdkVersionStage: undefined,
  bundleName: 'c***n',
  etsLoaderVersion: '6.1.0.105',
  etsLoaderReleaseType: 'Release',
  aotCompileMode: 'type',
  apPath: 'E:\\application\\DevEcoStudioProjects\\MyApplication\\entry\\modules.ap',
  entryModuleName: 'entry',
  entryModuleVersion: '1.0.0',
  entryPackageName: 'entry',
  allModuleNameHash: 'be72bfb482d6518e517e7ec5417304132c4f2554630c9cf092ee785b5e3b783a',
  externalApiPaths: [
    'E:\\devecostudio-windows-6.1.0.830\\DevEco Studio\\sdk\\default\\hms\\ets'
  ],
  compilerTypes: [],
  isCrossplatform: false,
  hvigorPluginFile: undefined,
  compilePluginPath: undefined,
  buildGeneratedProfilePath: 'E:\\application\\DevEcoStudioProjects\\MyApplication\\entry\\build\\default\\generated\\profile\\default',
  bundleType: 'app',
  arkTSVersion: undefined,
  apiVersion: 23,
  needCompleteSourcesMap: false,
  isFaMode: false,
  buildDir: 'E:\\application\\DevEcoStudioProjects\\MyApplication\\entry\\build',
  deviceTypes: [ 'phone' ],
  pkgContextInfo: {
    '@ohos/hypium': {
      packageName: '@ohos/hypium',
      bundleName: '*****',
      moduleName: '',
      version: '1.0.25',
      entryPath: 'index.js',
      isSO: false,
      dependencyAlias: ''
    },
    '@ohos/hamock': {
      packageName: '@ohos/hamock',
      bundleName: '*****',
      moduleName: '',
      version: '1.0.0',
      entryPath: 'index.ets',
      isSO: false,
      dependencyAlias: ''
    },
    entry: {
      packageName: 'entry',
      bundleName: '*****',
      moduleName: '',
      version: '',
      entryPath: 'src/main/',
      isSO: false,
      dependencyAlias: ''
    }
  },
  ohPackagePathMap: {},
  dependencyAliasMap: {},
  permission: {
    requestPermissions: [ [Object], [Object] ],
    definePermissions: undefined
  },
  useGetCurrentBundleName: false,
  projectArkOption: undefined,
  sourceMapDir: undefined,
  branchElimination: false,
  transformLib: undefined,
  tsImportSendable: false,
  resolveConflictMode: true,
  depName2RootPath: {},
  depName2DepInfo: {},
  depName2OhExports: {},
  rootPathSet: [ 'E:\\application\\DevEcoStudioProjects\\MyApplication' ],
  useNativeResolver: true,
  shouldEmitJs: true,
  useTscResolve: false,
  singleFileEmit: false,
  userProjectConfig: {
    autoLazyImport: false,
    allowEmptyBundleName: false,
    reExportCheckMode: 'noCheck',
    executionMode: 'memory',
    usePathPlaceholder: false,
    writeRollupCache: true,
    isExpandImportEnabled: false,
    expandImportExclude: '',
    lazyImportExclude: '',
    lazyImportInclude: '',
    ignoreCrossplatformCheck: false,
    isHarDeduplicateEnabled: false,
    skipOhModulesLint: false,
    enableStrictCheckOHModule: false,
    disableSendableCheckRules: [],
    useDeclarationFileSignature: false,
    customizedOptions: undefined,
    integratedHsp: false,
    isPreloadSoEnabled: false
  },
  executionMode: 'memory',
  arkCompileCachePath: 'E:\\application\\DevEcoStudioProjects\\MyApplication\\entry\\build\\default\\cache\\default\\default@CompileArkTS\\esmodule',
  autoLazyFilter: undefined,
  isHarDeduplicateEnabled: false,
  intermediateHarDuplicateDirPath: 'E:\\application\\DevEcoStudioProjects\\MyApplication\\entry\\build\\default\\intermediates\\har_duplicate\\default',
  autoLazyImport: false,
  allowEmptyBundleName: false,
  reExportCheckMode: 'noCheck',
  usePathPlaceholder: false,
  writeRollupCache: true,
  isExpandImportEnabled: false,
  expandImportExclude: '',
  lazyImportExclude: '',
  lazyImportInclude: '',
  ignoreCrossplatformCheck: false,
  skipOhModulesLint: false,
  enableStrictCheckOHModule: false,
  disableSendableCheckRules: [],
  useDeclarationFileSignature: false,
  customizedOptions: undefined,
  integratedHsp: false,
  isPreloadSoEnabled: false,
  strictMode: {
    caseSensitiveCheck: true,
    useNormalizedOHMUrl: true,
    noExternalImportByPath: true
  },
  useNormalizedOHMUrl: true,
  caseSensitiveCheck: true,
  aceModuleJsonPath: 'E:\\application\\DevEcoStudioProjects\\MyApplication\\entry\\build\\default\\intermediates\\res\\default\\ark_module.json',
  appResource: 'E:\\application\\DevEcoStudioProjects\\MyApplication\\entry\\build\\default\\intermediates\\res\\default\\ResourceTable.txt',
  rawFileResource: 'E:\\application\\DevEcoStudioProjects\\MyApplication\\entry\\build\\default\\intermediates\\res\\default\\resources\\rawfile',
  resourceTableHash: '9af7190f6df5c7eb887f4c1c982595b887ab5bc71e7fbb5c467cca60ead73d7b',
  runtimeOS: 'HarmonyOS',
  sdkInfo: 'false:23:6.1.0.105:Release',
  aceModuleRoot: 'E:\\application\\DevEcoStudioProjects\\MyApplication\\entry\\src\\main\\ets',
  compileMode: 'esmodule',
  aceSuperVisualPath: 'E:\\application\\DevEcoStudioProjects\\MyApplication\\entry\\src\\main\\supervisual',
  aceBuildJson: 'E:\\application\\DevEcoStudioProjects\\MyApplication\\entry\\build\\default\\intermediates\\loader\\default\\loader.json',
  cachePath: 'E:\\application\\DevEcoStudioProjects\\MyApplication\\entry\\build\\default\\cache\\default\\default@CompileArkTS\\esmodule\\debug',
  aceModuleBuild: 'E:\\application\\DevEcoStudioProjects\\MyApplication\\entry\\build\\default\\intermediates\\loader_out\\default\\ets',
  supportChunks: true,
  declaredFilesPath: undefined,
  shouldCollectDirectImportees: false,
  isByteCodeHarOptimize: false,
  expandImportPath: undefined,
  resourceTableTs: 'E:\\application\\DevEcoStudioProjects\\MyApplication\\entry\\build\\default\\generated\\r\\default\\ResourceTable.ts',
  moduleMetaInfoFiles: [
    {
      filePath: 'E:\\application\\DevEcoStudioProjects\\MyApplication\\entry\\build\\default\\generated\\r\\default\\ResourceTable.ts',
      ohmurl: '&entry/build/generated/r/ResourceTable&'
    }
  ],
  pkgNameToPkgBriefInfo: {
    entry: {
      pkgRoot: 'E:\\application\\DevEcoStudioProjects\\MyApplication\\entry',
      originalSourceRoots: undefined,
      sourceRoots: [Array],
      pkgName: 'entry'
    }
  },
  projectModel: {
    'E:\\application\\DevEcoStudioProjects\\MyApplication\\entry\\src\\main': {
      moduleName: 'entry',
      modulePkgPath: 'E:\\application\\DevEcoStudioProjects\\MyApplication\\entry',
      belongProjectPath: 'E:\\application\\DevEcoStudioProjects\\MyApplication'
    },
    'E:\\application\\DevEcoStudioProjects\\MyApplication\\entry\\.test\\default\\intermediates\\src\\ohosTest\\ets': {
      moduleName: 'entry_test',
      modulePkgPath: 'E:\\application\\DevEcoStudioProjects\\MyApplication\\entry',
      belongProjectPath: 'E:\\application\\DevEcoStudioProjects\\MyApplication'
    },
    'E:\\application\\DevEcoStudioProjects\\MyApplication\\entry\\src\\ohosTest': {
      moduleName: 'entry_test',
      modulePkgPath: 'E:\\application\\DevEcoStudioProjects\\MyApplication\\entry',
      belongProjectPath: 'E:\\application\\DevEcoStudioProjects\\MyApplication'
    },
    'E:\\application\\DevEcoStudioProjects\\MyApplication\\entry': {
      moduleName: 'entry',
      modulePkgPath: 'E:\\application\\DevEcoStudioProjects\\MyApplication\\entry',
      belongProjectPath: 'E:\\application\\DevEcoStudioProjects\\MyApplication'
    },
    'E:\\application\\DevEcoStudioProjects\\MyApplication': {
      moduleName: 'MyApplication',
      modulePkgPath: 'E:\\application\\DevEcoStudioProjects\\MyApplication',
      belongProjectPath: 'E:\\application\\DevEcoStudioProjects\\MyApplication'
    }
  },
  pkgJsonFileHash: '51d64e81dfd2c2b1510402f176a80cb91064226cf8f0312ad329a01d10cc239d',
  allModulePaths: [ 'E:\\application\\DevEcoStudioProjects\\MyApplication\\entry' ],
  routerMap: {},
  obfuscationOptions: undefined,
  byteCodeHarToDependencyKeys: undefined,
  compileBlockPkg: [],
  mockParams: {
    decorator: '@MockSetup',
    packageName: '@ohos/hamock',
    etsSourceRootPath: 'src/main/ets',
    mockConfigPath: 'E:\\application\\DevEcoStudioProjects\\MyApplication\\entry\\src\\mock\\mock-config.json5',
    mockConfigKey2ModuleInfo: {},
    source2ModuleIdMap: {}
  },
  copyCodeResourceEnable: false,
  copyCodeResourceExcludes: [],
  copyCodeResourceIncludes: undefined,
  uiTransformOptimization: false,
  sdkPath: 'E:/devecostudio-windows-6.1.0.830/DevEco Studio/sdk',
  needPreloadSoFileSet: {},
  preloadSoFilePath: 'E:\\application\\DevEcoStudioProjects\\MyApplication\\entry\\build\\default\\intermediates\\preload\\default\\preload.json',
  useSourceHash: false,
  localModuleParamMap: {},
  otherPaths: {
    'entry/*': [
      '..\\*',
      '..\\..\\..\\build\\default\\generated\\profile\\default\\*'
    ]
  },
  collectImportersConfig: undefined
}
[2026-05-06T13:26:35.076] [DEBUG] debug-file - Compile arkts with external api path: E:\devecostudio-windows-6.1.0.830\DevEco Studio\sdk\default\hms\ets
[2026-05-06T13:26:35.078] [DEBUG] debug-file - default@CompileArkTS work[0] is submitted.
[2026-05-06T13:26:35.079] [DEBUG] debug-file - default@CompileArkTS work[0] is pushed to ready queue.
[2026-05-06T13:26:35.079] [DEBUG] debug-file - A work dispatched to worker[11] failed because unable to get work from ready queue.
[2026-05-06T13:26:35.079] [DEBUG] debug-file - A work dispatched to worker[10] failed because unable to get work from ready queue.
[2026-05-06T13:26:35.079] [DEBUG] debug-file - A work dispatched to worker[9] failed because unable to get work from ready queue.
[2026-05-06T13:26:35.079] [DEBUG] debug-file - A work dispatched to worker[8] failed because unable to get work from ready queue.
[2026-05-06T13:26:35.079] [DEBUG] debug-file - A work dispatched to worker[7] failed because unable to get work from ready queue.
[2026-05-06T13:26:35.079] [DEBUG] debug-file - A work dispatched to worker[6] failed because unable to get work from ready queue.
[2026-05-06T13:26:35.079] [DEBUG] debug-file - A work dispatched to worker[5] failed because unable to get work from ready queue.
[2026-05-06T13:26:35.079] [DEBUG] debug-file - Create  resident worker with id: 4.
[2026-05-06T13:26:35.081] [DEBUG] debug-file - default@CompileArkTS work[0] has been dispatched to worker[4].
[2026-05-06T13:26:35.081] [DEBUG] debug-file - default@CompileArkTS work[0] is dispatched.
[2026-05-06T13:26:35.082] [DEBUG] debug-file - entry : default@CompileArkTS cost memory 1.7266845703125
[2026-05-06T13:26:35.084] [DEBUG] debug-file - Executing task :entry:default@BuildJS
[2026-05-06T13:26:35.084] [DEBUG] debug-file - Task 'entry:default@BuildJS' cost while wrapping incremental declarations: 1 ms 
[2026-05-06T13:26:35.087] [DEBUG] debug-file - entry : default@BuildJS cost memory 0.2684326171875
[2026-05-06T13:26:35.087] [DEBUG] debug-file - runTaskFromQueue task cost before running: 1 s 934 ms 
[2026-05-06T13:26:35.088] [INFO] debug-file - Finished :entry:default@BuildJS... after 4 ms 
[2026-05-06T13:26:35.089] [DEBUG] debug-file - Executing task :entry:default@CacheNativeLibs
[2026-05-06T13:26:35.089] [DEBUG] debug-file - File: 'E:\application\DevEcoStudioProjects\MyApplication\entry\build\default\intermediates\binxo\default' from 'cacheBinxoNativeLibs' is not exists, just ignore.
[2026-05-06T13:26:35.089] [DEBUG] debug-file - Task 'entry:default@CacheNativeLibs' cost while wrapping incremental declarations: 1 ms 
[2026-05-06T13:26:35.091] [DEBUG] debug-file - Incremental task entry:default@CacheNativeLibs pre-execution cost: 2 ms .
[2026-05-06T13:26:35.091] [DEBUG] debug-file - entry : default@CacheNativeLibs cost memory 0.12598419189453125
[2026-05-06T13:26:35.091] [INFO] debug-file - UP-TO-DATE :entry:default@CacheNativeLibs...  
[2026-05-06T13:26:58.348] [WARN] debug-file - [33mWARN: [33m[33mArkTS:WARN File: E:/application/DevEcoStudioProjects/MyApplication/entry/src/main/ets/pages/ImportPage.ets:138:44
 'getContext' has been deprecated.
[39m[39m
[33mWARN: [33m[33mArkTS:WARN File: E:/application/DevEcoStudioProjects/MyApplication/entry/src/main/ets/pages/ImportPage.ets:720:20
 'showToast' has been deprecated.
[39m[39m
[33mWARN: [33m[33mArkTS:WARN File: E:/application/DevEcoStudioProjects/MyApplication/entry/src/main/ets/pages/PasswordGenerator.ets:37:44
 'getContext' has been deprecated.
[39m[39m
[33mWARN: [33m[33mArkTS:WARN File: E:/application/DevEcoStudioProjects/MyApplication/entry/src/main/ets/pages/PasswordGenerator.ets:40:25
 'getParams' has been deprecated.
[39m[39m
[33mWARN: [33m[33mArkTS:WARN File: E:/application/DevEcoStudioProjects/MyApplication/entry/src/main/ets/pages/PasswordGenerator.ets:102:56
 'createPlainTextData' has been deprecated.
[39m[39m
[33mWARN: [33m[33mArkTS:WARN File: E:/application/DevEcoStudioProjects/MyApplication/entry/src/main/ets/pages/PasswordGenerator.ets:187:20
 'showToast' has been deprecated.
[39m[39m
[33mWARN: [33m[33mArkTS:WARN File: E:/application/DevEcoStudioProjects/MyApplication/entry/src/main/ets/pages/PasswordGenerator.ets:197:5
 Function may throw exceptions. Special handling is required.
[39m[39m
[33mWARN: [33m[33mArkTS:WARN File: E:/application/DevEcoStudioProjects/MyApplication/entry/src/main/ets/pages/PasswordGenerator.ets:197:12
 'pushUrl' has been deprecated.
[39m[39m
[33mWARN: [33m[33mArkTS:WARN File: E:/application/DevEcoStudioProjects/MyApplication/entry/src/main/ets/pages/PasswordGenerator.ets:201:5
 Function may throw exceptions. Special handling is required.
[39m[39m
[33mWARN: [33m[33mArkTS:WARN File: E:/application/DevEcoStudioProjects/MyApplication/entry/src/main/ets/pages/PasswordGenerator.ets:201:12
 'pushUrl' has been deprecated.
[39m[39m
[33mWARN: [33m[33mArkTS:WARN File: E:/application/DevEcoStudioProjects/MyApplication/entry/src/main/ets/pages/PasswordListPage.ets:32:12
 'pushUrl' has been deprecated.
[39m[39m
[33mWARN: [33m[33mArkTS:WARN File: E:/application/DevEcoStudioProjects/MyApplication/entry/src/main/ets/pages/PasswordListPage.ets:42:44
 'getContext' has been deprecated.
[39m[39m
[33mWARN: [33m[33mArkTS:WARN File: E:/application/DevEcoStudioProjects/MyApplication/entry/src/main/ets/pages/PasswordListPage.ets:142:5
 Function may throw exceptions. Special handling is required.
[39m[39m
[33mWARN: [33m[33mArkTS:WARN File: E:/application/DevEcoStudioProjects/MyApplication/entry/src/main/ets/pages/PasswordListPage.ets:142:18
 'showDialog' has been deprecated.
[39m[39m
[33mWARN: [33m[33mArkTS:WARN File: E:/application/DevEcoStudioProjects/MyApplication/entry/src/main/ets/pages/PasswordListPage.ets:195:5
 Function may throw exceptions. Special handling is required.
[39m[39m
[33mWARN: [33m[33mArkTS:WARN File: E:/application/DevEcoStudioProjects/MyApplication/entry/src/main/ets/pages/PasswordListPage.ets:195:18
 'showDialog' has been deprecated.
[39m[39m
[33mWARN: [33m[33mArkTS:WARN File: E:/application/DevEcoStudioProjects/MyApplication/entry/src/main/ets/pages/PasswordListPage.ets:229:56
 'createPlainTextData' has been deprecated.
[39m[39m
[33mWARN: [33m[33mArkTS:WARN File: E:/application/DevEcoStudioProjects/MyApplication/entry/src/main/ets/pages/PasswordListPage.ets:267:5
 Function may throw exceptions. Special handling is required.
[39m[39m
[33mWARN: [33m[33mArkTS:WARN File: E:/application/DevEcoStudioProjects/MyApplication/entry/src/main/ets/pages/PasswordListPage.ets:267:18
 'showToast' has been deprecated.
[39m[39m

[2026-05-06T13:26:58.350] [DEBUG] debug-file - Ark compile task finished.finished time is 687587468396400
[2026-05-06T13:26:58.350] [DEBUG] debug-file - worker[4] has one work done.
[2026-05-06T13:26:58.352] [DEBUG] debug-file - default@CompileArkTS work[0] done.
[2026-05-06T13:26:58.353] [DEBUG] debug-file - A work dispatched to worker[4] failed because unable to get work from ready queue.
[2026-05-06T13:26:58.363] [INFO] debug-file - Finished :entry:default@CompileArkTS... after 20 s 764 ms 
[2026-05-06T13:26:58.364] [DEBUG] debug-file - Executing task :entry:default@GeneratePkgModuleJson
[2026-05-06T13:26:58.364] [DEBUG] debug-file - File: 'E:\application\DevEcoStudioProjects\MyApplication\entry\build\default\intermediates\preload\default\preload.json' from 'preloadSoJsonPath' is not exists, just ignore.
[2026-05-06T13:26:58.365] [DEBUG] debug-file - Error occurs while handling @Input 'shouldDeduplicateHar': The "data" argument must be of type string or an instance of Buffer, TypedArray, or DataView. Received undefined
[2026-05-06T13:26:58.365] [DEBUG] debug-file - Task 'entry:default@GeneratePkgModuleJson' cost while wrapping incremental declarations: 2 ms 
[2026-05-06T13:26:58.366] [DEBUG] debug-file - entry:default@GeneratePkgModuleJson is not up-to-date, since the input file 'E:\application\DevEcoStudioProjects\MyApplication\entry\build\default\intermediates\res\default\module.json' has been changed.
[2026-05-06T13:26:58.366] [DEBUG] debug-file - Incremental task entry:default@GeneratePkgModuleJson pre-execution cost: 1 ms .
[2026-05-06T13:26:58.368] [DEBUG] debug-file - entry : default@GeneratePkgModuleJson cost memory 0.2574615478515625
[2026-05-06T13:26:58.369] [DEBUG] debug-file - runTaskFromQueue task cost before running: 25 s 215 ms 
[2026-05-06T13:26:58.369] [INFO] debug-file - Finished :entry:default@GeneratePkgModuleJson... after 5 ms 
[2026-05-06T13:26:58.371] [DEBUG] debug-file - Executing task :entry:default@ProcessCompiledResources
[2026-05-06T13:26:58.372] [DEBUG] debug-file - File: 'E:\application\DevEcoStudioProjects\MyApplication\entry\build\default\intermediates\preload\default\preload.json' from 'preloadSoJsonPath' is not exists, just ignore.
[2026-05-06T13:26:58.372] [DEBUG] debug-file - Task 'entry:default@ProcessCompiledResources' cost while wrapping incremental declarations: 1 ms 
[2026-05-06T13:26:58.372] [DEBUG] debug-file - entry : default@ProcessCompiledResources cost memory 0.05960845947265625
[2026-05-06T13:26:58.373] [DEBUG] debug-file - runTaskFromQueue task cost before running: 25 s 219 ms 
[2026-05-06T13:26:58.373] [INFO] debug-file - Finished :entry:default@ProcessCompiledResources... after 2 ms 
[2026-05-06T13:26:58.376] [DEBUG] debug-file - Executing task :entry:default@PackageHap
[2026-05-06T13:26:58.380] [DEBUG] debug-file - entry:default@PackageHap is not up-to-date, since the input file 'E:\application\DevEcoStudioProjects\MyApplication\entry\build\default\intermediates\res\default\module.json' has been changed.
[2026-05-06T13:26:58.381] [DEBUG] debug-file - Incremental task entry:default@PackageHap pre-execution cost: 4 ms .
[2026-05-06T13:26:58.382] [DEBUG] debug-file - Use tool [E:\devecostudio-windows-6.1.0.830\DevEco Studio\sdk\default\openharmony\toolchains\lib\app_packing_tool.jar]
 [
  'java',
  '-Dfile.encoding=GBK',
  '-jar',
  'E:\\devecostudio-windows-6.1.0.830\\DevEco Studio\\sdk\\default\\openharmony\\toolchains\\lib\\app_packing_tool.jar',
  '--mode',
  'hap',
  '--force',
  'true',
  '--lib-path',
  'E:\\application\\DevEcoStudioProjects\\MyApplication\\entry\\build\\default\\intermediates\\stripped_native_libs\\default',
  '--json-path',
  'E:\\application\\DevEcoStudioProjects\\MyApplication\\entry\\build\\default\\intermediates\\package\\default\\module.json',
  '--resources-path',
  'E:\\application\\DevEcoStudioProjects\\MyApplication\\entry\\build\\default\\intermediates\\res\\default\\resources',
  '--index-path',
  'E:\\application\\DevEcoStudioProjects\\MyApplication\\entry\\build\\default\\intermediates\\res\\default\\resources.index',
  '--pack-info-path',
  'E:\\application\\DevEcoStudioProjects\\MyApplication\\entry\\build\\default\\outputs\\default\\pack.info',
  '--out-path',
  'E:\\application\\DevEcoStudioProjects\\MyApplication\\entry\\build\\default\\outputs\\default\\entry-default-unsigned.hap',
  '--ets-path',
  'E:\\application\\DevEcoStudioProjects\\MyApplication\\entry\\build\\default\\intermediates\\loader_out\\default\\ets',
  '--pkg-context-path',
  'E:\\application\\DevEcoStudioProjects\\MyApplication\\entry\\build\\default\\intermediates\\loader\\default\\pkgContextInfo.json'
]
[2026-05-06T13:26:58.383] [DEBUG] debug-file - default@PackageHap work[1] is submitted.
[2026-05-06T13:26:58.383] [DEBUG] debug-file - default@PackageHap work[1] is pushed to ready queue.
[2026-05-06T13:26:58.383] [DEBUG] debug-file - A work dispatched to worker[11] failed because unable to get work from ready queue.
[2026-05-06T13:26:58.383] [DEBUG] debug-file - Create  resident worker with id: 10.
[2026-05-06T13:26:58.384] [DEBUG] debug-file - default@PackageHap work[1] has been dispatched to worker[10].
[2026-05-06T13:26:58.384] [DEBUG] debug-file - default@PackageHap work[1] is dispatched.
[2026-05-06T13:26:58.387] [DEBUG] debug-file - entry : default@PackageHap cost memory 0.5495529174804688
[2026-05-06T13:26:59.542] [DEBUG] debug-file - current process  memoryUsage: {
  rss: 603254784,
  heapTotal: 81297408,
  heapUsed: 51980072,
  external: 2365469,
  arrayBuffers: 123792
} os memoryUsage :9.002910614013672
[2026-05-06T13:27:00.051] [DEBUG] debug-file - worker[10] has one work done.
[2026-05-06T13:27:00.051] [DEBUG] debug-file - default@PackageHap work[1] done.
[2026-05-06T13:27:00.051] [DEBUG] debug-file - A work dispatched to worker[10] failed because unable to get work from ready queue.
[2026-05-06T13:27:00.052] [INFO] debug-file - Finished :entry:default@PackageHap... after 523 ms 
[2026-05-06T13:27:00.054] [DEBUG] debug-file - Executing task :entry:default@PackingCheck
[2026-05-06T13:27:00.061] [DEBUG] debug-file - entry : default@PackingCheck cost memory 0.40680694580078125
[2026-05-06T13:27:00.061] [DEBUG] debug-file - runTaskFromQueue task cost before running: 26 s 907 ms 
[2026-05-06T13:27:00.061] [INFO] debug-file - Finished :entry:default@PackingCheck... after 7 ms 
[2026-05-06T13:27:00.063] [DEBUG] debug-file - Executing task :entry:default@SignHap
[2026-05-06T13:27:00.065] [DEBUG] debug-file - entry:default@SignHap is not up-to-date, since the input file 'E:/devecostudio-windows-6.1.0.830/SmartAlarm.cer' has been changed.
[2026-05-06T13:27:00.065] [DEBUG] debug-file - Incremental task entry:default@SignHap pre-execution cost: 2 ms .
[2026-05-06T13:27:00.874] [DEBUG] debug-file - java daemon socket received message:{"code":0,"message":"verify profile success"}
[2026-05-06T13:27:00.888] [DEBUG] debug-file - java daemon socket close code:1000 reason:close by user
[2026-05-06T13:27:01.045] [DEBUG] debug-file - javaProcess on stderr
[2026-05-06T13:27:01.059] [DEBUG] debug-file - java daemon socket received message:{"code":107,"message":"sign app failed"}
[2026-05-06T13:27:01.060] [DEBUG] debug-file - java daemon remote sign failed 107 fallback to local java -jar sign
[2026-05-06T13:27:01.075] [DEBUG] debug-file - current process  memoryUsage: {
  rss: 603774976,
  heapTotal: 152526848,
  heapUsed: 115051768,
  external: 3145942,
  arrayBuffers: 118372
} os memoryUsage :9.125885009765625
[2026-05-06T13:27:01.082] [DEBUG] debug-file - java daemon socket close code:1000 reason:close by user
[2026-05-06T13:27:01.640] [DEBUG] debug-file - 05-06 13:27:01.639  INFO - Start verify-profile

[2026-05-06T13:27:01.818] [DEBUG] debug-file - 05-06 13:27:01.818  INFO - verify-profile success

[2026-05-06T13:27:01.858] [DEBUG] debug-file - current process  memoryUsage: {
  rss: 603803648,
  heapTotal: 152788992,
  heapUsed: 115592344,
  external: 3146259,
  arrayBuffers: 117782
} os memoryUsage :9.095035552978516
[2026-05-06T13:27:02.392] [DEBUG] debug-file - 05-06 13:27:02.393  INFO - Start sign-app

[2026-05-06T13:27:02.584] [DEBUG] debug-file - 05-06 13:27:02.584  INFO - certificate in profile: unknown(1923393105990577025)\,Development

[2026-05-06T13:27:02.626] [DEBUG] debug-file - 05-06 13:27:02.626  INFO - Start to sign code.

[2026-05-06T13:27:02.630] [DEBUG] debug-file - 05-06 13:27:02.630  INFO - profile type is: debug

[2026-05-06T13:27:02.646] [DEBUG] debug-file - 05-06 13:27:02.646  INFO - E:/devecostudio-windows-6.1.0.830/smartalarm.p12 is exist. Try to load it with given passwd

[2026-05-06T13:27:02.690] [DEBUG] debug-file - 05-06 13:27:02.689  INFO - sign-app failed

[2026-05-06T13:27:02.739] [DEBUG] debug-file - ERROR: command = java -jar E:\devecostudio-windows-6.1.0.830\DevEco Studio\sdk\default\openharmony\toolchains\lib\hap-sign-tool.jar sign-app -mode localSign -keystoreFile E:/devecostudio-windows-6.1.0.830/smartalarm.p12 -keystorePwd *** -keyAlias debugKey -keyPwd *** -signAlg SHA256withECDSA -profileFile C:/Users/jeremy/.ohos/config/default_MyApplication_Thr90GYvKW5Kq6vrUTl5jOZ4hWpT6CDZekCtJa4CR7k=.p7b -appCertFile E:/devecostudio-windows-6.1.0.830/SmartAlarm.cer -inFile E:\application\DevEcoStudioProjects\MyApplication\entry\build\default\outputs\default\entry-default-unsigned.hap -outFile E:\application\DevEcoStudioProjects\MyApplication\entry\build\default\outputs\default\entry-default-signed.hap
[2026-05-06T13:27:02.740] [ERROR] debug-file - Failed :entry:default@SignHap... 
[2026-05-06T13:27:02.740] [DEBUG] debug-file - hvigor build process will be closed with an error.
[2026-05-06T13:27:02.846] [DEBUG] debug-file - ERROR: stacktrace = Error: Tools execution failed.
05-06 13:27:02.688  ERROR - 
ERROR: 11014003 Init keystore failed
Error Message: keystore password was incorrect

* Try the following: 
 > The key store file does not exist, please check the key store file path.
 > Incorrect keystore password, please input the correct plaintext password.
 > The keystore was created by a newer JDK version, please use the same JDK version
	 Detail: Please check the message from tools.
    at OhosLogger.errorMessageExit (E:\devecostudio-windows-6.1.0.830\DevEco Studio\tools\hvigor\hvigor\src\base\log\hvigor-log.js:1:3497)
    at OhosLogger._printErrorAndExit (E:\devecostudio-windows-6.1.0.830\DevEco Studio\tools\hvigor\hvigor-ohos-plugin\src\utils\log\ohos-logger.js:1:2024)
    at ProcessUtils.handleException (E:\devecostudio-windows-6.1.0.830\DevEco Studio\tools\hvigor\hvigor-ohos-plugin\src\utils\process-utils.js:1:5247)
    at ProcessUtils.execute (E:\devecostudio-windows-6.1.0.830\DevEco Studio\tools\hvigor\hvigor-ohos-plugin\src\utils\process-utils.js:1:3547)
    at process.processTicksAndRejections (node:internal/process/task_queues:95:5)
    at async SignUtil.executeSign (E:\devecostudio-windows-6.1.0.830\DevEco Studio\tools\hvigor\hvigor-ohos-plugin\src\tasks\sign\sign-util.js:1:4758)
    at async SignUtil.sign (E:\devecostudio-windows-6.1.0.830\DevEco Studio\tools\hvigor\hvigor-ohos-plugin\src\tasks\sign\sign-util.js:1:2275)
    at async SignHap.doTaskAction (E:\devecostudio-windows-6.1.0.830\DevEco Studio\tools\hvigor\hvigor-ohos-plugin\src\tasks\sign-hap.js:1:1743)
    at async SignHap.<anonymous> (E:\devecostudio-windows-6.1.0.830\DevEco Studio\tools\hvigor\hvigor-ohos-plugin\src\tasks\task\ohos-module-task.js:1:2126)
    at async SignHap.execute (E:\devecostudio-windows-6.1.0.830\DevEco Studio\tools\hvigor\hvigor\src\base\external\task\core-task-impl.js:1:2258)
[2026-05-06T13:27:02.846] [ERROR] debug-file - Error: Tools execution failed.
05-06 13:27:02.688  ERROR - 
ERROR: 11014003 Init keystore failed
Error Message: keystore password was incorrect

* Try the following: 
 > The key store file does not exist, please check the key store file path.
 > Incorrect keystore password, please input the correct plaintext password.
 > The keystore was created by a newer JDK version, please use the same JDK version
	 Detail: Please check the message from tools.
    at OhosLogger.errorMessageExit (E:\devecostudio-windows-6.1.0.830\DevEco Studio\tools\hvigor\hvigor\src\base\log\hvigor-log.js:1:3497)
    at OhosLogger._printErrorAndExit (E:\devecostudio-windows-6.1.0.830\DevEco Studio\tools\hvigor\hvigor-ohos-plugin\src\utils\log\ohos-logger.js:1:2024)
    at ProcessUtils.handleException (E:\devecostudio-windows-6.1.0.830\DevEco Studio\tools\hvigor\hvigor-ohos-plugin\src\utils\process-utils.js:1:5247)
    at ProcessUtils.execute (E:\devecostudio-windows-6.1.0.830\DevEco Studio\tools\hvigor\hvigor-ohos-plugin\src\utils\process-utils.js:1:3547)
    at process.processTicksAndRejections (node:internal/process/task_queues:95:5)
    at async SignUtil.executeSign (E:\devecostudio-windows-6.1.0.830\DevEco Studio\tools\hvigor\hvigor-ohos-plugin\src\tasks\sign\sign-util.js:1:4758)
    at async SignUtil.sign (E:\devecostudio-windows-6.1.0.830\DevEco Studio\tools\hvigor\hvigor-ohos-plugin\src\tasks\sign\sign-util.js:1:2275)
    at async SignHap.doTaskAction (E:\devecostudio-windows-6.1.0.830\DevEco Studio\tools\hvigor\hvigor-ohos-plugin\src\tasks\sign-hap.js:1:1743)
    at async SignHap.<anonymous> (E:\devecostudio-windows-6.1.0.830\DevEco Studio\tools\hvigor\hvigor-ohos-plugin\src\tasks\task\ohos-module-task.js:1:2126)
    at async SignHap.execute (E:\devecostudio-windows-6.1.0.830\DevEco Studio\tools\hvigor\hvigor\src\base\external\task\core-task-impl.js:1:2258)
[2026-05-06T13:27:02.854] [ERROR] debug-file - BUILD FAILED in 29 s 700 ms 
[2026-05-06T13:27:02.855] [DEBUG] debug-file - Update task entry:default@PreBuild input file:E:\application\DevEcoStudioProjects\MyApplication\AppScope\app.json5 cache by regenerate.
[2026-05-06T13:27:02.856] [DEBUG] debug-file - Update task entry:default@PreBuild input file:E:\application\DevEcoStudioProjects\MyApplication\entry\src\main\module.json5 cache by regenerate.
[2026-05-06T13:27:02.856] [DEBUG] debug-file - Update task entry:default@PreBuild input file:E:\application\DevEcoStudioProjects\MyApplication\build-profile.json5 cache from map.
[2026-05-06T13:27:02.856] [DEBUG] debug-file - Update task entry:default@PreBuild input file:E:\application\DevEcoStudioProjects\MyApplication\entry\build-profile.json5 cache by regenerate.
[2026-05-06T13:27:02.856] [DEBUG] debug-file - Update task entry:default@PreBuild input file:E:\application\DevEcoStudioProjects\MyApplication\entry\src\main\resources\base\profile\main_pages.json cache by regenerate.
[2026-05-06T13:27:02.857] [DEBUG] debug-file - Update task entry:default@PreBuild input file:E:\application\DevEcoStudioProjects\MyApplication\hvigor\hvigor-config.json5 cache by regenerate.
[2026-05-06T13:27:02.857] [DEBUG] debug-file - Update task entry:default@PreBuild input file:E:\application\DevEcoStudioProjects\MyApplication\entry\src\mock\mock-config.json5 cache by regenerate.
[2026-05-06T13:27:02.857] [DEBUG] debug-file - Update task entry:default@PreBuild input file:E:\application\DevEcoStudioProjects\MyApplication\entry\oh-package.json5 cache by regenerate.
[2026-05-06T13:27:02.857] [DEBUG] debug-file - Update task entry:default@PreBuild input file:E:\application\DevEcoStudioProjects\MyApplication\oh-package.json5 cache by regenerate.
[2026-05-06T13:27:02.858] [DEBUG] debug-file - Incremental task entry:default@PreBuild post-execution cost:4 ms .
[2026-05-06T13:27:02.858] [DEBUG] debug-file - Update task entry:default@CreateModuleInfo output file:E:\application\DevEcoStudioProjects\MyApplication\entry\build\default\generated\profile\default\ModuleInfo.ts cache.
[2026-05-06T13:27:02.858] [DEBUG] debug-file - Incremental task entry:default@CreateModuleInfo post-execution cost:1 ms .
[2026-05-06T13:27:02.858] [DEBUG] debug-file - There is no need to refresh cache, since the incremental task entry:default@GenerateMetadata is up-to-date.
[2026-05-06T13:27:02.858] [DEBUG] debug-file - Update task entry:default@MergeProfile input file:E:\application\DevEcoStudioProjects\MyApplication\AppScope\app.json5 cache by regenerate.
[2026-05-06T13:27:02.859] [DEBUG] debug-file - Update task entry:default@MergeProfile input file:E:\application\DevEcoStudioProjects\MyApplication\build-profile.json5 cache from map.
[2026-05-06T13:27:02.859] [DEBUG] debug-file - Update task entry:default@MergeProfile input file:E:\application\DevEcoStudioProjects\MyApplication\entry\src\main\module.json5 cache by regenerate.
[2026-05-06T13:27:02.859] [DEBUG] debug-file - Update task entry:default@MergeProfile output file:E:\application\DevEcoStudioProjects\MyApplication\entry\build\default\intermediates\merge_profile\default\module.json cache.
[2026-05-06T13:27:02.859] [DEBUG] debug-file - Incremental task entry:default@MergeProfile post-execution cost:1 ms .
[2026-05-06T13:27:02.859] [DEBUG] debug-file - Update task entry:default@CreateBuildProfile input file:E:\application\DevEcoStudioProjects\MyApplication\AppScope\app.json5 cache by regenerate.
[2026-05-06T13:27:02.859] [DEBUG] debug-file - Update task entry:default@CreateBuildProfile input file:E:\application\DevEcoStudioProjects\MyApplication\build-profile.json5 cache from map.
[2026-05-06T13:27:02.860] [DEBUG] debug-file - Update task entry:default@CreateBuildProfile output file:E:\application\DevEcoStudioProjects\MyApplication\entry\build\default\generated\profile\default\BuildProfile.ets cache.
[2026-05-06T13:27:02.860] [DEBUG] debug-file - Incremental task entry:default@CreateBuildProfile post-execution cost:1 ms .
[2026-05-06T13:27:02.860] [DEBUG] debug-file - There is no need to refresh cache, since the incremental task entry:default@GeneratePkgContextInfo is up-to-date.
[2026-05-06T13:27:02.860] [DEBUG] debug-file - Update task entry:default@GeneratePkgSdkInfo output file:E:\application\DevEcoStudioProjects\MyApplication\entry\build\default\intermediates\loader\default\pkgSdkInfo.json cache.
[2026-05-06T13:27:02.860] [DEBUG] debug-file - Incremental task entry:default@GeneratePkgSdkInfo post-execution cost:1 ms .
[2026-05-06T13:27:02.860] [DEBUG] debug-file - Update task entry:default@ProcessIntegratedHsp output file:E:\application\DevEcoStudioProjects\MyApplication\build\cache\default\integrated_hsp\integratedHspCache.json cache.
[2026-05-06T13:27:02.860] [DEBUG] debug-file - Incremental task entry:default@ProcessIntegratedHsp post-execution cost:1 ms .
[2026-05-06T13:27:02.861] [DEBUG] debug-file - Update task entry:default@MakePackInfo input file:E:\application\DevEcoStudioProjects\MyApplication\AppScope\app.json5 cache by regenerate.
[2026-05-06T13:27:02.861] [DEBUG] debug-file - Update task entry:default@MakePackInfo input file:E:\application\DevEcoStudioProjects\MyApplication\entry\src\main\module.json5 cache by regenerate.
[2026-05-06T13:27:02.861] [DEBUG] debug-file - Update task entry:default@MakePackInfo input file:E:\application\DevEcoStudioProjects\MyApplication\build-profile.json5 cache from map.
[2026-05-06T13:27:02.861] [DEBUG] debug-file - Update task entry:default@MakePackInfo input file:E:\application\DevEcoStudioProjects\MyApplication\entry\src\main\resources\base\profile\backup_config.json cache by regenerate.
[2026-05-06T13:27:02.862] [DEBUG] debug-file - Update task entry:default@MakePackInfo output file:E:\application\DevEcoStudioProjects\MyApplication\entry\build\default\outputs\default\pack.info cache.
[2026-05-06T13:27:02.862] [DEBUG] debug-file - Incremental task entry:default@MakePackInfo post-execution cost:2 ms .
[2026-05-06T13:27:02.862] [DEBUG] debug-file - Update task entry:default@SyscapTransform input file:E:\devecostudio-windows-6.1.0.830\DevEco Studio\sdk\default\openharmony\toolchains\syscap_tool.exe cache by regenerate.
[2026-05-06T13:27:02.862] [DEBUG] debug-file - Update task entry:default@SyscapTransform input file:E:\devecostudio-windows-6.1.0.830\DevEco Studio\sdk\default\openharmony\ets\api\device-define cache by regenerate.
[2026-05-06T13:27:02.864] [DEBUG] debug-file - Update task entry:default@SyscapTransform output file:E:\application\DevEcoStudioProjects\MyApplication\entry\build\default\intermediates\syscap\default\rpcid.sc cache.
[2026-05-06T13:27:02.864] [DEBUG] debug-file - Incremental task entry:default@SyscapTransform post-execution cost:2 ms .
[2026-05-06T13:27:02.864] [DEBUG] debug-file - Update task entry:default@ProcessProfile input file:E:\application\DevEcoStudioProjects\MyApplication\entry\build\default\intermediates\merge_profile\default\module.json cache from map.
[2026-05-06T13:27:02.864] [DEBUG] debug-file - Update task entry:default@ProcessProfile output file:E:\application\DevEcoStudioProjects\MyApplication\entry\build\default\intermediates\process_profile\default\module.json cache.
[2026-05-06T13:27:02.864] [DEBUG] debug-file - Incremental task entry:default@ProcessProfile post-execution cost:1 ms .
[2026-05-06T13:27:02.865] [DEBUG] debug-file - There is no need to refresh cache, since the incremental task entry:default@ProcessRouterMap is up-to-date.
[2026-05-06T13:27:02.865] [DEBUG] debug-file - There is no need to refresh cache, since the incremental task entry:default@ProcessShareConfig is up-to-date.
[2026-05-06T13:27:02.865] [DEBUG] debug-file - Update task entry:default@ProcessStartupConfig input file:E:\application\DevEcoStudioProjects\MyApplication\entry\build\default\intermediates\loader\default\pkgContextInfo.json cache by regenerate.
[2026-05-06T13:27:02.865] [DEBUG] debug-file - Update task entry:default@ProcessStartupConfig output file:E:\application\DevEcoStudioProjects\MyApplication\entry\build\default\intermediates\startup\default\startup_config.json cache.
[2026-05-06T13:27:02.865] [DEBUG] debug-file - Incremental task entry:default@ProcessStartupConfig post-execution cost:1 ms .
[2026-05-06T13:27:02.865] [DEBUG] debug-file - There is no need to refresh cache, since the incremental task entry:default@ProcessResource is up-to-date.
[2026-05-06T13:27:02.865] [DEBUG] debug-file - There is no need to refresh cache, since the incremental task entry:default@GenerateLoaderJson is up-to-date.
[2026-05-06T13:27:02.866] [DEBUG] debug-file - Update task entry:default@ProcessLibs input file:E:\application\DevEcoStudioProjects\MyApplication\build-profile.json5 cache from map.
[2026-05-06T13:27:02.866] [DEBUG] debug-file - Update task entry:default@ProcessLibs input file:E:\application\DevEcoStudioProjects\MyApplication\entry\build-profile.json5 cache by regenerate.
[2026-05-06T13:27:02.866] [DEBUG] debug-file - Update task entry:default@ProcessLibs output file:E:\application\DevEcoStudioProjects\MyApplication\entry\build\default\intermediates\libs\default cache.
[2026-05-06T13:27:02.866] [DEBUG] debug-file - Incremental task entry:default@ProcessLibs post-execution cost:1 ms .
[2026-05-06T13:27:02.867] [DEBUG] debug-file - Update task entry:default@CompileResource input file:E:\application\DevEcoStudioProjects\MyApplication\entry\src\main\resources cache by regenerate.
[2026-05-06T13:27:02.872] [DEBUG] debug-file - Update task entry:default@CompileResource input file:E:\application\DevEcoStudioProjects\MyApplication\AppScope\resources cache by regenerate.
[2026-05-06T13:27:02.873] [DEBUG] debug-file - Update task entry:default@CompileResource input file:E:\application\DevEcoStudioProjects\MyApplication\entry\build\default\intermediates\process_profile\default\module.json cache from map.
[2026-05-06T13:27:02.873] [DEBUG] debug-file - Update task entry:default@CompileResource input file:E:\application\DevEcoStudioProjects\MyApplication\entry\build\default\intermediates\res\default\resConfig.json cache by regenerate.
[2026-05-06T13:27:02.874] [DEBUG] debug-file - Update task entry:default@CompileResource output file:E:\application\DevEcoStudioProjects\MyApplication\entry\build\default\intermediates\res\default cache.
[2026-05-06T13:27:02.879] [DEBUG] debug-file - Update task entry:default@CompileResource output file:E:\application\DevEcoStudioProjects\MyApplication\entry\build\default\generated\r\default\ResourceTable.h cache.
[2026-05-06T13:27:02.879] [DEBUG] debug-file - Update task entry:default@CompileResource output file:E:\application\DevEcoStudioProjects\MyApplication\entry\build\default\generated\r\default\ResourceTable.ts cache.
[2026-05-06T13:27:02.880] [DEBUG] debug-file - Update task entry:default@CompileResource output file:E:\application\DevEcoStudioProjects\MyApplication\entry\build\default\generated\r\default cache.
[2026-05-06T13:27:02.880] [DEBUG] debug-file - Incremental task entry:default@CompileResource post-execution cost:14 ms .
[2026-05-06T13:27:02.880] [DEBUG] debug-file - There is no need to refresh cache, since the incremental task entry:default@DoNativeStrip is up-to-date.
[2026-05-06T13:27:02.882] [DEBUG] debug-file - Update task entry:default@CompileArkTS input file:E:\application\DevEcoStudioProjects\MyApplication\entry\build\default\intermediates\loader\default cache by regenerate.
[2026-05-06T13:27:02.883] [DEBUG] debug-file - Update task entry:default@CompileArkTS input file:E:\application\DevEcoStudioProjects\MyApplication\entry\build\default\intermediates\res\default\resources\rawfile cache by regenerate.
[2026-05-06T13:27:02.883] [DEBUG] debug-file - Update task entry:default@CompileArkTS input file:E:\application\DevEcoStudioProjects\MyApplication\entry\build\default\intermediates\res\default\ResourceTable.txt cache from map.
[2026-05-06T13:27:02.883] [DEBUG] debug-file - Update task entry:default@CompileArkTS input file:E:\application\DevEcoStudioProjects\MyApplication\entry\build\default\intermediates\res\default\ark_module.json cache by regenerate.
[2026-05-06T13:27:02.883] [DEBUG] debug-file - Update task entry:default@CompileArkTS input file:E:\application\DevEcoStudioProjects\MyApplication\entry\build\default\intermediates\res\default\resources\base\profile cache by regenerate.
[2026-05-06T13:27:02.884] [DEBUG] debug-file - Update task entry:default@CompileArkTS input file:E:\application\DevEcoStudioProjects\MyApplication\entry\src\main\ets cache by regenerate.
[2026-05-06T13:27:02.887] [DEBUG] debug-file - Update task entry:default@CompileArkTS input file:E:\application\DevEcoStudioProjects\MyApplication\entry\build\default\intermediates\loader\default\pkgContextInfo.json cache by regenerate.
[2026-05-06T13:27:02.888] [DEBUG] debug-file - Update task entry:default@CompileArkTS input file:E:\application\DevEcoStudioProjects\MyApplication\entry\build\default\generated\profile\default\BuildProfile.ets cache by regenerate.
[2026-05-06T13:27:02.888] [DEBUG] debug-file - Update task entry:default@CompileArkTS input file:E:\application\DevEcoStudioProjects\MyApplication\entry\src\mock\mock-config.json5 cache by regenerate.
[2026-05-06T13:27:02.889] [DEBUG] debug-file - Update task entry:default@CompileArkTS output file:E:\application\DevEcoStudioProjects\MyApplication\entry\build\default\intermediates\loader_out\default\ets cache.
[2026-05-06T13:27:02.889] [DEBUG] debug-file - Incremental task entry:default@CompileArkTS post-execution cost:9 ms .
[2026-05-06T13:27:02.890] [DEBUG] debug-file - Update task entry:default@BuildJS input file:E:\application\DevEcoStudioProjects\MyApplication\entry\build\default\intermediates\loader\default cache by regenerate.
[2026-05-06T13:27:02.891] [DEBUG] debug-file - Update task entry:default@BuildJS input file:E:\application\DevEcoStudioProjects\MyApplication\entry\build\default\intermediates\res\default\resources\rawfile cache by regenerate.
[2026-05-06T13:27:02.891] [DEBUG] debug-file - Update task entry:default@BuildJS input file:E:\application\DevEcoStudioProjects\MyApplication\entry\build\default\intermediates\res\default\ResourceTable.txt cache by regenerate.
[2026-05-06T13:27:02.892] [DEBUG] debug-file - Update task entry:default@BuildJS input file:E:\application\DevEcoStudioProjects\MyApplication\entry\build\default\intermediates\res\default\ark_module.json cache by regenerate.
[2026-05-06T13:27:02.892] [DEBUG] debug-file - Update task entry:default@BuildJS input file:E:\application\DevEcoStudioProjects\MyApplication\entry\build\default\intermediates\res\default\resources\base\profile cache by regenerate.
[2026-05-06T13:27:02.893] [DEBUG] debug-file - Update task entry:default@BuildJS input file:E:\application\DevEcoStudioProjects\MyApplication\entry\build\default\intermediates\loader\default\pkgContextInfo.json cache by regenerate.
[2026-05-06T13:27:02.893] [DEBUG] debug-file - Update task entry:default@BuildJS output file:E:\application\DevEcoStudioProjects\MyApplication\entry\build\default\intermediates\loader_out\default\js cache.
[2026-05-06T13:27:02.893] [DEBUG] debug-file - Incremental task entry:default@BuildJS post-execution cost:4 ms .
[2026-05-06T13:27:02.893] [DEBUG] debug-file - There is no need to refresh cache, since the incremental task entry:default@CacheNativeLibs is up-to-date.
[2026-05-06T13:27:02.893] [DEBUG] debug-file - Update task entry:default@GeneratePkgModuleJson input file:E:\application\DevEcoStudioProjects\MyApplication\entry\build\default\intermediates\res\default\module.json cache from map.
[2026-05-06T13:27:02.893] [DEBUG] debug-file - Update task entry:default@GeneratePkgModuleJson output file:E:\application\DevEcoStudioProjects\MyApplication\entry\build\default\intermediates\package\default\module.json cache.
[2026-05-06T13:27:02.894] [DEBUG] debug-file - Incremental task entry:default@GeneratePkgModuleJson post-execution cost:1 ms .
[2026-05-06T13:27:02.894] [DEBUG] debug-file - Incremental task entry:default@ProcessCompiledResources post-execution cost:1 ms .
[2026-05-06T13:27:02.894] [DEBUG] debug-file - Update task entry:default@PackageHap input file:E:\application\DevEcoStudioProjects\MyApplication\entry\build\default\intermediates\stripped_native_libs\default cache by regenerate.
[2026-05-06T13:27:02.895] [DEBUG] debug-file - Update task entry:default@PackageHap input file:E:\application\DevEcoStudioProjects\MyApplication\entry\build\default\intermediates\res\default\module.json cache from map.
[2026-05-06T13:27:02.895] [DEBUG] debug-file - Update task entry:default@PackageHap input file:E:\application\DevEcoStudioProjects\MyApplication\entry\build\default\intermediates\res\default\resources cache by regenerate.
[2026-05-06T13:27:02.897] [DEBUG] debug-file - Update task entry:default@PackageHap input file:E:\application\DevEcoStudioProjects\MyApplication\entry\build\default\intermediates\res\default\resources.index cache by regenerate.
[2026-05-06T13:27:02.897] [DEBUG] debug-file - Update task entry:default@PackageHap input file:E:\application\DevEcoStudioProjects\MyApplication\entry\build\default\outputs\default\pack.info cache by regenerate.
[2026-05-06T13:27:02.898] [DEBUG] debug-file - Update task entry:default@PackageHap input file:E:\application\DevEcoStudioProjects\MyApplication\entry\build\default\intermediates\loader_out\default\ets cache by regenerate.
[2026-05-06T13:27:02.898] [DEBUG] debug-file - Update task entry:default@PackageHap input file:E:\application\DevEcoStudioProjects\MyApplication\entry\build\default\intermediates\loader\default\pkgContextInfo.json cache by regenerate.
[2026-05-06T13:27:02.899] [DEBUG] debug-file - Update task entry:default@PackageHap input file:E:\application\DevEcoStudioProjects\MyApplication\entry\build\default\intermediates\loader_out\default\ets\sourceMaps.map cache by regenerate.
[2026-05-06T13:27:02.899] [DEBUG] debug-file - Update task entry:default@PackageHap input file:E:\application\DevEcoStudioProjects\MyApplication\entry\build\default\generated\profile\default\BuildProfile.ets cache by regenerate.
[2026-05-06T13:27:02.899] [DEBUG] debug-file - Update task entry:default@PackageHap output file:E:\application\DevEcoStudioProjects\MyApplication\entry\build\default\outputs\default\entry-default-unsigned.hap cache.
[2026-05-06T13:27:02.899] [DEBUG] debug-file - Update task entry:default@PackageHap output file:E:\application\DevEcoStudioProjects\MyApplication\entry\build\default\intermediates\source_map\default\sourceMaps.map cache.
[2026-05-06T13:27:02.900] [DEBUG] debug-file - Update task entry:default@PackageHap output file:E:\application\DevEcoStudioProjects\MyApplication\entry\build\default\outputs\default\mapping\sourceMaps.map cache.
[2026-05-06T13:27:02.900] [DEBUG] debug-file - Incremental task entry:default@PackageHap post-execution cost:7 ms .
[2026-05-06T13:27:02.900] [DEBUG] debug-file - Update task entry:default@SignHap input file:E:/devecostudio-windows-6.1.0.830/SmartAlarm.cer cache from map.
[2026-05-06T13:27:02.901] [DEBUG] debug-file - Update task entry:default@SignHap input file:C:/Users/jeremy/.ohos/config/default_MyApplication_Thr90GYvKW5Kq6vrUTl5jOZ4hWpT6CDZekCtJa4CR7k=.p7b cache by regenerate.
[2026-05-06T13:27:02.901] [DEBUG] debug-file - Update task entry:default@SignHap input file:E:/devecostudio-windows-6.1.0.830/smartalarm.p12 cache by regenerate.
[2026-05-06T13:27:02.901] [DEBUG] debug-file - Update task entry:default@SignHap input file:E:\application\DevEcoStudioProjects\MyApplication\entry\build\default\outputs\default\entry-default-unsigned.hap cache by regenerate.
[2026-05-06T13:27:02.901] [DEBUG] debug-file - Update task entry:default@SignHap output file:E:\application\DevEcoStudioProjects\MyApplication\entry\build\default\outputs\default\entry-default-signed.hap cache.
[2026-05-06T13:27:02.902] [DEBUG] debug-file - Incremental task entry:default@SignHap post-execution cost:2 ms .
[2026-05-06T13:27:02.927] [DEBUG] debug-file - Cleanup worker 10.
[2026-05-06T13:27:02.927] [DEBUG] debug-file - Worker 10 has been cleaned up.
[2026-05-06T13:27:02.928] [DEBUG] debug-file - Current idle worker size: 1.
[2026-05-06T13:27:02.928] [DEBUG] debug-file - Current resident worker size: 2.
[2026-05-06T13:27:02.929] [DEBUG] debug-file - hvigor build process will be closed.
[2026-05-06T13:27:02.938] [DEBUG] debug-file - session manager: send message to worker process.
[2026-05-06T13:27:02.939] [DEBUG] debug-file - session manager: send message to worker process.
[2026-05-06T13:27:02.936] [DEBUG] debug-file - worker[10] exits with exit code 1.
[2026-05-06T13:27:02.939] [DEBUG] debug-file - watch worker: worker id should be larger than 0. Nothing will be sent to any worker thread.
[2026-05-06T13:27:02.940] [DEBUG] debug-file - watch worker: worker id should be larger than 0. Nothing will be sent to any worker thread.
[2026-05-06T13:28:06.373] [DEBUG] debug-file - session manager: set active socket. socketId=sMsgIhBi--NsX-FsAAAF
[2026-05-06T13:28:06.393] [DEBUG] debug-file - watch worker: worker id should be larger than 0. Nothing will be sent to any worker thread.
[2026-05-06T13:28:06.398] [DEBUG] debug-file - Workers' log level updated to INFO
[2026-05-06T13:28:06.402] [DEBUG] debug-file - Hvigor init with startParameters:{
  hvigorfileTypeCheck: false,
  parallelExecution: true,
  incrementalExecution: true,
  printStackTrace: false,
  daemon: true,
  analyze: 0,
  logLevel: Level { level: 20000, levelStr: 'INFO', colour: 'green' },
  optimizationStrategy: 'memory',
  hotCompile: undefined,
  hotReloadBuild: undefined,
  customizedParam: undefined
}
[2026-05-06T13:28:06.408] [DEBUG] debug-file - Cache service initialization finished in 6 ms 
[2026-05-06T13:28:06.410] [DEBUG] debug-file - hvigorfile, resolving E:\application\DevEcoStudioProjects\MyApplication\hvigorfile.ts
[2026-05-06T13:28:06.421] [DEBUG] debug-file - hvigorfile, require result:  { default: { plugins: [] } }
[2026-05-06T13:28:06.421] [DEBUG] debug-file - hvigorfile, binding system plugins null
[2026-05-06T13:28:06.422] [DEBUG] debug-file - Starting plugin build process
[2026-05-06T13:28:06.422] [DEBUG] debug-file - App plugin prepare start...
[2026-05-06T13:28:06.422] [DEBUG] debug-file - App plugin prepare end...
[2026-05-06T13:28:06.422] [DEBUG] debug-file - App plugin creating...
[2026-05-06T13:28:06.430] [DEBUG] debug-file - App plugin register hook start...
[2026-05-06T13:28:06.431] [DEBUG] debug-file - App plugin register hook end...
[2026-05-06T13:28:06.431] [DEBUG] debug-file - Plugin build process completed
[2026-05-06T13:28:06.431] [DEBUG] debug-file - Start initialize project's product build option map with build mode debug.
[2026-05-06T13:28:06.431] [DEBUG] debug-file - Picking option from product 'default' with build mode 'debug'.
[2026-05-06T13:28:06.431] [DEBUG] debug-file - Product 'default' build option initialized
[2026-05-06T13:28:06.431] [DEBUG] debug-file - End initialize project's product build option map with build mode 'debug'.
[2026-05-06T13:28:06.432] [DEBUG] debug-file - Obtain build option for product 'default'in this build.
[2026-05-06T13:28:06.436] [DEBUG] debug-file - E:\application\DevEcoStudioProjects\MyApplication\build\cache\default\remote_hsp\remoteHspCache.json not exists.
[2026-05-06T13:28:06.441] [DEBUG] debug-file - Start recording SDK configuration permission data.
[2026-05-06T13:28:06.476] [DEBUG] debug-file - Sdk init in 40 ms 
[2026-05-06T13:28:06.480] [DEBUG] debug-file - Project task initialization takes 3 ms 
[2026-05-06T13:28:06.480] [DEBUG] debug-file - hvigorfile, begin to bind custom plugins...
[2026-05-06T13:28:06.480] [DEBUG] debug-file - hvigorfile, no custom plugins were found in E:\application\DevEcoStudioProjects\MyApplication\hvigorfile.ts
[2026-05-06T13:28:06.480] [DEBUG] debug-file - hvigorfile, resolve finished E:\application\DevEcoStudioProjects\MyApplication\hvigorfile.ts
[2026-05-06T13:28:06.480] [DEBUG] debug-file - hvigorfile, resolving E:\application\DevEcoStudioProjects\MyApplication\entry\hvigorfile.ts
[2026-05-06T13:28:06.486] [DEBUG] debug-file - hvigorfile, require result:  { default: { plugins: [] } }
[2026-05-06T13:28:06.487] [DEBUG] debug-file - hvigorfile, binding system plugins null
[2026-05-06T13:28:06.487] [DEBUG] debug-file - Starting plugin build process
[2026-05-06T13:28:06.487] [DEBUG] debug-file - Hap plugin creating...
[2026-05-06T13:28:06.489] [DEBUG] debug-file - failed to load cangjie to dynamically generate schemas: Error: Cannot find module '@ohos/cangjie-build-support/index'
Require stack:
- E:\devecostudio-windows-6.1.0.830\DevEco Studio\tools\hvigor\hvigor-ohos-plugin\src\plugin\hooks\cangjie-register.js
- E:\devecostudio-windows-6.1.0.830\DevEco Studio\tools\hvigor\hvigor-ohos-plugin\src\plugin\strategy\stage-init-strategy.js
- E:\devecostudio-windows-6.1.0.830\DevEco Studio\tools\hvigor\hvigor-ohos-plugin\src\plugin\builder\abstract-plugin-builder.js
- E:\devecostudio-windows-6.1.0.830\DevEco Studio\tools\hvigor\hvigor-ohos-plugin\src\plugin\builder\app-plugin-builder.js
- E:\devecostudio-windows-6.1.0.830\DevEco Studio\tools\hvigor\hvigor-ohos-plugin\src\plugin\factory\plugin-factory.js
- E:\devecostudio-windows-6.1.0.830\DevEco Studio\tools\hvigor\hvigor-ohos-plugin\index.js
- E:\application\DevEcoStudioProjects\MyApplication\hvigorfile.ts
- E:\devecostudio-windows-6.1.0.830\DevEco Studio\tools\hvigor\hvigor\src\base\internal\lifecycle\configuration.js
- E:\devecostudio-windows-6.1.0.830\DevEco Studio\tools\hvigor\hvigor\src\base\boot\index.js
- E:\devecostudio-windows-6.1.0.830\DevEco Studio\tools\hvigor\hvigor\src\base\daemon\cluster\worker-process-lifecycle.js
- E:\devecostudio-windows-6.1.0.830\DevEco Studio\tools\hvigor\hvigor\src\base\daemon\process\daemon-process-boot-script.js
[2026-05-06T13:28:06.494] [DEBUG] debug-file - Start initialize module-target build option map, moduleName=entry, buildMode=debug
[2026-05-06T13:28:06.494] [DEBUG] debug-file - Target 'default' config initialized
[2026-05-06T13:28:06.495] [DEBUG] debug-file - Target 'ohosTest' config initialized
[2026-05-06T13:28:06.497] [DEBUG] debug-file - Module 'entry' target 'default' build option initialized
[2026-05-06T13:28:06.497] [DEBUG] debug-file - Module 'entry' target 'ohosTest' build option initialized
[2026-05-06T13:28:06.497] [DEBUG] debug-file - End initialize module-target build option map, moduleName=entry
[2026-05-06T13:28:06.497] [DEBUG] debug-file - Start initialize module-target build option map, moduleName=entry, buildMode=release
[2026-05-06T13:28:06.497] [DEBUG] debug-file - Target 'default' config initialized
[2026-05-06T13:28:06.498] [DEBUG] debug-file - Target 'ohosTest' config initialized
[2026-05-06T13:28:06.498] [DEBUG] debug-file - Module 'entry' target 'default' build option initialized
[2026-05-06T13:28:06.498] [DEBUG] debug-file - Module 'entry' target 'ohosTest' build option initialized
[2026-05-06T13:28:06.498] [DEBUG] debug-file - End initialize module-target build option map, moduleName=entry
[2026-05-06T13:28:06.499] [DEBUG] debug-file - Start initialize module-target build option map, moduleName=entry, buildMode=debug
[2026-05-06T13:28:06.499] [DEBUG] debug-file - Target 'default' config initialized
[2026-05-06T13:28:06.499] [DEBUG] debug-file - Target 'ohosTest' config initialized
[2026-05-06T13:28:06.499] [DEBUG] debug-file - Module 'entry' target 'default' build option initialized
[2026-05-06T13:28:06.499] [DEBUG] debug-file - Module 'entry' target 'ohosTest' build option initialized
[2026-05-06T13:28:06.499] [DEBUG] debug-file - End initialize module-target build option map, moduleName=entry
[2026-05-06T13:28:06.499] [DEBUG] debug-file - Obtain build option for module 'entry' target 'default'in this build.
[2026-05-06T13:28:06.501] [DEBUG] debug-file - Module entry task initialization takes 1 ms 
[2026-05-06T13:28:06.501] [DEBUG] debug-file - Hap plugin register hook start...
[2026-05-06T13:28:06.501] [DEBUG] debug-file - Hap plugin register hook end...
[2026-05-06T13:28:06.501] [DEBUG] debug-file - Plugin build process completed
[2026-05-06T13:28:06.501] [DEBUG] debug-file - hvigorfile, begin to bind custom plugins...
[2026-05-06T13:28:06.501] [DEBUG] debug-file - hvigorfile, no custom plugins were found in E:\application\DevEcoStudioProjects\MyApplication\entry\hvigorfile.ts
[2026-05-06T13:28:06.501] [DEBUG] debug-file - hvigorfile, resolve finished E:\application\DevEcoStudioProjects\MyApplication\entry\hvigorfile.ts
[2026-05-06T13:28:06.525] [DEBUG] debug-file - hvigorfile, resolve hvigorfile dependencies in 24 ms 
[2026-05-06T13:28:06.525] [DEBUG] debug-file - project has submodules:entry
[2026-05-06T13:28:06.527] [DEBUG] debug-file - start to load updatedOhPackageInfo to the disk
[2026-05-06T13:28:06.529] [DEBUG] debug-file - load to the disk finished
[2026-05-06T13:28:06.530] [DEBUG] debug-file - Start to initialize dependency information.
[2026-05-06T13:28:06.535] [DEBUG] debug-file - Module MyApplication Collected Dependency: 
[2026-05-06T13:28:06.535] [DEBUG] debug-file - Module MyApplication's total dependency: 0
[2026-05-06T13:28:06.536] [DEBUG] debug-file - Start to initialize dependency information.
[2026-05-06T13:28:06.539] [DEBUG] debug-file - Module entry Collected Dependency: 
[2026-05-06T13:28:06.539] [DEBUG] debug-file - Module entry's total dependency: 0
[2026-05-06T13:28:06.541] [DEBUG] debug-file - Configuration phase cost:133 ms 
[2026-05-06T13:28:06.542] [DEBUG] debug-file - Configuration task cost before running: 144 ms 
[2026-05-06T13:28:06.546] [DEBUG] debug-file - Executing task :entry:default@PreBuild
[2026-05-06T13:28:06.547] [DEBUG] debug-file - Task 'entry:default@PreBuild' cost while wrapping incremental declarations: 1 ms 
[2026-05-06T13:28:06.555] [DEBUG] debug-file - Incremental task entry:default@PreBuild pre-execution cost: 6 ms .
[2026-05-06T13:28:06.555] [DEBUG] debug-file - entry : default@PreBuild cost memory -0.45074462890625
[2026-05-06T13:28:06.557] [INFO] debug-file - UP-TO-DATE :entry:default@PreBuild...  
[2026-05-06T13:28:06.558] [DEBUG] debug-file - Executing task :entry:default@CreateModuleInfo
[2026-05-06T13:28:06.558] [DEBUG] debug-file - Task 'entry:default@CreateModuleInfo' cost while wrapping incremental declarations: 1 ms 
[2026-05-06T13:28:06.558] [DEBUG] debug-file - entry : default@CreateModuleInfo cost memory 0.0420989990234375
[2026-05-06T13:28:06.558] [DEBUG] debug-file - runTaskFromQueue task cost before running: 160 ms 
[2026-05-06T13:28:06.559] [INFO] debug-file - Finished :entry:default@CreateModuleInfo... after 1 ms 
[2026-05-06T13:28:06.562] [DEBUG] debug-file - Executing task :entry:default@GenerateMetadata
[2026-05-06T13:28:06.562] [DEBUG] debug-file - Task 'entry:default@GenerateMetadata' cost while wrapping incremental declarations: 1 ms 
[2026-05-06T13:28:06.563] [DEBUG] debug-file - Incremental task entry:default@GenerateMetadata pre-execution cost: 1 ms .
[2026-05-06T13:28:06.563] [DEBUG] debug-file - entry : default@GenerateMetadata cost memory 0.0875244140625
[2026-05-06T13:28:06.563] [INFO] debug-file - UP-TO-DATE :entry:default@GenerateMetadata...  
[2026-05-06T13:28:06.564] [DEBUG] debug-file - Executing task :entry:default@ConfigureCmake
[2026-05-06T13:28:06.564] [DEBUG] debug-file - entry : default@ConfigureCmake cost memory 0.0146026611328125
[2026-05-06T13:28:06.564] [DEBUG] debug-file - runTaskFromQueue task cost before running: 166 ms 
[2026-05-06T13:28:06.564] [INFO] debug-file - Finished :entry:default@ConfigureCmake... after 1 ms 
[2026-05-06T13:28:06.565] [DEBUG] debug-file - Executing task :entry:default@MergeProfile
[2026-05-06T13:28:06.565] [DEBUG] debug-file - Task 'entry:default@MergeProfile' cost while wrapping incremental declarations: 1 ms 
[2026-05-06T13:28:06.567] [DEBUG] debug-file - Incremental task entry:default@MergeProfile pre-execution cost: 2 ms .
[2026-05-06T13:28:06.567] [DEBUG] debug-file - entry : default@MergeProfile cost memory -0.6168746948242188
[2026-05-06T13:28:06.568] [INFO] debug-file - UP-TO-DATE :entry:default@MergeProfile...  
[2026-05-06T13:28:06.569] [DEBUG] debug-file - Executing task :entry:default@CreateBuildProfile
[2026-05-06T13:28:06.569] [DEBUG] debug-file - Task 'entry:default@CreateBuildProfile' cost while wrapping incremental declarations: 1 ms 
[2026-05-06T13:28:06.571] [DEBUG] debug-file - Incremental task entry:default@CreateBuildProfile pre-execution cost: 2 ms .
[2026-05-06T13:28:06.571] [DEBUG] debug-file - entry : default@CreateBuildProfile cost memory 0.1087646484375
[2026-05-06T13:28:06.571] [INFO] debug-file - UP-TO-DATE :entry:default@CreateBuildProfile...  
[2026-05-06T13:28:06.572] [DEBUG] debug-file - Executing task :entry:default@PreCheckSyscap
[2026-05-06T13:28:06.573] [DEBUG] debug-file - entry : default@PreCheckSyscap cost memory 0.01476287841796875
[2026-05-06T13:28:06.573] [DEBUG] debug-file - runTaskFromQueue task cost before running: 174 ms 
[2026-05-06T13:28:06.573] [INFO] debug-file - Finished :entry:default@PreCheckSyscap... after 1 ms 
[2026-05-06T13:28:06.574] [DEBUG] debug-file - Executing task :entry:default@GeneratePkgContextInfo
[2026-05-06T13:28:06.577] [DEBUG] debug-file - Task 'entry:default@GeneratePkgContextInfo' cost while wrapping incremental declarations: 1 ms 
[2026-05-06T13:28:06.578] [DEBUG] debug-file - Incremental task entry:default@GeneratePkgContextInfo pre-execution cost: 1 ms .
[2026-05-06T13:28:06.578] [DEBUG] debug-file - entry : default@GeneratePkgContextInfo cost memory 0.21459197998046875
[2026-05-06T13:28:06.578] [INFO] debug-file - UP-TO-DATE :entry:default@GeneratePkgContextInfo...  
[2026-05-06T13:28:06.579] [DEBUG] debug-file - Executing task :entry:default@GeneratePkgSdkInfo
[2026-05-06T13:28:06.582] [DEBUG] debug-file - Task 'entry:default@GeneratePkgSdkInfo' cost while wrapping incremental declarations: 1 ms 
[2026-05-06T13:28:06.582] [DEBUG] debug-file - entry : default@GeneratePkgSdkInfo cost memory -0.6626434326171875
[2026-05-06T13:28:06.582] [DEBUG] debug-file - runTaskFromQueue task cost before running: 184 ms 
[2026-05-06T13:28:06.582] [INFO] debug-file - Finished :entry:default@GeneratePkgSdkInfo... after 4 ms 
[2026-05-06T13:28:06.585] [DEBUG] debug-file - Executing task :entry:default@ProcessIntegratedHsp
[2026-05-06T13:28:06.586] [DEBUG] debug-file - entry:default@ProcessIntegratedHsp is not up-to-date, since the output file 'E:\application\DevEcoStudioProjects\MyApplication\build\cache\default\integrated_hsp\integratedHspCache.json' does not exist.
[2026-05-06T13:28:06.586] [DEBUG] debug-file - Incremental task entry:default@ProcessIntegratedHsp pre-execution cost: 1 ms .
[2026-05-06T13:28:06.586] [DEBUG] debug-file - entry : default@ProcessIntegratedHsp cost memory 0.05745697021484375
[2026-05-06T13:28:06.586] [DEBUG] debug-file - runTaskFromQueue task cost before running: 188 ms 
[2026-05-06T13:28:06.586] [INFO] debug-file - Finished :entry:default@ProcessIntegratedHsp... after 1 ms 
[2026-05-06T13:28:06.587] [DEBUG] debug-file - Executing task :entry:default@BuildNativeWithCmake
[2026-05-06T13:28:06.587] [DEBUG] debug-file - entry : default@BuildNativeWithCmake cost memory 0.0144805908203125
[2026-05-06T13:28:06.587] [DEBUG] debug-file - runTaskFromQueue task cost before running: 189 ms 
[2026-05-06T13:28:06.588] [INFO] debug-file - Finished :entry:default@BuildNativeWithCmake... after 1 ms 
[2026-05-06T13:28:06.589] [DEBUG] debug-file - Executing task :entry:default@MakePackInfo
[2026-05-06T13:28:06.591] [DEBUG] debug-file - Incremental task entry:default@MakePackInfo pre-execution cost: 3 ms .
[2026-05-06T13:28:06.592] [DEBUG] debug-file - entry : default@MakePackInfo cost memory 0.14025115966796875
[2026-05-06T13:28:06.592] [INFO] debug-file - UP-TO-DATE :entry:default@MakePackInfo...  
[2026-05-06T13:28:06.593] [DEBUG] debug-file - Executing task :entry:default@SyscapTransform
[2026-05-06T13:28:06.594] [DEBUG] debug-file - File: 'E:\application\DevEcoStudioProjects\MyApplication\entry\src\main\syscap.json' from 'sysCapJsonPath' is not exists, just ignore.
[2026-05-06T13:28:06.594] [DEBUG] debug-file - Task 'entry:default@SyscapTransform' cost while wrapping incremental declarations: 1 ms 
[2026-05-06T13:28:06.596] [DEBUG] debug-file - entry:default@SyscapTransform is not up-to-date, since the output file 'E:\application\DevEcoStudioProjects\MyApplication\entry\build\default\intermediates\syscap\default\rpcid.sc' does not exist.
[2026-05-06T13:28:06.596] [DEBUG] debug-file - Incremental task entry:default@SyscapTransform pre-execution cost: 2 ms .
[2026-05-06T13:28:06.596] [DEBUG] debug-file - entry : default@SyscapTransform cost memory -0.6348495483398438
[2026-05-06T13:28:06.596] [DEBUG] debug-file - runTaskFromQueue task cost before running: 198 ms 
[2026-05-06T13:28:06.596] [INFO] debug-file - Finished :entry:default@SyscapTransform... after 4 ms 
[2026-05-06T13:28:06.597] [DEBUG] debug-file - Executing task :entry:default@ProcessProfile
[2026-05-06T13:28:06.598] [DEBUG] debug-file - Task 'entry:default@ProcessProfile' cost while wrapping incremental declarations: 1 ms 
[2026-05-06T13:28:06.599] [DEBUG] debug-file - Incremental task entry:default@ProcessProfile pre-execution cost: 1 ms .
[2026-05-06T13:28:06.599] [DEBUG] debug-file - entry : default@ProcessProfile cost memory 0.13738250732421875
[2026-05-06T13:28:06.599] [INFO] debug-file - UP-TO-DATE :entry:default@ProcessProfile...  
[2026-05-06T13:28:06.601] [DEBUG] debug-file - Executing task :entry:default@ProcessRouterMap
[2026-05-06T13:28:06.604] [DEBUG] debug-file - Incremental task entry:default@ProcessRouterMap pre-execution cost: 3 ms .
[2026-05-06T13:28:06.605] [DEBUG] debug-file - entry : default@ProcessRouterMap cost memory 0.1666107177734375
[2026-05-06T13:28:06.605] [INFO] debug-file - UP-TO-DATE :entry:default@ProcessRouterMap...  
[2026-05-06T13:28:06.606] [DEBUG] debug-file - Executing task :entry:default@ProcessShareConfig
[2026-05-06T13:28:06.610] [DEBUG] debug-file - Incremental task entry:default@ProcessShareConfig pre-execution cost: 3 ms .
[2026-05-06T13:28:06.610] [DEBUG] debug-file - entry : default@ProcessShareConfig cost memory -0.6326751708984375
[2026-05-06T13:28:06.610] [INFO] debug-file - UP-TO-DATE :entry:default@ProcessShareConfig...  
[2026-05-06T13:28:06.611] [DEBUG] debug-file - Executing task :entry:default@ProcessStartupConfig
[2026-05-06T13:28:06.611] [DEBUG] debug-file - Task 'entry:default@ProcessStartupConfig' cost while wrapping incremental declarations: 1 ms 
[2026-05-06T13:28:06.612] [DEBUG] debug-file - entry:default@ProcessStartupConfig is not up-to-date, since the output file 'E:\application\DevEcoStudioProjects\MyApplication\entry\build\default\intermediates\startup\default\startup_config.json' does not exist.
[2026-05-06T13:28:06.612] [DEBUG] debug-file - Incremental task entry:default@ProcessStartupConfig pre-execution cost: 1 ms .
[2026-05-06T13:28:06.613] [DEBUG] debug-file - entry : default@ProcessStartupConfig cost memory 0.1395263671875
[2026-05-06T13:28:06.613] [DEBUG] debug-file - runTaskFromQueue task cost before running: 214 ms 
[2026-05-06T13:28:06.613] [INFO] debug-file - Finished :entry:default@ProcessStartupConfig... after 2 ms 
[2026-05-06T13:28:06.614] [DEBUG] debug-file - Executing task :entry:default@BuildNativeWithNinja
[2026-05-06T13:28:06.614] [DEBUG] debug-file - entry : default@BuildNativeWithNinja cost memory 0.02114105224609375
[2026-05-06T13:28:06.614] [DEBUG] debug-file - runTaskFromQueue task cost before running: 216 ms 
[2026-05-06T13:28:06.614] [INFO] debug-file - Finished :entry:default@BuildNativeWithNinja... after 1 ms 
[2026-05-06T13:28:06.615] [DEBUG] debug-file - restool module names: entry; moduleName=entry, taskName=default@ProcessResource
[2026-05-06T13:28:06.617] [DEBUG] debug-file - Executing task :entry:default@ProcessResource
[2026-05-06T13:28:06.617] [DEBUG] debug-file - Task 'entry:default@ProcessResource' cost while wrapping incremental declarations: 1 ms 
[2026-05-06T13:28:06.618] [DEBUG] debug-file - Incremental task entry:default@ProcessResource pre-execution cost: 1 ms .
[2026-05-06T13:28:06.618] [DEBUG] debug-file - entry : default@ProcessResource cost memory 0.1431427001953125
[2026-05-06T13:28:06.620] [INFO] debug-file - UP-TO-DATE :entry:default@ProcessResource...  
[2026-05-06T13:28:06.621] [DEBUG] debug-file - Executing task :entry:default@GenerateLoaderJson
[2026-05-06T13:28:06.622] [DEBUG] debug-file - Task 'entry:default@GenerateLoaderJson' cost while wrapping incremental declarations: 1 ms 
[2026-05-06T13:28:06.630] [DEBUG] debug-file - Incremental task entry:default@GenerateLoaderJson pre-execution cost: 5 ms .
[2026-05-06T13:28:06.630] [DEBUG] debug-file - entry : default@GenerateLoaderJson cost memory 0.5342559814453125
[2026-05-06T13:28:06.633] [INFO] debug-file - UP-TO-DATE :entry:default@GenerateLoaderJson...  
[2026-05-06T13:28:06.634] [DEBUG] debug-file - Executing task :entry:default@ProcessLibs
[2026-05-06T13:28:06.636] [DEBUG] debug-file - Incremental task entry:default@ProcessLibs pre-execution cost: 2 ms .
[2026-05-06T13:28:06.636] [DEBUG] debug-file - entry : default@ProcessLibs cost memory -1.6453323364257812
[2026-05-06T13:28:06.637] [INFO] debug-file - UP-TO-DATE :entry:default@ProcessLibs...  
[2026-05-06T13:28:06.638] [DEBUG] debug-file - restool module names: entry; moduleName=entry, taskName=default@CompileResource
[2026-05-06T13:28:06.638] [DEBUG] debug-file - Executing task :entry:default@CompileResource
[2026-05-06T13:28:06.655] [DEBUG] debug-file - Incremental task entry:default@CompileResource pre-execution cost: 15 ms .
[2026-05-06T13:28:06.655] [DEBUG] debug-file - entry : default@CompileResource cost memory 0.7415847778320312
[2026-05-06T13:28:06.656] [INFO] debug-file - UP-TO-DATE :entry:default@CompileResource...  
[2026-05-06T13:28:06.657] [DEBUG] debug-file - Executing task :entry:default@DoNativeStrip
[2026-05-06T13:28:06.657] [DEBUG] debug-file - File: 'E:\application\DevEcoStudioProjects\MyApplication\entry\build\default\intermediates\binxo\default' from 'doBinxoNativeLibs' is not exists, just ignore.
[2026-05-06T13:28:06.657] [DEBUG] debug-file - Task 'entry:default@DoNativeStrip' cost while wrapping incremental declarations: 1 ms 
[2026-05-06T13:28:06.658] [DEBUG] debug-file - Incremental task entry:default@DoNativeStrip pre-execution cost: 1 ms .
[2026-05-06T13:28:06.658] [DEBUG] debug-file - entry : default@DoNativeStrip cost memory 0.09506988525390625
[2026-05-06T13:28:06.659] [INFO] debug-file - UP-TO-DATE :entry:default@DoNativeStrip...  
[2026-05-06T13:28:06.660] [DEBUG] debug-file - Executing task :entry:default@CompileArkTS
[2026-05-06T13:28:06.660] [DEBUG] debug-file - obfuscationOptions: undefined
[2026-05-06T13:28:06.661] [DEBUG] debug-file - Task 'entry:default@CompileArkTS' cost while wrapping incremental declarations: 1 ms 
[2026-05-06T13:28:06.673] [DEBUG] debug-file - Incremental task entry:default@CompileArkTS pre-execution cost: 11 ms .
[2026-05-06T13:28:06.673] [DEBUG] debug-file - entry : default@CompileArkTS cost memory -1.0643692016601562
[2026-05-06T13:28:06.675] [INFO] debug-file - UP-TO-DATE :entry:default@CompileArkTS...  
[2026-05-06T13:28:06.676] [DEBUG] debug-file - Executing task :entry:default@BuildJS
[2026-05-06T13:28:06.676] [DEBUG] debug-file - Task 'entry:default@BuildJS' cost while wrapping incremental declarations: 1 ms 
[2026-05-06T13:28:06.679] [DEBUG] debug-file - entry : default@BuildJS cost memory 0.1636199951171875
[2026-05-06T13:28:06.679] [DEBUG] debug-file - runTaskFromQueue task cost before running: 281 ms 
[2026-05-06T13:28:06.679] [INFO] debug-file - Finished :entry:default@BuildJS... after 3 ms 
[2026-05-06T13:28:06.680] [DEBUG] debug-file - Executing task :entry:default@CacheNativeLibs
[2026-05-06T13:28:06.680] [DEBUG] debug-file - File: 'E:\application\DevEcoStudioProjects\MyApplication\entry\build\default\intermediates\binxo\default' from 'cacheBinxoNativeLibs' is not exists, just ignore.
[2026-05-06T13:28:06.681] [DEBUG] debug-file - Task 'entry:default@CacheNativeLibs' cost while wrapping incremental declarations: 1 ms 
[2026-05-06T13:28:06.682] [DEBUG] debug-file - Incremental task entry:default@CacheNativeLibs pre-execution cost: 2 ms .
[2026-05-06T13:28:06.682] [DEBUG] debug-file - entry : default@CacheNativeLibs cost memory 0.12540435791015625
[2026-05-06T13:28:06.682] [INFO] debug-file - UP-TO-DATE :entry:default@CacheNativeLibs...  
[2026-05-06T13:28:06.683] [DEBUG] debug-file - Executing task :entry:default@GeneratePkgModuleJson
[2026-05-06T13:28:06.683] [DEBUG] debug-file - File: 'E:\application\DevEcoStudioProjects\MyApplication\entry\build\default\intermediates\preload\default\preload.json' from 'preloadSoJsonPath' is not exists, just ignore.
[2026-05-06T13:28:06.683] [DEBUG] debug-file - Error occurs while handling @Input 'shouldDeduplicateHar': The "data" argument must be of type string or an instance of Buffer, TypedArray, or DataView. Received undefined
[2026-05-06T13:28:06.683] [DEBUG] debug-file - Task 'entry:default@GeneratePkgModuleJson' cost while wrapping incremental declarations: 1 ms 
[2026-05-06T13:28:06.684] [DEBUG] debug-file - Incremental task entry:default@GeneratePkgModuleJson pre-execution cost: 1 ms .
[2026-05-06T13:28:06.684] [DEBUG] debug-file - entry : default@GeneratePkgModuleJson cost memory 0.10443115234375
[2026-05-06T13:28:06.684] [INFO] debug-file - UP-TO-DATE :entry:default@GeneratePkgModuleJson...  
[2026-05-06T13:28:06.685] [DEBUG] debug-file - Executing task :entry:default@ProcessCompiledResources
[2026-05-06T13:28:06.685] [DEBUG] debug-file - File: 'E:\application\DevEcoStudioProjects\MyApplication\entry\build\default\intermediates\preload\default\preload.json' from 'preloadSoJsonPath' is not exists, just ignore.
[2026-05-06T13:28:06.685] [DEBUG] debug-file - Task 'entry:default@ProcessCompiledResources' cost while wrapping incremental declarations: 1 ms 
[2026-05-06T13:28:06.685] [DEBUG] debug-file - entry : default@ProcessCompiledResources cost memory 0.05919647216796875
[2026-05-06T13:28:06.686] [DEBUG] debug-file - runTaskFromQueue task cost before running: 287 ms 
[2026-05-06T13:28:06.686] [INFO] debug-file - Finished :entry:default@ProcessCompiledResources... after 1 ms 
[2026-05-06T13:28:06.687] [DEBUG] debug-file - Executing task :entry:default@PackageHap
[2026-05-06T13:28:06.696] [DEBUG] debug-file - Incremental task entry:default@PackageHap pre-execution cost: 8 ms .
[2026-05-06T13:28:06.696] [DEBUG] debug-file - entry : default@PackageHap cost memory -1.2643966674804688
[2026-05-06T13:28:06.696] [INFO] debug-file - UP-TO-DATE :entry:default@PackageHap...  
[2026-05-06T13:28:06.697] [DEBUG] debug-file - Executing task :entry:default@PackingCheck
[2026-05-06T13:28:06.701] [DEBUG] debug-file - entry : default@PackingCheck cost memory 0.3173980712890625
[2026-05-06T13:28:06.701] [DEBUG] debug-file - runTaskFromQueue task cost before running: 303 ms 
[2026-05-06T13:28:06.702] [INFO] debug-file - Finished :entry:default@PackingCheck... after 5 ms 
[2026-05-06T13:28:06.703] [DEBUG] debug-file - Executing task :entry:default@SignHap
[2026-05-06T13:28:06.739] [DEBUG] debug-file - java daemon socket received message:{"code":0,"message":"verify profile success"}
[2026-05-06T13:28:06.743] [DEBUG] debug-file - java daemon socket close code:1000 reason:close by user
[2026-05-06T13:28:06.820] [DEBUG] debug-file - javaProcess on stderr
[2026-05-06T13:28:06.834] [DEBUG] debug-file - java daemon socket received message:{"code":107,"message":"sign app failed"}
[2026-05-06T13:28:06.835] [DEBUG] debug-file - java daemon remote sign failed 107 fallback to local java -jar sign
[2026-05-06T13:28:06.853] [DEBUG] debug-file - current process  memoryUsage: {
  rss: 476241920,
  heapTotal: 126201856,
  heapUsed: 118419496,
  external: 3163188,
  arrayBuffers: 135618
} os memoryUsage :9.154960632324219
[2026-05-06T13:28:06.861] [DEBUG] debug-file - java daemon socket close code:1000 reason:close by user
[2026-05-06T13:28:07.435] [DEBUG] debug-file - 05-06 13:28:07.432  INFO - Start verify-profile

[2026-05-06T13:28:07.646] [DEBUG] debug-file - 05-06 13:28:07.645  INFO - verify-profile success

[2026-05-06T13:28:07.702] [DEBUG] debug-file - current process  memoryUsage: {
  rss: 476282880,
  heapTotal: 126201856,
  heapUsed: 118677928,
  external: 3163505,
  arrayBuffers: 135028
} os memoryUsage :9.170734405517578
[2026-05-06T13:28:08.234] [DEBUG] debug-file - 05-06 13:28:08.234  INFO - Start sign-app

[2026-05-06T13:28:08.427] [DEBUG] debug-file - 05-06 13:28:08.426  INFO - certificate in profile: unknown(1923393105990577025)\,Development

[2026-05-06T13:28:08.464] [DEBUG] debug-file - 05-06 13:28:08.463  INFO - Start to sign code.

[2026-05-06T13:28:08.468] [DEBUG] debug-file - 05-06 13:28:08.467  INFO - profile type is: debug

[2026-05-06T13:28:08.483] [DEBUG] debug-file - 05-06 13:28:08.482  INFO - E:/devecostudio-windows-6.1.0.830/smartalarm.p12 is exist. Try to load it with given passwd

[2026-05-06T13:28:08.528] [DEBUG] debug-file - 05-06 13:28:08.527  INFO - sign-app failed

[2026-05-06T13:28:08.584] [DEBUG] debug-file - ERROR: command = java -jar E:\devecostudio-windows-6.1.0.830\DevEco Studio\sdk\default\openharmony\toolchains\lib\hap-sign-tool.jar sign-app -mode localSign -keystoreFile E:/devecostudio-windows-6.1.0.830/smartalarm.p12 -keystorePwd *** -keyAlias debugKey -keyPwd *** -signAlg SHA256withECDSA -profileFile C:/Users/jeremy/.ohos/config/default_MyApplication_Thr90GYvKW5Kq6vrUTl5jOZ4hWpT6CDZekCtJa4CR7k=.p7b -appCertFile E:/devecostudio-windows-6.1.0.830/SmartAlarm.cer -inFile E:\application\DevEcoStudioProjects\MyApplication\entry\build\default\outputs\default\entry-default-unsigned.hap -outFile E:\application\DevEcoStudioProjects\MyApplication\entry\build\default\outputs\default\entry-default-signed.hap
[2026-05-06T13:28:08.584] [ERROR] debug-file - Failed :entry:default@SignHap... 
[2026-05-06T13:28:08.584] [DEBUG] debug-file - hvigor build process will be closed with an error.
[2026-05-06T13:28:08.588] [DEBUG] debug-file - ERROR: stacktrace = Error: Tools execution failed.
05-06 13:28:08.526  ERROR - 
ERROR: 11014003 Init keystore failed
Error Message: keystore password was incorrect

* Try the following: 
 > The key store file does not exist, please check the key store file path.
 > Incorrect keystore password, please input the correct plaintext password.
 > The keystore was created by a newer JDK version, please use the same JDK version
	 Detail: Please check the message from tools.
    at OhosLogger.errorMessageExit (E:\devecostudio-windows-6.1.0.830\DevEco Studio\tools\hvigor\hvigor\src\base\log\hvigor-log.js:1:3497)
    at OhosLogger._printErrorAndExit (E:\devecostudio-windows-6.1.0.830\DevEco Studio\tools\hvigor\hvigor-ohos-plugin\src\utils\log\ohos-logger.js:1:2024)
    at ProcessUtils.handleException (E:\devecostudio-windows-6.1.0.830\DevEco Studio\tools\hvigor\hvigor-ohos-plugin\src\utils\process-utils.js:1:5247)
    at ProcessUtils.execute (E:\devecostudio-windows-6.1.0.830\DevEco Studio\tools\hvigor\hvigor-ohos-plugin\src\utils\process-utils.js:1:3547)
    at process.processTicksAndRejections (node:internal/process/task_queues:95:5)
    at async SignUtil.executeSign (E:\devecostudio-windows-6.1.0.830\DevEco Studio\tools\hvigor\hvigor-ohos-plugin\src\tasks\sign\sign-util.js:1:4758)
    at async SignUtil.sign (E:\devecostudio-windows-6.1.0.830\DevEco Studio\tools\hvigor\hvigor-ohos-plugin\src\tasks\sign\sign-util.js:1:2275)
    at async SignHap.doTaskAction (E:\devecostudio-windows-6.1.0.830\DevEco Studio\tools\hvigor\hvigor-ohos-plugin\src\tasks\sign-hap.js:1:1743)
    at async SignHap.<anonymous> (E:\devecostudio-windows-6.1.0.830\DevEco Studio\tools\hvigor\hvigor-ohos-plugin\src\tasks\task\ohos-module-task.js:1:2126)
    at async SignHap.execute (E:\devecostudio-windows-6.1.0.830\DevEco Studio\tools\hvigor\hvigor\src\base\external\task\core-task-impl.js:1:2258)
[2026-05-06T13:28:08.589] [ERROR] debug-file - Error: Tools execution failed.
05-06 13:28:08.526  ERROR - 
ERROR: 11014003 Init keystore failed
Error Message: keystore password was incorrect

* Try the following: 
 > The key store file does not exist, please check the key store file path.
 > Incorrect keystore password, please input the correct plaintext password.
 > The keystore was created by a newer JDK version, please use the same JDK version
	 Detail: Please check the message from tools.
    at OhosLogger.errorMessageExit (E:\devecostudio-windows-6.1.0.830\DevEco Studio\tools\hvigor\hvigor\src\base\log\hvigor-log.js:1:3497)
    at OhosLogger._printErrorAndExit (E:\devecostudio-windows-6.1.0.830\DevEco Studio\tools\hvigor\hvigor-ohos-plugin\src\utils\log\ohos-logger.js:1:2024)
    at ProcessUtils.handleException (E:\devecostudio-windows-6.1.0.830\DevEco Studio\tools\hvigor\hvigor-ohos-plugin\src\utils\process-utils.js:1:5247)
    at ProcessUtils.execute (E:\devecostudio-windows-6.1.0.830\DevEco Studio\tools\hvigor\hvigor-ohos-plugin\src\utils\process-utils.js:1:3547)
    at process.processTicksAndRejections (node:internal/process/task_queues:95:5)
    at async SignUtil.executeSign (E:\devecostudio-windows-6.1.0.830\DevEco Studio\tools\hvigor\hvigor-ohos-plugin\src\tasks\sign\sign-util.js:1:4758)
    at async SignUtil.sign (E:\devecostudio-windows-6.1.0.830\DevEco Studio\tools\hvigor\hvigor-ohos-plugin\src\tasks\sign\sign-util.js:1:2275)
    at async SignHap.doTaskAction (E:\devecostudio-windows-6.1.0.830\DevEco Studio\tools\hvigor\hvigor-ohos-plugin\src\tasks\sign-hap.js:1:1743)
    at async SignHap.<anonymous> (E:\devecostudio-windows-6.1.0.830\DevEco Studio\tools\hvigor\hvigor-ohos-plugin\src\tasks\task\ohos-module-task.js:1:2126)
    at async SignHap.execute (E:\devecostudio-windows-6.1.0.830\DevEco Studio\tools\hvigor\hvigor\src\base\external\task\core-task-impl.js:1:2258)
[2026-05-06T13:28:08.595] [ERROR] debug-file - BUILD FAILED in 2 s 196 ms 
[2026-05-06T13:28:08.595] [DEBUG] debug-file - There is no need to refresh cache, since the incremental task entry:default@PreBuild is up-to-date.
[2026-05-06T13:28:08.595] [DEBUG] debug-file - Update task entry:default@CreateModuleInfo output file:E:\application\DevEcoStudioProjects\MyApplication\entry\build\default\generated\profile\default\ModuleInfo.ts cache.
[2026-05-06T13:28:08.595] [DEBUG] debug-file - Incremental task entry:default@CreateModuleInfo post-execution cost:1 ms .
[2026-05-06T13:28:08.595] [DEBUG] debug-file - There is no need to refresh cache, since the incremental task entry:default@GenerateMetadata is up-to-date.
[2026-05-06T13:28:08.595] [DEBUG] debug-file - There is no need to refresh cache, since the incremental task entry:default@MergeProfile is up-to-date.
[2026-05-06T13:28:08.595] [DEBUG] debug-file - There is no need to refresh cache, since the incremental task entry:default@CreateBuildProfile is up-to-date.
[2026-05-06T13:28:08.595] [DEBUG] debug-file - There is no need to refresh cache, since the incremental task entry:default@GeneratePkgContextInfo is up-to-date.
[2026-05-06T13:28:08.596] [DEBUG] debug-file - Update task entry:default@GeneratePkgSdkInfo output file:E:\application\DevEcoStudioProjects\MyApplication\entry\build\default\intermediates\loader\default\pkgSdkInfo.json cache.
[2026-05-06T13:28:08.596] [DEBUG] debug-file - Incremental task entry:default@GeneratePkgSdkInfo post-execution cost:1 ms .
[2026-05-06T13:28:08.596] [DEBUG] debug-file - Update task entry:default@ProcessIntegratedHsp output file:E:\application\DevEcoStudioProjects\MyApplication\build\cache\default\integrated_hsp\integratedHspCache.json cache.
[2026-05-06T13:28:08.596] [DEBUG] debug-file - Incremental task entry:default@ProcessIntegratedHsp post-execution cost:1 ms .
[2026-05-06T13:28:08.596] [DEBUG] debug-file - There is no need to refresh cache, since the incremental task entry:default@MakePackInfo is up-to-date.
[2026-05-06T13:28:08.596] [DEBUG] debug-file - Update task entry:default@SyscapTransform input file:E:\devecostudio-windows-6.1.0.830\DevEco Studio\sdk\default\openharmony\toolchains\syscap_tool.exe cache by regenerate.
[2026-05-06T13:28:08.597] [DEBUG] debug-file - Update task entry:default@SyscapTransform input file:E:\devecostudio-windows-6.1.0.830\DevEco Studio\sdk\default\openharmony\ets\api\device-define cache by regenerate.
[2026-05-06T13:28:08.599] [DEBUG] debug-file - Update task entry:default@SyscapTransform output file:E:\application\DevEcoStudioProjects\MyApplication\entry\build\default\intermediates\syscap\default\rpcid.sc cache.
[2026-05-06T13:28:08.599] [DEBUG] debug-file - Incremental task entry:default@SyscapTransform post-execution cost:3 ms .
[2026-05-06T13:28:08.599] [DEBUG] debug-file - There is no need to refresh cache, since the incremental task entry:default@ProcessProfile is up-to-date.
[2026-05-06T13:28:08.599] [DEBUG] debug-file - There is no need to refresh cache, since the incremental task entry:default@ProcessRouterMap is up-to-date.
[2026-05-06T13:28:08.599] [DEBUG] debug-file - There is no need to refresh cache, since the incremental task entry:default@ProcessShareConfig is up-to-date.
[2026-05-06T13:28:08.600] [DEBUG] debug-file - Update task entry:default@ProcessStartupConfig input file:E:\application\DevEcoStudioProjects\MyApplication\entry\build\default\intermediates\loader\default\pkgContextInfo.json cache by regenerate.
[2026-05-06T13:28:08.600] [DEBUG] debug-file - Update task entry:default@ProcessStartupConfig output file:E:\application\DevEcoStudioProjects\MyApplication\entry\build\default\intermediates\startup\default\startup_config.json cache.
[2026-05-06T13:28:08.600] [DEBUG] debug-file - Incremental task entry:default@ProcessStartupConfig post-execution cost:1 ms .
[2026-05-06T13:28:08.600] [DEBUG] debug-file - There is no need to refresh cache, since the incremental task entry:default@ProcessResource is up-to-date.
[2026-05-06T13:28:08.600] [DEBUG] debug-file - There is no need to refresh cache, since the incremental task entry:default@GenerateLoaderJson is up-to-date.
[2026-05-06T13:28:08.600] [DEBUG] debug-file - There is no need to refresh cache, since the incremental task entry:default@ProcessLibs is up-to-date.
[2026-05-06T13:28:08.600] [DEBUG] debug-file - There is no need to refresh cache, since the incremental task entry:default@CompileResource is up-to-date.
[2026-05-06T13:28:08.600] [DEBUG] debug-file - There is no need to refresh cache, since the incremental task entry:default@DoNativeStrip is up-to-date.
[2026-05-06T13:28:08.600] [DEBUG] debug-file - There is no need to refresh cache, since the incremental task entry:default@CompileArkTS is up-to-date.
[2026-05-06T13:28:08.601] [DEBUG] debug-file - Update task entry:default@BuildJS input file:E:\application\DevEcoStudioProjects\MyApplication\entry\build\default\intermediates\loader\default cache by regenerate.
[2026-05-06T13:28:08.602] [DEBUG] debug-file - Update task entry:default@BuildJS input file:E:\application\DevEcoStudioProjects\MyApplication\entry\build\default\intermediates\res\default\resources\rawfile cache by regenerate.
[2026-05-06T13:28:08.602] [DEBUG] debug-file - Update task entry:default@BuildJS input file:E:\application\DevEcoStudioProjects\MyApplication\entry\build\default\intermediates\res\default\ResourceTable.txt cache by regenerate.
[2026-05-06T13:28:08.603] [DEBUG] debug-file - Update task entry:default@BuildJS input file:E:\application\DevEcoStudioProjects\MyApplication\entry\build\default\intermediates\res\default\ark_module.json cache by regenerate.
[2026-05-06T13:28:08.603] [DEBUG] debug-file - Update task entry:default@BuildJS input file:E:\application\DevEcoStudioProjects\MyApplication\entry\build\default\intermediates\res\default\resources\base\profile cache by regenerate.
[2026-05-06T13:28:08.604] [DEBUG] debug-file - Update task entry:default@BuildJS input file:E:\application\DevEcoStudioProjects\MyApplication\entry\build\default\intermediates\loader\default\pkgContextInfo.json cache by regenerate.
[2026-05-06T13:28:08.604] [DEBUG] debug-file - Update task entry:default@BuildJS output file:E:\application\DevEcoStudioProjects\MyApplication\entry\build\default\intermediates\loader_out\default\js cache.
[2026-05-06T13:28:08.604] [DEBUG] debug-file - Incremental task entry:default@BuildJS post-execution cost:4 ms .
[2026-05-06T13:28:08.604] [DEBUG] debug-file - There is no need to refresh cache, since the incremental task entry:default@CacheNativeLibs is up-to-date.
[2026-05-06T13:28:08.604] [DEBUG] debug-file - There is no need to refresh cache, since the incremental task entry:default@GeneratePkgModuleJson is up-to-date.
[2026-05-06T13:28:08.605] [DEBUG] debug-file - Incremental task entry:default@ProcessCompiledResources post-execution cost:1 ms .
[2026-05-06T13:28:08.605] [DEBUG] debug-file - There is no need to refresh cache, since the incremental task entry:default@PackageHap is up-to-date.
[2026-05-06T13:28:08.605] [DEBUG] debug-file - Update task entry:default@SignHap input file:E:/devecostudio-windows-6.1.0.830/SmartAlarm.cer cache by regenerate.
[2026-05-06T13:28:08.605] [DEBUG] debug-file - Update task entry:default@SignHap input file:C:/Users/jeremy/.ohos/config/default_MyApplication_Thr90GYvKW5Kq6vrUTl5jOZ4hWpT6CDZekCtJa4CR7k=.p7b cache by regenerate.
[2026-05-06T13:28:08.606] [DEBUG] debug-file - Update task entry:default@SignHap input file:E:/devecostudio-windows-6.1.0.830/smartalarm.p12 cache by regenerate.
[2026-05-06T13:28:08.606] [DEBUG] debug-file - Update task entry:default@SignHap input file:E:\application\DevEcoStudioProjects\MyApplication\entry\build\default\outputs\default\entry-default-unsigned.hap cache by regenerate.
[2026-05-06T13:28:08.606] [DEBUG] debug-file - Update task entry:default@SignHap output file:E:\application\DevEcoStudioProjects\MyApplication\entry\build\default\outputs\default\entry-default-signed.hap cache.
[2026-05-06T13:28:08.606] [DEBUG] debug-file - Incremental task entry:default@SignHap post-execution cost:2 ms .
[2026-05-06T13:28:08.627] [DEBUG] debug-file - hvigor build process will be closed.
[2026-05-06T13:28:08.634] [DEBUG] debug-file - session manager: send message to worker process.
[2026-05-06T13:28:08.635] [DEBUG] debug-file - session manager: send message to worker process.
[2026-05-06T13:28:08.635] [DEBUG] debug-file - watch worker: worker id should be larger than 0. Nothing will be sent to any worker thread.
[2026-05-06T13:28:08.635] [DEBUG] debug-file - watch worker: worker id should be larger than 0. Nothing will be sent to any worker thread.
[2026-05-06T13:31:46.646] [DEBUG] debug-file - session manager: set active socket. socketId=4FmeXM4J-ndDJvkQAAAH
[2026-05-06T13:31:46.669] [DEBUG] debug-file - watch worker: worker id should be larger than 0. Nothing will be sent to any worker thread.
[2026-05-06T13:31:46.674] [DEBUG] debug-file - Workers' log level updated to INFO
[2026-05-06T13:31:46.680] [DEBUG] debug-file - Hvigor init with startParameters:{
  hvigorfileTypeCheck: false,
  parallelExecution: true,
  incrementalExecution: true,
  printStackTrace: false,
  daemon: true,
  analyze: 0,
  logLevel: Level { level: 20000, levelStr: 'INFO', colour: 'green' },
  optimizationStrategy: 'memory',
  hotCompile: undefined,
  hotReloadBuild: undefined,
  customizedParam: undefined
}
[2026-05-06T13:31:46.686] [DEBUG] debug-file - Cache service initialization finished in 6 ms 
[2026-05-06T13:31:46.687] [DEBUG] debug-file - hvigorfile, resolving E:\application\DevEcoStudioProjects\MyApplication\hvigorfile.ts
[2026-05-06T13:31:46.694] [DEBUG] debug-file - hvigorfile, require result:  { default: { plugins: [] } }
[2026-05-06T13:31:46.694] [DEBUG] debug-file - hvigorfile, binding system plugins null
[2026-05-06T13:31:46.695] [DEBUG] debug-file - Starting plugin build process
[2026-05-06T13:31:46.695] [DEBUG] debug-file - App plugin prepare start...
[2026-05-06T13:31:46.695] [DEBUG] debug-file - App plugin prepare end...
[2026-05-06T13:31:46.695] [DEBUG] debug-file - App plugin creating...
[2026-05-06T13:31:46.703] [DEBUG] debug-file - App plugin register hook start...
[2026-05-06T13:31:46.703] [DEBUG] debug-file - App plugin register hook end...
[2026-05-06T13:31:46.703] [DEBUG] debug-file - Plugin build process completed
[2026-05-06T13:31:46.703] [DEBUG] debug-file - Start initialize project's product build option map with build mode debug.
[2026-05-06T13:31:46.703] [DEBUG] debug-file - Picking option from product 'default' with build mode 'debug'.
[2026-05-06T13:31:46.704] [DEBUG] debug-file - Product 'default' build option initialized
[2026-05-06T13:31:46.704] [DEBUG] debug-file - End initialize project's product build option map with build mode 'debug'.
[2026-05-06T13:31:46.704] [DEBUG] debug-file - Obtain build option for product 'default'in this build.
[2026-05-06T13:31:46.707] [DEBUG] debug-file - E:\application\DevEcoStudioProjects\MyApplication\build\cache\default\remote_hsp\remoteHspCache.json not exists.
[2026-05-06T13:31:46.712] [DEBUG] debug-file - Start recording SDK configuration permission data.
[2026-05-06T13:31:46.746] [DEBUG] debug-file - Sdk init in 39 ms 
[2026-05-06T13:31:46.750] [DEBUG] debug-file - Project task initialization takes 3 ms 
[2026-05-06T13:31:46.750] [DEBUG] debug-file - hvigorfile, begin to bind custom plugins...
[2026-05-06T13:31:46.750] [DEBUG] debug-file - hvigorfile, no custom plugins were found in E:\application\DevEcoStudioProjects\MyApplication\hvigorfile.ts
[2026-05-06T13:31:46.750] [DEBUG] debug-file - hvigorfile, resolve finished E:\application\DevEcoStudioProjects\MyApplication\hvigorfile.ts
[2026-05-06T13:31:46.751] [DEBUG] debug-file - hvigorfile, resolving E:\application\DevEcoStudioProjects\MyApplication\entry\hvigorfile.ts
[2026-05-06T13:31:46.756] [DEBUG] debug-file - hvigorfile, require result:  { default: { plugins: [] } }
[2026-05-06T13:31:46.756] [DEBUG] debug-file - hvigorfile, binding system plugins null
[2026-05-06T13:31:46.756] [DEBUG] debug-file - Starting plugin build process
[2026-05-06T13:31:46.756] [DEBUG] debug-file - Hap plugin creating...
[2026-05-06T13:31:46.758] [DEBUG] debug-file - failed to load cangjie to dynamically generate schemas: Error: Cannot find module '@ohos/cangjie-build-support/index'
Require stack:
- E:\devecostudio-windows-6.1.0.830\DevEco Studio\tools\hvigor\hvigor-ohos-plugin\src\plugin\hooks\cangjie-register.js
- E:\devecostudio-windows-6.1.0.830\DevEco Studio\tools\hvigor\hvigor-ohos-plugin\src\plugin\strategy\stage-init-strategy.js
- E:\devecostudio-windows-6.1.0.830\DevEco Studio\tools\hvigor\hvigor-ohos-plugin\src\plugin\builder\abstract-plugin-builder.js
- E:\devecostudio-windows-6.1.0.830\DevEco Studio\tools\hvigor\hvigor-ohos-plugin\src\plugin\builder\app-plugin-builder.js
- E:\devecostudio-windows-6.1.0.830\DevEco Studio\tools\hvigor\hvigor-ohos-plugin\src\plugin\factory\plugin-factory.js
- E:\devecostudio-windows-6.1.0.830\DevEco Studio\tools\hvigor\hvigor-ohos-plugin\index.js
- E:\application\DevEcoStudioProjects\MyApplication\hvigorfile.ts
- E:\devecostudio-windows-6.1.0.830\DevEco Studio\tools\hvigor\hvigor\src\base\internal\lifecycle\configuration.js
- E:\devecostudio-windows-6.1.0.830\DevEco Studio\tools\hvigor\hvigor\src\base\boot\index.js
- E:\devecostudio-windows-6.1.0.830\DevEco Studio\tools\hvigor\hvigor\src\base\daemon\cluster\worker-process-lifecycle.js
- E:\devecostudio-windows-6.1.0.830\DevEco Studio\tools\hvigor\hvigor\src\base\daemon\process\daemon-process-boot-script.js
[2026-05-06T13:31:46.762] [DEBUG] debug-file - Start initialize module-target build option map, moduleName=entry, buildMode=debug
[2026-05-06T13:31:46.762] [DEBUG] debug-file - Target 'default' config initialized
[2026-05-06T13:31:46.763] [DEBUG] debug-file - Target 'ohosTest' config initialized
[2026-05-06T13:31:46.763] [DEBUG] debug-file - Module 'entry' target 'default' build option initialized
[2026-05-06T13:31:46.763] [DEBUG] debug-file - Module 'entry' target 'ohosTest' build option initialized
[2026-05-06T13:31:46.764] [DEBUG] debug-file - End initialize module-target build option map, moduleName=entry
[2026-05-06T13:31:46.764] [DEBUG] debug-file - Start initialize module-target build option map, moduleName=entry, buildMode=release
[2026-05-06T13:31:46.764] [DEBUG] debug-file - Target 'default' config initialized
[2026-05-06T13:31:46.765] [DEBUG] debug-file - Target 'ohosTest' config initialized
[2026-05-06T13:31:46.765] [DEBUG] debug-file - Module 'entry' target 'default' build option initialized
[2026-05-06T13:31:46.765] [DEBUG] debug-file - Module 'entry' target 'ohosTest' build option initialized
[2026-05-06T13:31:46.765] [DEBUG] debug-file - End initialize module-target build option map, moduleName=entry
[2026-05-06T13:31:46.765] [DEBUG] debug-file - Start initialize module-target build option map, moduleName=entry, buildMode=debug
[2026-05-06T13:31:46.765] [DEBUG] debug-file - Target 'default' config initialized
[2026-05-06T13:31:46.765] [DEBUG] debug-file - Target 'ohosTest' config initialized
[2026-05-06T13:31:46.765] [DEBUG] debug-file - Module 'entry' target 'default' build option initialized
[2026-05-06T13:31:46.765] [DEBUG] debug-file - Module 'entry' target 'ohosTest' build option initialized
[2026-05-06T13:31:46.765] [DEBUG] debug-file - End initialize module-target build option map, moduleName=entry
[2026-05-06T13:31:46.765] [DEBUG] debug-file - Obtain build option for module 'entry' target 'default'in this build.
[2026-05-06T13:31:46.767] [DEBUG] debug-file - Module entry task initialization takes 1 ms 
[2026-05-06T13:31:46.767] [DEBUG] debug-file - Hap plugin register hook start...
[2026-05-06T13:31:46.767] [DEBUG] debug-file - Hap plugin register hook end...
[2026-05-06T13:31:46.767] [DEBUG] debug-file - Plugin build process completed
[2026-05-06T13:31:46.767] [DEBUG] debug-file - hvigorfile, begin to bind custom plugins...
[2026-05-06T13:31:46.767] [DEBUG] debug-file - hvigorfile, no custom plugins were found in E:\application\DevEcoStudioProjects\MyApplication\entry\hvigorfile.ts
[2026-05-06T13:31:46.767] [DEBUG] debug-file - hvigorfile, resolve finished E:\application\DevEcoStudioProjects\MyApplication\entry\hvigorfile.ts
[2026-05-06T13:31:46.783] [DEBUG] debug-file - hvigorfile, resolve hvigorfile dependencies in 16 ms 
[2026-05-06T13:31:46.783] [DEBUG] debug-file - project has submodules:entry
[2026-05-06T13:31:46.785] [DEBUG] debug-file - start to load updatedOhPackageInfo to the disk
[2026-05-06T13:31:46.787] [DEBUG] debug-file - load to the disk finished
[2026-05-06T13:31:46.787] [DEBUG] debug-file - Start to initialize dependency information.
[2026-05-06T13:31:46.793] [DEBUG] debug-file - Module MyApplication Collected Dependency: 
[2026-05-06T13:31:46.793] [DEBUG] debug-file - Module MyApplication's total dependency: 0
[2026-05-06T13:31:46.794] [DEBUG] debug-file - Start to initialize dependency information.
[2026-05-06T13:31:46.796] [DEBUG] debug-file - Module entry Collected Dependency: 
[2026-05-06T13:31:46.796] [DEBUG] debug-file - Module entry's total dependency: 0
[2026-05-06T13:31:46.798] [DEBUG] debug-file - Configuration phase cost:112 ms 
[2026-05-06T13:31:46.799] [DEBUG] debug-file - Configuration task cost before running: 125 ms 
[2026-05-06T13:31:46.799] [DEBUG] debug-file - Executing task :entry:init
[2026-05-06T13:31:46.799] [DEBUG] debug-file - entry : init cost memory 0.01406097412109375
[2026-05-06T13:31:46.799] [DEBUG] debug-file - runTaskFromQueue task cost before running: 125 ms 
[2026-05-06T13:31:46.799] [INFO] debug-file - Finished :entry:init... after 1 ms 
[2026-05-06T13:31:46.800] [DEBUG] debug-file - Executing task ::init
[2026-05-06T13:31:46.800] [DEBUG] debug-file - MyApplication : init cost memory 0.012847900390625
[2026-05-06T13:31:46.800] [DEBUG] debug-file - runTaskFromQueue task cost before running: 126 ms 
[2026-05-06T13:31:46.800] [INFO] debug-file - Finished ::init... after 1 ms 
[2026-05-06T13:31:46.807] [DEBUG] debug-file - Obtain build option for module 'entry' target 'default'in this build.
[2026-05-06T13:31:46.808] [DEBUG] debug-file - Obtain build option for module 'entry' target 'ohosTest'in this build.
[2026-05-06T13:31:46.811] [DEBUG] debug-file - hvigor build process will be closed.
[2026-05-06T13:31:46.817] [DEBUG] debug-file - session manager: send message to worker process.
[2026-05-06T13:31:46.818] [DEBUG] debug-file - session manager: send message to worker process.
[2026-05-06T13:31:46.818] [DEBUG] debug-file - watch worker: worker id should be larger than 0. Nothing will be sent to any worker thread.
[2026-05-06T13:31:46.819] [DEBUG] debug-file - watch worker: worker id should be larger than 0. Nothing will be sent to any worker thread.
[2026-05-06T13:32:16.821] [DEBUG] debug-file - session manager: set active socket. socketId=Nz3WsUiVT84-IyU8AAAJ
[2026-05-06T13:32:16.844] [DEBUG] debug-file - watch worker: worker id should be larger than 0. Nothing will be sent to any worker thread.
[2026-05-06T13:32:16.849] [DEBUG] debug-file - Workers' log level updated to INFO
[2026-05-06T13:32:16.854] [DEBUG] debug-file - Hvigor init with startParameters:{
  hvigorfileTypeCheck: false,
  parallelExecution: true,
  incrementalExecution: true,
  printStackTrace: false,
  daemon: true,
  analyze: 0,
  logLevel: Level { level: 20000, levelStr: 'INFO', colour: 'green' },
  optimizationStrategy: 'memory',
  hotCompile: undefined,
  hotReloadBuild: undefined,
  customizedParam: undefined
}
[2026-05-06T13:32:16.861] [DEBUG] debug-file - Cache service initialization finished in 7 ms 
[2026-05-06T13:32:16.863] [DEBUG] debug-file - hvigorfile, resolving E:\application\DevEcoStudioProjects\MyApplication\hvigorfile.ts
[2026-05-06T13:32:16.873] [DEBUG] debug-file - hvigorfile, require result:  { default: { plugins: [] } }
[2026-05-06T13:32:16.873] [DEBUG] debug-file - hvigorfile, binding system plugins null
[2026-05-06T13:32:16.874] [DEBUG] debug-file - Starting plugin build process
[2026-05-06T13:32:16.874] [DEBUG] debug-file - App plugin prepare start...
[2026-05-06T13:32:16.874] [DEBUG] debug-file - App plugin prepare end...
[2026-05-06T13:32:16.874] [DEBUG] debug-file - App plugin creating...
[2026-05-06T13:32:16.881] [DEBUG] debug-file - App plugin register hook start...
[2026-05-06T13:32:16.881] [DEBUG] debug-file - App plugin register hook end...
[2026-05-06T13:32:16.882] [DEBUG] debug-file - Plugin build process completed
[2026-05-06T13:32:16.882] [DEBUG] debug-file - Start initialize project's product build option map with build mode debug.
[2026-05-06T13:32:16.882] [DEBUG] debug-file - Picking option from product 'default' with build mode 'debug'.
[2026-05-06T13:32:16.883] [DEBUG] debug-file - Product 'default' build option initialized
[2026-05-06T13:32:16.883] [DEBUG] debug-file - End initialize project's product build option map with build mode 'debug'.
[2026-05-06T13:32:16.884] [DEBUG] debug-file - Obtain build option for product 'default'in this build.
[2026-05-06T13:32:16.887] [DEBUG] debug-file - E:\application\DevEcoStudioProjects\MyApplication\build\cache\default\remote_hsp\remoteHspCache.json not exists.
[2026-05-06T13:32:16.891] [DEBUG] debug-file - Start recording SDK configuration permission data.
[2026-05-06T13:32:16.918] [DEBUG] debug-file - Sdk init in 31 ms 
[2026-05-06T13:32:16.921] [DEBUG] debug-file - Project task initialization takes 3 ms 
[2026-05-06T13:32:16.921] [DEBUG] debug-file - hvigorfile, begin to bind custom plugins...
[2026-05-06T13:32:16.921] [DEBUG] debug-file - hvigorfile, no custom plugins were found in E:\application\DevEcoStudioProjects\MyApplication\hvigorfile.ts
[2026-05-06T13:32:16.921] [DEBUG] debug-file - hvigorfile, resolve finished E:\application\DevEcoStudioProjects\MyApplication\hvigorfile.ts
[2026-05-06T13:32:16.922] [DEBUG] debug-file - hvigorfile, resolving E:\application\DevEcoStudioProjects\MyApplication\entry\hvigorfile.ts
[2026-05-06T13:32:16.926] [DEBUG] debug-file - hvigorfile, require result:  { default: { plugins: [] } }
[2026-05-06T13:32:16.926] [DEBUG] debug-file - hvigorfile, binding system plugins null
[2026-05-06T13:32:16.926] [DEBUG] debug-file - Starting plugin build process
[2026-05-06T13:32:16.927] [DEBUG] debug-file - Hap plugin creating...
[2026-05-06T13:32:16.928] [DEBUG] debug-file - failed to load cangjie to dynamically generate schemas: Error: Cannot find module '@ohos/cangjie-build-support/index'
Require stack:
- E:\devecostudio-windows-6.1.0.830\DevEco Studio\tools\hvigor\hvigor-ohos-plugin\src\plugin\hooks\cangjie-register.js
- E:\devecostudio-windows-6.1.0.830\DevEco Studio\tools\hvigor\hvigor-ohos-plugin\src\plugin\strategy\stage-init-strategy.js
- E:\devecostudio-windows-6.1.0.830\DevEco Studio\tools\hvigor\hvigor-ohos-plugin\src\plugin\builder\abstract-plugin-builder.js
- E:\devecostudio-windows-6.1.0.830\DevEco Studio\tools\hvigor\hvigor-ohos-plugin\src\plugin\builder\app-plugin-builder.js
- E:\devecostudio-windows-6.1.0.830\DevEco Studio\tools\hvigor\hvigor-ohos-plugin\src\plugin\factory\plugin-factory.js
- E:\devecostudio-windows-6.1.0.830\DevEco Studio\tools\hvigor\hvigor-ohos-plugin\index.js
- E:\application\DevEcoStudioProjects\MyApplication\hvigorfile.ts
- E:\devecostudio-windows-6.1.0.830\DevEco Studio\tools\hvigor\hvigor\src\base\internal\lifecycle\configuration.js
- E:\devecostudio-windows-6.1.0.830\DevEco Studio\tools\hvigor\hvigor\src\base\boot\index.js
- E:\devecostudio-windows-6.1.0.830\DevEco Studio\tools\hvigor\hvigor\src\base\daemon\cluster\worker-process-lifecycle.js
- E:\devecostudio-windows-6.1.0.830\DevEco Studio\tools\hvigor\hvigor\src\base\daemon\process\daemon-process-boot-script.js
[2026-05-06T13:32:16.930] [DEBUG] debug-file - Start initialize module-target build option map, moduleName=entry, buildMode=debug
[2026-05-06T13:32:16.930] [DEBUG] debug-file - Target 'default' config initialized
[2026-05-06T13:32:16.930] [DEBUG] debug-file - Target 'ohosTest' config initialized
[2026-05-06T13:32:16.931] [DEBUG] debug-file - Module 'entry' target 'default' build option initialized
[2026-05-06T13:32:16.931] [DEBUG] debug-file - Module 'entry' target 'ohosTest' build option initialized
[2026-05-06T13:32:16.931] [DEBUG] debug-file - End initialize module-target build option map, moduleName=entry
[2026-05-06T13:32:16.931] [DEBUG] debug-file - Start initialize module-target build option map, moduleName=entry, buildMode=release
[2026-05-06T13:32:16.931] [DEBUG] debug-file - Target 'default' config initialized
[2026-05-06T13:32:16.931] [DEBUG] debug-file - Target 'ohosTest' config initialized
[2026-05-06T13:32:16.931] [DEBUG] debug-file - Module 'entry' target 'default' build option initialized
[2026-05-06T13:32:16.931] [DEBUG] debug-file - Module 'entry' target 'ohosTest' build option initialized
[2026-05-06T13:32:16.931] [DEBUG] debug-file - End initialize module-target build option map, moduleName=entry
[2026-05-06T13:32:16.932] [DEBUG] debug-file - Start initialize module-target build option map, moduleName=entry, buildMode=debug
[2026-05-06T13:32:16.932] [DEBUG] debug-file - Target 'default' config initialized
[2026-05-06T13:32:16.932] [DEBUG] debug-file - Target 'ohosTest' config initialized
[2026-05-06T13:32:16.932] [DEBUG] debug-file - Module 'entry' target 'default' build option initialized
[2026-05-06T13:32:16.932] [DEBUG] debug-file - Module 'entry' target 'ohosTest' build option initialized
[2026-05-06T13:32:16.932] [DEBUG] debug-file - End initialize module-target build option map, moduleName=entry
[2026-05-06T13:32:16.932] [DEBUG] debug-file - Obtain build option for module 'entry' target 'default'in this build.
[2026-05-06T13:32:16.934] [DEBUG] debug-file - Module entry task initialization takes 1 ms 
[2026-05-06T13:32:16.934] [DEBUG] debug-file - Hap plugin register hook start...
[2026-05-06T13:32:16.934] [DEBUG] debug-file - Hap plugin register hook end...
[2026-05-06T13:32:16.934] [DEBUG] debug-file - Plugin build process completed
[2026-05-06T13:32:16.934] [DEBUG] debug-file - hvigorfile, begin to bind custom plugins...
[2026-05-06T13:32:16.934] [DEBUG] debug-file - hvigorfile, no custom plugins were found in E:\application\DevEcoStudioProjects\MyApplication\entry\hvigorfile.ts
[2026-05-06T13:32:16.934] [DEBUG] debug-file - hvigorfile, resolve finished E:\application\DevEcoStudioProjects\MyApplication\entry\hvigorfile.ts
[2026-05-06T13:32:16.949] [DEBUG] debug-file - hvigorfile, resolve hvigorfile dependencies in 16 ms 
[2026-05-06T13:32:16.949] [DEBUG] debug-file - project has submodules:entry
[2026-05-06T13:32:16.951] [DEBUG] debug-file - start to load updatedOhPackageInfo to the disk
[2026-05-06T13:32:16.953] [DEBUG] debug-file - load to the disk finished
[2026-05-06T13:32:16.954] [DEBUG] debug-file - Start to initialize dependency information.
[2026-05-06T13:32:16.958] [DEBUG] debug-file - Module MyApplication Collected Dependency: 
[2026-05-06T13:32:16.958] [DEBUG] debug-file - Module MyApplication's total dependency: 0
[2026-05-06T13:32:16.959] [DEBUG] debug-file - Start to initialize dependency information.
[2026-05-06T13:32:16.962] [DEBUG] debug-file - Module entry Collected Dependency: 
[2026-05-06T13:32:16.962] [DEBUG] debug-file - Module entry's total dependency: 0
[2026-05-06T13:32:16.963] [DEBUG] debug-file - Configuration phase cost:103 ms 
[2026-05-06T13:32:16.965] [DEBUG] debug-file - Configuration task cost before running: 115 ms 
[2026-05-06T13:32:16.968] [DEBUG] debug-file - Executing task :entry:default@PreBuild
[2026-05-06T13:32:16.969] [DEBUG] debug-file - Task 'entry:default@PreBuild' cost while wrapping incremental declarations: 1 ms 
[2026-05-06T13:32:16.974] [DEBUG] debug-file - entry:default@PreBuild is not up-to-date, since the input file 'E:\application\DevEcoStudioProjects\MyApplication\build-profile.json5' has been changed.
[2026-05-06T13:32:16.974] [DEBUG] debug-file - Incremental task entry:default@PreBuild pre-execution cost: 4 ms .
[2026-05-06T13:32:16.979] [DEBUG] debug-file - current product is not Atomic service.
[2026-05-06T13:32:16.980] [DEBUG] debug-file - Use tool [win32: JAVA_HOME, CLASSPATH]
 [
  {
    JAVA_HOME: 'E:\\devecostudio-windows-6.1.0.830\\DevEco Studio\\jbr'
  },
  { CLASSPATH: undefined }
]
[2026-05-06T13:32:16.980] [DEBUG] debug-file - Use tool [win32: NODE_HOME]
 [
  {
    NODE_HOME: 'E:\\devecostudio-windows-6.1.0.830\\DevEco Studio\\tools\\node'
  }
]
[2026-05-06T13:32:16.980] [DEBUG] debug-file - entry : default@PreBuild cost memory 0.8956298828125
[2026-05-06T13:32:16.980] [DEBUG] debug-file - runTaskFromQueue task cost before running: 131 ms 
[2026-05-06T13:32:16.982] [INFO] debug-file - Finished :entry:default@PreBuild... after 13 ms 
[2026-05-06T13:32:16.983] [DEBUG] debug-file - Executing task :entry:default@CreateModuleInfo
[2026-05-06T13:32:16.983] [DEBUG] debug-file - Task 'entry:default@CreateModuleInfo' cost while wrapping incremental declarations: 1 ms 
[2026-05-06T13:32:16.983] [DEBUG] debug-file - entry : default@CreateModuleInfo cost memory 0.0417633056640625
[2026-05-06T13:32:16.983] [DEBUG] debug-file - runTaskFromQueue task cost before running: 134 ms 
[2026-05-06T13:32:16.983] [INFO] debug-file - Finished :entry:default@CreateModuleInfo... after 1 ms 
[2026-05-06T13:32:16.986] [DEBUG] debug-file - Executing task :entry:default@GenerateMetadata
[2026-05-06T13:32:16.986] [DEBUG] debug-file - Task 'entry:default@GenerateMetadata' cost while wrapping incremental declarations: 1 ms 
[2026-05-06T13:32:16.987] [DEBUG] debug-file - Incremental task entry:default@GenerateMetadata pre-execution cost: 1 ms .
[2026-05-06T13:32:16.988] [DEBUG] debug-file - entry : default@GenerateMetadata cost memory 0.08730316162109375
[2026-05-06T13:32:16.988] [INFO] debug-file - UP-TO-DATE :entry:default@GenerateMetadata...  
[2026-05-06T13:32:16.989] [DEBUG] debug-file - Executing task :entry:default@ConfigureCmake
[2026-05-06T13:32:16.989] [DEBUG] debug-file - entry : default@ConfigureCmake cost memory 0.0144805908203125
[2026-05-06T13:32:16.989] [DEBUG] debug-file - runTaskFromQueue task cost before running: 140 ms 
[2026-05-06T13:32:16.989] [INFO] debug-file - Finished :entry:default@ConfigureCmake... after 1 ms 
[2026-05-06T13:32:16.990] [DEBUG] debug-file - Executing task :entry:default@MergeProfile
[2026-05-06T13:32:16.990] [DEBUG] debug-file - Task 'entry:default@MergeProfile' cost while wrapping incremental declarations: 1 ms 
[2026-05-06T13:32:16.991] [DEBUG] debug-file - entry:default@MergeProfile is not up-to-date, since the input file 'E:\application\DevEcoStudioProjects\MyApplication\build-profile.json5' has been changed.
[2026-05-06T13:32:16.991] [DEBUG] debug-file - Incremental task entry:default@MergeProfile pre-execution cost: 1 ms .
[2026-05-06T13:32:16.991] [DEBUG] debug-file - Change app api release type with 'Release'
[2026-05-06T13:32:16.991] [DEBUG] debug-file - Change app compile API version with '6.1.0.105'
[2026-05-06T13:32:16.991] [DEBUG] debug-file - Change app target API version with '60002022'
[2026-05-06T13:32:16.991] [DEBUG] debug-file - Change app minimum API version with '60002022'
[2026-05-06T13:32:16.991] [DEBUG] debug-file - Use cli appEnvironment
[2026-05-06T13:32:16.993] [DEBUG] debug-file - entry : default@MergeProfile cost memory -1.4441452026367188
[2026-05-06T13:32:16.994] [DEBUG] debug-file - runTaskFromQueue task cost before running: 144 ms 
[2026-05-06T13:32:16.994] [INFO] debug-file - Finished :entry:default@MergeProfile... after 4 ms 
[2026-05-06T13:32:16.995] [DEBUG] debug-file - Executing task :entry:default@CreateBuildProfile
[2026-05-06T13:32:16.996] [DEBUG] debug-file - Task 'entry:default@CreateBuildProfile' cost while wrapping incremental declarations: 1 ms 
[2026-05-06T13:32:16.996] [DEBUG] debug-file - entry:default@CreateBuildProfile is not up-to-date, since the input file 'E:\application\DevEcoStudioProjects\MyApplication\build-profile.json5' has been changed.
[2026-05-06T13:32:16.996] [DEBUG] debug-file - Incremental task entry:default@CreateBuildProfile pre-execution cost: 1 ms .
[2026-05-06T13:32:16.997] [DEBUG] debug-file - entry : default@CreateBuildProfile cost memory 0.1006927490234375
[2026-05-06T13:32:16.997] [DEBUG] debug-file - runTaskFromQueue task cost before running: 148 ms 
[2026-05-06T13:32:16.997] [INFO] debug-file - Finished :entry:default@CreateBuildProfile... after 2 ms 
[2026-05-06T13:32:16.998] [DEBUG] debug-file - Executing task :entry:default@PreCheckSyscap
[2026-05-06T13:32:16.998] [DEBUG] debug-file - entry : default@PreCheckSyscap cost memory 0.01470184326171875
[2026-05-06T13:32:16.998] [DEBUG] debug-file - runTaskFromQueue task cost before running: 149 ms 
[2026-05-06T13:32:16.999] [INFO] debug-file - Finished :entry:default@PreCheckSyscap... after 1 ms 
[2026-05-06T13:32:17.000] [DEBUG] debug-file - Executing task :entry:default@GeneratePkgContextInfo
[2026-05-06T13:32:17.003] [DEBUG] debug-file - Task 'entry:default@GeneratePkgContextInfo' cost while wrapping incremental declarations: 1 ms 
[2026-05-06T13:32:17.003] [DEBUG] debug-file - Incremental task entry:default@GeneratePkgContextInfo pre-execution cost: 1 ms .
[2026-05-06T13:32:17.003] [DEBUG] debug-file - entry : default@GeneratePkgContextInfo cost memory 0.21169281005859375
[2026-05-06T13:32:17.004] [INFO] debug-file - UP-TO-DATE :entry:default@GeneratePkgContextInfo...  
[2026-05-06T13:32:17.004] [DEBUG] debug-file - Executing task :entry:default@GeneratePkgSdkInfo
[2026-05-06T13:32:17.007] [DEBUG] debug-file - Task 'entry:default@GeneratePkgSdkInfo' cost while wrapping incremental declarations: 1 ms 
[2026-05-06T13:32:17.007] [DEBUG] debug-file - entry : default@GeneratePkgSdkInfo cost memory 0.128753662109375
[2026-05-06T13:32:17.007] [DEBUG] debug-file - runTaskFromQueue task cost before running: 158 ms 
[2026-05-06T13:32:17.007] [INFO] debug-file - Finished :entry:default@GeneratePkgSdkInfo... after 3 ms 
[2026-05-06T13:32:17.010] [DEBUG] debug-file - Executing task :entry:default@ProcessIntegratedHsp
[2026-05-06T13:32:17.011] [DEBUG] debug-file - entry:default@ProcessIntegratedHsp is not up-to-date, since the output file 'E:\application\DevEcoStudioProjects\MyApplication\build\cache\default\integrated_hsp\integratedHspCache.json' does not exist.
[2026-05-06T13:32:17.011] [DEBUG] debug-file - Incremental task entry:default@ProcessIntegratedHsp pre-execution cost: 1 ms .
[2026-05-06T13:32:17.011] [DEBUG] debug-file - entry : default@ProcessIntegratedHsp cost memory 0.05754852294921875
[2026-05-06T13:32:17.011] [DEBUG] debug-file - runTaskFromQueue task cost before running: 162 ms 
[2026-05-06T13:32:17.011] [INFO] debug-file - Finished :entry:default@ProcessIntegratedHsp... after 1 ms 
[2026-05-06T13:32:17.012] [DEBUG] debug-file - Executing task :entry:default@BuildNativeWithCmake
[2026-05-06T13:32:17.012] [DEBUG] debug-file - entry : default@BuildNativeWithCmake cost memory 0.0144805908203125
[2026-05-06T13:32:17.013] [DEBUG] debug-file - runTaskFromQueue task cost before running: 163 ms 
[2026-05-06T13:32:17.013] [INFO] debug-file - Finished :entry:default@BuildNativeWithCmake... after 1 ms 
[2026-05-06T13:32:17.013] [DEBUG] debug-file - Executing task :entry:default@MakePackInfo
[2026-05-06T13:32:17.015] [DEBUG] debug-file - entry:default@MakePackInfo is not up-to-date, since the input file 'E:\application\DevEcoStudioProjects\MyApplication\build-profile.json5' has been changed.
[2026-05-06T13:32:17.016] [DEBUG] debug-file - Incremental task entry:default@MakePackInfo pre-execution cost: 2 ms .
[2026-05-06T13:32:17.016] [DEBUG] debug-file - Module Pack Info:  {
  summary: {
    app: { bundleName: 'c***n', bundleType: 'app', version: [Object] },
    modules: [ [Object] ]
  },
  packages: [
    {
      deviceType: [Array],
      moduleType: 'entry',
      deliveryWithInstall: true,
      name: 'entry-default'
    }
  ]
}
[2026-05-06T13:32:17.016] [DEBUG] debug-file - entry : default@MakePackInfo cost memory 0.3892669677734375
[2026-05-06T13:32:17.016] [DEBUG] debug-file - runTaskFromQueue task cost before running: 167 ms 
[2026-05-06T13:32:17.017] [INFO] debug-file - Finished :entry:default@MakePackInfo... after 3 ms 
[2026-05-06T13:32:17.018] [DEBUG] debug-file - Executing task :entry:default@SyscapTransform
[2026-05-06T13:32:17.018] [DEBUG] debug-file - File: 'E:\application\DevEcoStudioProjects\MyApplication\entry\src\main\syscap.json' from 'sysCapJsonPath' is not exists, just ignore.
[2026-05-06T13:32:17.019] [DEBUG] debug-file - Task 'entry:default@SyscapTransform' cost while wrapping incremental declarations: 2 ms 
[2026-05-06T13:32:17.021] [DEBUG] debug-file - entry:default@SyscapTransform is not up-to-date, since the output file 'E:\application\DevEcoStudioProjects\MyApplication\entry\build\default\intermediates\syscap\default\rpcid.sc' does not exist.
[2026-05-06T13:32:17.021] [DEBUG] debug-file - Incremental task entry:default@SyscapTransform pre-execution cost: 2 ms .
[2026-05-06T13:32:17.021] [DEBUG] debug-file - entry : default@SyscapTransform cost memory -1.4769515991210938
[2026-05-06T13:32:17.022] [DEBUG] debug-file - runTaskFromQueue task cost before running: 172 ms 
[2026-05-06T13:32:17.022] [INFO] debug-file - Finished :entry:default@SyscapTransform... after 4 ms 
[2026-05-06T13:32:17.023] [DEBUG] debug-file - Executing task :entry:default@ProcessProfile
[2026-05-06T13:32:17.024] [DEBUG] debug-file - Task 'entry:default@ProcessProfile' cost while wrapping incremental declarations: 1 ms 
[2026-05-06T13:32:17.024] [DEBUG] debug-file - entry:default@ProcessProfile is not up-to-date, since the input file 'E:\application\DevEcoStudioProjects\MyApplication\entry\build\default\intermediates\merge_profile\default\module.json' has been changed.
[2026-05-06T13:32:17.024] [DEBUG] debug-file - Incremental task entry:default@ProcessProfile pre-execution cost: 1 ms .
[2026-05-06T13:32:17.025] [DEBUG] debug-file - [
  'E:\\devecostudio-windows-6.1.0.830\\DevEco Studio\\tools\\node\\node.exe',
  'E:\\devecostudio-windows-6.1.0.830\\DevEco Studio\\sdk\\default\\openharmony\\ets\\build-tools\\ets-loader\\bin\\ark\\ts2abc.js',
  '--target-api-version',
  '22'
]
[2026-05-06T13:32:17.102] [DEBUG] debug-file - 13.0.1.0
[2026-05-06T13:32:17.102] [DEBUG] debug-file - No need to add fake ui ability because of not in preview process.
[2026-05-06T13:32:17.103] [DEBUG] debug-file - entry : default@ProcessProfile cost memory 0.35521697998046875
[2026-05-06T13:32:17.103] [DEBUG] debug-file - runTaskFromQueue task cost before running: 254 ms 
[2026-05-06T13:32:17.103] [INFO] debug-file - Finished :entry:default@ProcessProfile... after 81 ms 
[2026-05-06T13:32:17.105] [DEBUG] debug-file - Executing task :entry:default@ProcessRouterMap
[2026-05-06T13:32:17.107] [DEBUG] debug-file - Incremental task entry:default@ProcessRouterMap pre-execution cost: 3 ms .
[2026-05-06T13:32:17.107] [DEBUG] debug-file - entry : default@ProcessRouterMap cost memory 0.166595458984375
[2026-05-06T13:32:17.108] [INFO] debug-file - UP-TO-DATE :entry:default@ProcessRouterMap...  
[2026-05-06T13:32:17.109] [DEBUG] debug-file - Executing task :entry:default@ProcessShareConfig
[2026-05-06T13:32:17.111] [DEBUG] debug-file - Incremental task entry:default@ProcessShareConfig pre-execution cost: 2 ms .
[2026-05-06T13:32:17.111] [DEBUG] debug-file - entry : default@ProcessShareConfig cost memory 0.14241790771484375
[2026-05-06T13:32:17.111] [INFO] debug-file - UP-TO-DATE :entry:default@ProcessShareConfig...  
[2026-05-06T13:32:17.112] [DEBUG] debug-file - Executing task :entry:default@ProcessStartupConfig
[2026-05-06T13:32:17.112] [DEBUG] debug-file - Task 'entry:default@ProcessStartupConfig' cost while wrapping incremental declarations: 1 ms 
[2026-05-06T13:32:17.113] [DEBUG] debug-file - entry:default@ProcessStartupConfig is not up-to-date, since the output file 'E:\application\DevEcoStudioProjects\MyApplication\entry\build\default\intermediates\startup\default\startup_config.json' does not exist.
[2026-05-06T13:32:17.113] [DEBUG] debug-file - Incremental task entry:default@ProcessStartupConfig pre-execution cost: 1 ms .
[2026-05-06T13:32:17.114] [DEBUG] debug-file - entry : default@ProcessStartupConfig cost memory 0.1390533447265625
[2026-05-06T13:32:17.114] [DEBUG] debug-file - runTaskFromQueue task cost before running: 265 ms 
[2026-05-06T13:32:17.114] [INFO] debug-file - Finished :entry:default@ProcessStartupConfig... after 2 ms 
[2026-05-06T13:32:17.115] [DEBUG] debug-file - Executing task :entry:default@BuildNativeWithNinja
[2026-05-06T13:32:17.116] [DEBUG] debug-file - entry : default@BuildNativeWithNinja cost memory 0.02114105224609375
[2026-05-06T13:32:17.116] [DEBUG] debug-file - runTaskFromQueue task cost before running: 267 ms 
[2026-05-06T13:32:17.116] [INFO] debug-file - Finished :entry:default@BuildNativeWithNinja... after 1 ms 
[2026-05-06T13:32:17.117] [DEBUG] debug-file - restool module names: entry; moduleName=entry, taskName=default@ProcessResource
[2026-05-06T13:32:17.119] [DEBUG] debug-file - Executing task :entry:default@ProcessResource
[2026-05-06T13:32:17.119] [DEBUG] debug-file - Task 'entry:default@ProcessResource' cost while wrapping incremental declarations: 1 ms 
[2026-05-06T13:32:17.120] [DEBUG] debug-file - Incremental task entry:default@ProcessResource pre-execution cost: 1 ms .
[2026-05-06T13:32:17.120] [DEBUG] debug-file - entry : default@ProcessResource cost memory -1.5081405639648438
[2026-05-06T13:32:17.122] [INFO] debug-file - UP-TO-DATE :entry:default@ProcessResource...  
[2026-05-06T13:32:17.123] [DEBUG] debug-file - Executing task :entry:default@GenerateLoaderJson
[2026-05-06T13:32:17.124] [DEBUG] debug-file - Task 'entry:default@GenerateLoaderJson' cost while wrapping incremental declarations: 1 ms 
[2026-05-06T13:32:17.132] [DEBUG] debug-file - Incremental task entry:default@GenerateLoaderJson pre-execution cost: 6 ms .
[2026-05-06T13:32:17.132] [DEBUG] debug-file - entry : default@GenerateLoaderJson cost memory 0.5638656616210938
[2026-05-06T13:32:17.135] [INFO] debug-file - UP-TO-DATE :entry:default@GenerateLoaderJson...  
[2026-05-06T13:32:17.136] [DEBUG] debug-file - Executing task :entry:default@ProcessLibs
[2026-05-06T13:32:17.137] [DEBUG] debug-file - entry:default@ProcessLibs is not up-to-date, since the input file 'E:\application\DevEcoStudioProjects\MyApplication\build-profile.json5' has been changed.
[2026-05-06T13:32:17.137] [DEBUG] debug-file - Incremental task entry:default@ProcessLibs pre-execution cost: 1 ms .
[2026-05-06T13:32:17.138] [DEBUG] debug-file - Worker dispatch failed, running processLibs on main thread.
[2026-05-06T13:32:17.139] [DEBUG] debug-file - entry : default@ProcessLibs cost memory 0.2861480712890625
[2026-05-06T13:32:17.139] [DEBUG] debug-file - runTaskFromQueue task cost before running: 290 ms 
[2026-05-06T13:32:17.140] [INFO] debug-file - Finished :entry:default@ProcessLibs... after 4 ms 
[2026-05-06T13:32:17.140] [DEBUG] debug-file - restool module names: entry; moduleName=entry, taskName=default@CompileResource
[2026-05-06T13:32:17.141] [DEBUG] debug-file - Executing task :entry:default@CompileResource
[2026-05-06T13:32:17.150] [DEBUG] debug-file - entry:default@CompileResource is not up-to-date, since the input file 'E:\application\DevEcoStudioProjects\MyApplication\entry\build\default\intermediates\process_profile\default\module.json' has been changed.
[2026-05-06T13:32:17.151] [DEBUG] debug-file - Incremental task entry:default@CompileResource pre-execution cost: 9 ms .
[2026-05-06T13:32:17.152] [DEBUG] debug-file - Use tool [E:\devecostudio-windows-6.1.0.830\DevEco Studio\sdk\default\openharmony\toolchains\restool.exe]
 [
  'E:\\devecostudio-windows-6.1.0.830\\DevEco Studio\\sdk\\default\\openharmony\\toolchains\\restool.exe',
  '-l',
  'E:\\application\\DevEcoStudioProjects\\MyApplication\\entry\\build\\default\\intermediates\\res\\default\\resConfig.json'
]
[2026-05-06T13:32:17.153] [DEBUG] debug-file - current process  memoryUsage: {
  rss: 484098048,
  heapTotal: 133021696,
  heapUsed: 124987568,
  external: 3212033,
  arrayBuffers: 171624
} os memoryUsage :9.529193878173828
[2026-05-06T13:32:17.256] [DEBUG] debug-file - Info: Pack: normal pack mode

[2026-05-06T13:32:17.315] [DEBUG] debug-file - Info: hardware concurrency count is : 12
Info: thread count is : 12

[2026-05-06T13:32:17.315] [DEBUG] debug-file - Info: thread pool is started

[2026-05-06T13:32:17.316] [DEBUG] debug-file - Info: GenericCompiler::CompileFiles

[2026-05-06T13:32:17.320] [DEBUG] debug-file - Info: GenericCompiler::CompileFiles

[2026-05-06T13:32:17.320] [DEBUG] debug-file - Warning: 'E:\application\DevEcoStudioProjects\MyApplication\entry\src\main\resources\base\media\background.png' is defined repeatedly.
Warning: 'E:\application\DevEcoStudioProjects\MyApplication\entry\src\main\resources\base\media\foreground.png' is defined repeatedly.
Warning: 'E:\application\DevEcoStudioProjects\MyApplication\entry\src\main\resources\base\media\layered_image.json' is defined repeatedly.

[2026-05-06T13:32:17.323] [DEBUG] debug-file - Info: GenericCompiler::CompileFiles

[2026-05-06T13:32:17.328] [DEBUG] debug-file - 05-06 13:32:17.328  7436  1604 E C01400/ImageTranscoderUtils: DecodeToRGBA IN
05-06 13:32:17.328  7436  1604 E C01400/ImageTranscoderUtils: ImageFilter IN E:\application\DevEcoStudioProjects\MyApplication\AppScope\resources\base\media\background.png

[2026-05-06T13:32:17.364] [DEBUG] debug-file - 05-06 13:32:17.363  7436  1604 E C01400/ImageTranscoderUtils: DecodeToRGBA IN
05-06 13:32:17.363  7436  1604 E C01400/ImageTranscoderUtils: ImageFilter IN E:\application\DevEcoStudioProjects\MyApplication\AppScope\resources\base\media\foreground.png

[2026-05-06T13:32:17.396] [DEBUG] debug-file - Info: can't scale media json file.

[2026-05-06T13:32:17.396] [DEBUG] debug-file - 05-06 13:32:17.396  7436  1604 E C01400/ImageTranscoderUtils: DecodeToRGBA IN
05-06 13:32:17.396  7436  1604 E C01400/ImageTranscoderUtils: ImageFilter IN E:\application\DevEcoStudioProjects\MyApplication\entry\src\main\resources\base\media\1776133767.png

[2026-05-06T13:32:17.447] [DEBUG] debug-file - Warning: The width or height of the png file referenced by the icon exceeds the limit (41 pixels)
at E:\application\DevEcoStudioProjects\MyApplication\AppScope\resources\base\media\background.png

[2026-05-06T13:32:17.447] [DEBUG] debug-file - Warning: The width or height of the png file referenced by the icon exceeds the limit (41 pixels)
at E:\application\DevEcoStudioProjects\MyApplication\AppScope\resources\base\media\foreground.png
Warning: E:\application\DevEcoStudioProjects\MyApplication\AppScope\resources\base\media\layered_image.json is not png format

[2026-05-06T13:32:17.448] [DEBUG] debug-file - Info: restool resources compile success.

[2026-05-06T13:32:17.449] [DEBUG] debug-file - Info: thread pool is stopped

[2026-05-06T13:32:17.515] [DEBUG] debug-file - entry : default@CompileResource cost memory -0.8803939819335938
[2026-05-06T13:32:17.515] [DEBUG] debug-file - runTaskFromQueue task cost before running: 666 ms 
[2026-05-06T13:32:17.516] [INFO] debug-file - Finished :entry:default@CompileResource... after 375 ms 
[2026-05-06T13:32:17.517] [DEBUG] debug-file - Executing task :entry:default@DoNativeStrip
[2026-05-06T13:32:17.517] [DEBUG] debug-file - File: 'E:\application\DevEcoStudioProjects\MyApplication\entry\build\default\intermediates\binxo\default' from 'doBinxoNativeLibs' is not exists, just ignore.
[2026-05-06T13:32:17.518] [DEBUG] debug-file - Task 'entry:default@DoNativeStrip' cost while wrapping incremental declarations: 1 ms 
[2026-05-06T13:32:17.519] [DEBUG] debug-file - Incremental task entry:default@DoNativeStrip pre-execution cost: 1 ms .
[2026-05-06T13:32:17.519] [DEBUG] debug-file - entry : default@DoNativeStrip cost memory 0.09329986572265625
[2026-05-06T13:32:17.519] [INFO] debug-file - UP-TO-DATE :entry:default@DoNativeStrip...  
[2026-05-06T13:32:17.520] [DEBUG] debug-file - Executing task :entry:default@CompileArkTS
[2026-05-06T13:32:17.520] [DEBUG] debug-file - obfuscationOptions: undefined
[2026-05-06T13:32:17.521] [DEBUG] debug-file - Task 'entry:default@CompileArkTS' cost while wrapping incremental declarations: 1 ms 
[2026-05-06T13:32:17.527] [DEBUG] debug-file - entry:default@CompileArkTS is not up-to-date, since the input file 'E:\application\DevEcoStudioProjects\MyApplication\entry\build\default\intermediates\res\default\ResourceTable.txt' has been changed.
[2026-05-06T13:32:17.527] [DEBUG] debug-file - Incremental task entry:default@CompileArkTS pre-execution cost: 5 ms .
[2026-05-06T13:32:17.539] [DEBUG] debug-file - build config:
[2026-05-06T13:32:17.539] [DEBUG] debug-file - {
  moduleType: 'entry',
  perf: 0,
  targetName: '.default',
  packageManagerType: 'ohpm',
  localPropertiesPath: 'E:\\application\\DevEcoStudioProjects\\MyApplication\\local.properties',
  isPreview: false,
  isOhosTest: false,
  isLocalTest: false,
  buildMode: 'Debug',
  hotReloadBuild: undefined,
  watchMode: 'false',
  aceProfilePath: 'E:\\application\\DevEcoStudioProjects\\MyApplication\\entry\\build\\default\\intermediates\\res\\default\\resources\\base\\profile',
  etsLoaderPath: 'E:\\devecostudio-windows-6.1.0.830\\DevEco Studio\\sdk\\default\\openharmony\\ets\\build-tools\\ets-loader',
  modulePath: 'E:\\application\\DevEcoStudioProjects\\MyApplication\\entry',
  testFrameworkPar: {
    testMode: undefined,
    coveragePathFilter: undefined,
    coverageMode: undefined
  },
  needCoverageInsert: false,
  debugLine: false,
  projectTopDir: 'E:\\application\\DevEcoStudioProjects\\MyApplication',
  compileSdkVersion: 23,
  compatibleSdkVersion: 22,
  originCompatibleSdkVersion: '6.0.2(22)',
  compatibleSdkVersionStage: undefined,
  bundleName: 'c***n',
  etsLoaderVersion: '6.1.0.105',
  etsLoaderReleaseType: 'Release',
  aotCompileMode: 'type',
  apPath: 'E:\\application\\DevEcoStudioProjects\\MyApplication\\entry\\modules.ap',
  entryModuleName: 'entry',
  entryModuleVersion: '1.0.0',
  entryPackageName: 'entry',
  allModuleNameHash: 'be72bfb482d6518e517e7ec5417304132c4f2554630c9cf092ee785b5e3b783a',
  externalApiPaths: [
    'E:\\devecostudio-windows-6.1.0.830\\DevEco Studio\\sdk\\default\\hms\\ets'
  ],
  compilerTypes: [],
  isCrossplatform: false,
  hvigorPluginFile: undefined,
  compilePluginPath: undefined,
  buildGeneratedProfilePath: 'E:\\application\\DevEcoStudioProjects\\MyApplication\\entry\\build\\default\\generated\\profile\\default',
  bundleType: 'app',
  arkTSVersion: undefined,
  apiVersion: 23,
  needCompleteSourcesMap: false,
  isFaMode: false,
  buildDir: 'E:\\application\\DevEcoStudioProjects\\MyApplication\\entry\\build',
  deviceTypes: [ 'phone' ],
  pkgContextInfo: {
    '@ohos/hypium': {
      packageName: '@ohos/hypium',
      bundleName: '*****',
      moduleName: '',
      version: '1.0.25',
      entryPath: 'index.js',
      isSO: false,
      dependencyAlias: ''
    },
    '@ohos/hamock': {
      packageName: '@ohos/hamock',
      bundleName: '*****',
      moduleName: '',
      version: '1.0.0',
      entryPath: 'index.ets',
      isSO: false,
      dependencyAlias: ''
    },
    entry: {
      packageName: 'entry',
      bundleName: '*****',
      moduleName: '',
      version: '',
      entryPath: 'src/main/',
      isSO: false,
      dependencyAlias: ''
    }
  },
  ohPackagePathMap: {},
  dependencyAliasMap: {},
  permission: {
    requestPermissions: [ [Object], [Object] ],
    definePermissions: undefined
  },
  useGetCurrentBundleName: false,
  projectArkOption: undefined,
  sourceMapDir: undefined,
  branchElimination: false,
  transformLib: undefined,
  tsImportSendable: false,
  resolveConflictMode: true,
  depName2RootPath: {},
  depName2DepInfo: {},
  depName2OhExports: {},
  rootPathSet: [ 'E:\\application\\DevEcoStudioProjects\\MyApplication' ],
  useNativeResolver: true,
  shouldEmitJs: true,
  useTscResolve: false,
  singleFileEmit: false,
  userProjectConfig: {
    autoLazyImport: false,
    allowEmptyBundleName: false,
    reExportCheckMode: 'noCheck',
    executionMode: 'memory',
    usePathPlaceholder: false,
    writeRollupCache: true,
    isExpandImportEnabled: false,
    expandImportExclude: '',
    lazyImportExclude: '',
    lazyImportInclude: '',
    ignoreCrossplatformCheck: false,
    isHarDeduplicateEnabled: false,
    skipOhModulesLint: false,
    enableStrictCheckOHModule: false,
    disableSendableCheckRules: [],
    useDeclarationFileSignature: false,
    customizedOptions: undefined,
    integratedHsp: false,
    isPreloadSoEnabled: false
  },
  executionMode: 'memory',
  arkCompileCachePath: 'E:\\application\\DevEcoStudioProjects\\MyApplication\\entry\\build\\default\\cache\\default\\default@CompileArkTS\\esmodule',
  autoLazyFilter: undefined,
  isHarDeduplicateEnabled: false,
  intermediateHarDuplicateDirPath: 'E:\\application\\DevEcoStudioProjects\\MyApplication\\entry\\build\\default\\intermediates\\har_duplicate\\default',
  autoLazyImport: false,
  allowEmptyBundleName: false,
  reExportCheckMode: 'noCheck',
  usePathPlaceholder: false,
  writeRollupCache: true,
  isExpandImportEnabled: false,
  expandImportExclude: '',
  lazyImportExclude: '',
  lazyImportInclude: '',
  ignoreCrossplatformCheck: false,
  skipOhModulesLint: false,
  enableStrictCheckOHModule: false,
  disableSendableCheckRules: [],
  useDeclarationFileSignature: false,
  customizedOptions: undefined,
  integratedHsp: false,
  isPreloadSoEnabled: false,
  strictMode: {
    caseSensitiveCheck: true,
    useNormalizedOHMUrl: true,
    noExternalImportByPath: true
  },
  useNormalizedOHMUrl: true,
  caseSensitiveCheck: true,
  aceModuleJsonPath: 'E:\\application\\DevEcoStudioProjects\\MyApplication\\entry\\build\\default\\intermediates\\res\\default\\ark_module.json',
  appResource: 'E:\\application\\DevEcoStudioProjects\\MyApplication\\entry\\build\\default\\intermediates\\res\\default\\ResourceTable.txt',
  rawFileResource: 'E:\\application\\DevEcoStudioProjects\\MyApplication\\entry\\build\\default\\intermediates\\res\\default\\resources\\rawfile',
  resourceTableHash: '9af7190f6df5c7eb887f4c1c982595b887ab5bc71e7fbb5c467cca60ead73d7b',
  runtimeOS: 'HarmonyOS',
  sdkInfo: 'false:23:6.1.0.105:Release',
  aceModuleRoot: 'E:\\application\\DevEcoStudioProjects\\MyApplication\\entry\\src\\main\\ets',
  compileMode: 'esmodule',
  aceSuperVisualPath: 'E:\\application\\DevEcoStudioProjects\\MyApplication\\entry\\src\\main\\supervisual',
  aceBuildJson: 'E:\\application\\DevEcoStudioProjects\\MyApplication\\entry\\build\\default\\intermediates\\loader\\default\\loader.json',
  cachePath: 'E:\\application\\DevEcoStudioProjects\\MyApplication\\entry\\build\\default\\cache\\default\\default@CompileArkTS\\esmodule\\debug',
  aceModuleBuild: 'E:\\application\\DevEcoStudioProjects\\MyApplication\\entry\\build\\default\\intermediates\\loader_out\\default\\ets',
  supportChunks: true,
  declaredFilesPath: undefined,
  shouldCollectDirectImportees: false,
  isByteCodeHarOptimize: false,
  expandImportPath: undefined,
  resourceTableTs: 'E:\\application\\DevEcoStudioProjects\\MyApplication\\entry\\build\\default\\generated\\r\\default\\ResourceTable.ts',
  moduleMetaInfoFiles: [
    {
      filePath: 'E:\\application\\DevEcoStudioProjects\\MyApplication\\entry\\build\\default\\generated\\r\\default\\ResourceTable.ts',
      ohmurl: '&entry/build/generated/r/ResourceTable&'
    }
  ],
  pkgNameToPkgBriefInfo: {
    entry: {
      pkgRoot: 'E:\\application\\DevEcoStudioProjects\\MyApplication\\entry',
      originalSourceRoots: undefined,
      sourceRoots: [Array],
      pkgName: 'entry'
    }
  },
  projectModel: {
    'E:\\application\\DevEcoStudioProjects\\MyApplication\\entry\\src\\main': {
      moduleName: 'entry',
      modulePkgPath: 'E:\\application\\DevEcoStudioProjects\\MyApplication\\entry',
      belongProjectPath: 'E:\\application\\DevEcoStudioProjects\\MyApplication'
    },
    'E:\\application\\DevEcoStudioProjects\\MyApplication\\entry\\.test\\default\\intermediates\\src\\ohosTest\\ets': {
      moduleName: 'entry_test',
      modulePkgPath: 'E:\\application\\DevEcoStudioProjects\\MyApplication\\entry',
      belongProjectPath: 'E:\\application\\DevEcoStudioProjects\\MyApplication'
    },
    'E:\\application\\DevEcoStudioProjects\\MyApplication\\entry\\src\\ohosTest': {
      moduleName: 'entry_test',
      modulePkgPath: 'E:\\application\\DevEcoStudioProjects\\MyApplication\\entry',
      belongProjectPath: 'E:\\application\\DevEcoStudioProjects\\MyApplication'
    },
    'E:\\application\\DevEcoStudioProjects\\MyApplication\\entry': {
      moduleName: 'entry',
      modulePkgPath: 'E:\\application\\DevEcoStudioProjects\\MyApplication\\entry',
      belongProjectPath: 'E:\\application\\DevEcoStudioProjects\\MyApplication'
    },
    'E:\\application\\DevEcoStudioProjects\\MyApplication': {
      moduleName: 'MyApplication',
      modulePkgPath: 'E:\\application\\DevEcoStudioProjects\\MyApplication',
      belongProjectPath: 'E:\\application\\DevEcoStudioProjects\\MyApplication'
    }
  },
  pkgJsonFileHash: '51d64e81dfd2c2b1510402f176a80cb91064226cf8f0312ad329a01d10cc239d',
  allModulePaths: [ 'E:\\application\\DevEcoStudioProjects\\MyApplication\\entry' ],
  routerMap: {},
  obfuscationOptions: undefined,
  byteCodeHarToDependencyKeys: undefined,
  compileBlockPkg: [],
  mockParams: {
    decorator: '@MockSetup',
    packageName: '@ohos/hamock',
    etsSourceRootPath: 'src/main/ets',
    mockConfigPath: 'E:\\application\\DevEcoStudioProjects\\MyApplication\\entry\\src\\mock\\mock-config.json5',
    mockConfigKey2ModuleInfo: {},
    source2ModuleIdMap: {}
  },
  copyCodeResourceEnable: false,
  copyCodeResourceExcludes: [],
  copyCodeResourceIncludes: undefined,
  uiTransformOptimization: false,
  sdkPath: 'E:/devecostudio-windows-6.1.0.830/DevEco Studio/sdk',
  needPreloadSoFileSet: {},
  preloadSoFilePath: 'E:\\application\\DevEcoStudioProjects\\MyApplication\\entry\\build\\default\\intermediates\\preload\\default\\preload.json',
  useSourceHash: false,
  localModuleParamMap: {},
  otherPaths: {
    'entry/*': [
      '..\\*',
      '..\\..\\..\\build\\default\\generated\\profile\\default\\*'
    ]
  },
  collectImportersConfig: undefined
}
[2026-05-06T13:32:17.539] [DEBUG] debug-file - Compile arkts with external api path: E:\devecostudio-windows-6.1.0.830\DevEco Studio\sdk\default\hms\ets
[2026-05-06T13:32:17.540] [DEBUG] debug-file - default@CompileArkTS work[2] is submitted.
[2026-05-06T13:32:17.540] [DEBUG] debug-file - default@CompileArkTS work[2] is pushed to ready queue.
[2026-05-06T13:32:17.540] [DEBUG] debug-file - A work dispatched to worker[11] failed because unable to get work from ready queue.
[2026-05-06T13:32:17.540] [DEBUG] debug-file - A work dispatched to worker[10] failed because unable to get work from ready queue.
[2026-05-06T13:32:17.540] [DEBUG] debug-file - A work dispatched to worker[9] failed because unable to get work from ready queue.
[2026-05-06T13:32:17.540] [DEBUG] debug-file - A work dispatched to worker[8] failed because unable to get work from ready queue.
[2026-05-06T13:32:17.540] [DEBUG] debug-file - A work dispatched to worker[7] failed because unable to get work from ready queue.
[2026-05-06T13:32:17.540] [DEBUG] debug-file - A work dispatched to worker[6] failed because unable to get work from ready queue.
[2026-05-06T13:32:17.540] [DEBUG] debug-file - A work dispatched to worker[5] failed because unable to get work from ready queue.
[2026-05-06T13:32:17.540] [DEBUG] debug-file - default@CompileArkTS work[2] has been dispatched to worker[4].
[2026-05-06T13:32:17.540] [DEBUG] debug-file - default@CompileArkTS work[2] is dispatched.
[2026-05-06T13:32:17.540] [DEBUG] debug-file - entry : default@CompileArkTS cost memory -0.367828369140625
[2026-05-06T13:32:17.542] [DEBUG] debug-file - Executing task :entry:default@BuildJS
[2026-05-06T13:32:17.542] [DEBUG] debug-file - Task 'entry:default@BuildJS' cost while wrapping incremental declarations: 1 ms 
[2026-05-06T13:32:17.544] [DEBUG] debug-file - entry : default@BuildJS cost memory 0.16208648681640625
[2026-05-06T13:32:17.545] [DEBUG] debug-file - runTaskFromQueue task cost before running: 695 ms 
[2026-05-06T13:32:17.545] [INFO] debug-file - Finished :entry:default@BuildJS... after 3 ms 
[2026-05-06T13:32:17.546] [DEBUG] debug-file - Executing task :entry:default@CacheNativeLibs
[2026-05-06T13:32:17.546] [DEBUG] debug-file - File: 'E:\application\DevEcoStudioProjects\MyApplication\entry\build\default\intermediates\binxo\default' from 'cacheBinxoNativeLibs' is not exists, just ignore.
[2026-05-06T13:32:17.546] [DEBUG] debug-file - Task 'entry:default@CacheNativeLibs' cost while wrapping incremental declarations: 1 ms 
[2026-05-06T13:32:17.548] [DEBUG] debug-file - Incremental task entry:default@CacheNativeLibs pre-execution cost: 2 ms .
[2026-05-06T13:32:17.548] [DEBUG] debug-file - entry : default@CacheNativeLibs cost memory 0.12183380126953125
[2026-05-06T13:32:17.548] [INFO] debug-file - UP-TO-DATE :entry:default@CacheNativeLibs...  
[2026-05-06T13:32:18.055] [WARN] debug-file - [33mWARN: [33m[33mArkTS:WARN File: E:/application/DevEcoStudioProjects/MyApplication/entry/src/main/ets/pages/ImportPage.ets:138:44
 'getContext' has been deprecated.
[39m[39m
[33mWARN: [33m[33mArkTS:WARN File: E:/application/DevEcoStudioProjects/MyApplication/entry/src/main/ets/pages/ImportPage.ets:720:20
 'showToast' has been deprecated.
[39m[39m
[33mWARN: [33m[33mArkTS:WARN File: E:/application/DevEcoStudioProjects/MyApplication/entry/src/main/ets/pages/PasswordGenerator.ets:37:44
 'getContext' has been deprecated.
[39m[39m
[33mWARN: [33m[33mArkTS:WARN File: E:/application/DevEcoStudioProjects/MyApplication/entry/src/main/ets/pages/PasswordGenerator.ets:40:25
 'getParams' has been deprecated.
[39m[39m
[33mWARN: [33m[33mArkTS:WARN File: E:/application/DevEcoStudioProjects/MyApplication/entry/src/main/ets/pages/PasswordGenerator.ets:102:56
 'createPlainTextData' has been deprecated.
[39m[39m
[33mWARN: [33m[33mArkTS:WARN File: E:/application/DevEcoStudioProjects/MyApplication/entry/src/main/ets/pages/PasswordGenerator.ets:187:20
 'showToast' has been deprecated.
[39m[39m
[33mWARN: [33m[33mArkTS:WARN File: E:/application/DevEcoStudioProjects/MyApplication/entry/src/main/ets/pages/PasswordGenerator.ets:197:5
 Function may throw exceptions. Special handling is required.
[39m[39m
[33mWARN: [33m[33mArkTS:WARN File: E:/application/DevEcoStudioProjects/MyApplication/entry/src/main/ets/pages/PasswordGenerator.ets:197:12
 'pushUrl' has been deprecated.
[39m[39m
[33mWARN: [33m[33mArkTS:WARN File: E:/application/DevEcoStudioProjects/MyApplication/entry/src/main/ets/pages/PasswordGenerator.ets:201:5
 Function may throw exceptions. Special handling is required.
[39m[39m
[33mWARN: [33m[33mArkTS:WARN File: E:/application/DevEcoStudioProjects/MyApplication/entry/src/main/ets/pages/PasswordGenerator.ets:201:12
 'pushUrl' has been deprecated.
[39m[39m
[33mWARN: [33m[33mArkTS:WARN File: E:/application/DevEcoStudioProjects/MyApplication/entry/src/main/ets/pages/PasswordListPage.ets:32:12
 'pushUrl' has been deprecated.
[39m[39m
[33mWARN: [33m[33mArkTS:WARN File: E:/application/DevEcoStudioProjects/MyApplication/entry/src/main/ets/pages/PasswordListPage.ets:42:44
 'getContext' has been deprecated.
[39m[39m
[33mWARN: [33m[33mArkTS:WARN File: E:/application/DevEcoStudioProjects/MyApplication/entry/src/main/ets/pages/PasswordListPage.ets:142:5
 Function may throw exceptions. Special handling is required.
[39m[39m
[33mWARN: [33m[33mArkTS:WARN File: E:/application/DevEcoStudioProjects/MyApplication/entry/src/main/ets/pages/PasswordListPage.ets:142:18
 'showDialog' has been deprecated.
[39m[39m
[33mWARN: [33m[33mArkTS:WARN File: E:/application/DevEcoStudioProjects/MyApplication/entry/src/main/ets/pages/PasswordListPage.ets:195:5
 Function may throw exceptions. Special handling is required.
[39m[39m
[33mWARN: [33m[33mArkTS:WARN File: E:/application/DevEcoStudioProjects/MyApplication/entry/src/main/ets/pages/PasswordListPage.ets:195:18
 'showDialog' has been deprecated.
[39m[39m
[33mWARN: [33m[33mArkTS:WARN File: E:/application/DevEcoStudioProjects/MyApplication/entry/src/main/ets/pages/PasswordListPage.ets:229:56
 'createPlainTextData' has been deprecated.
[39m[39m
[33mWARN: [33m[33mArkTS:WARN File: E:/application/DevEcoStudioProjects/MyApplication/entry/src/main/ets/pages/PasswordListPage.ets:267:5
 Function may throw exceptions. Special handling is required.
[39m[39m
[33mWARN: [33m[33mArkTS:WARN File: E:/application/DevEcoStudioProjects/MyApplication/entry/src/main/ets/pages/PasswordListPage.ets:267:18
 'showToast' has been deprecated.
[39m[39m

[2026-05-06T13:32:18.055] [DEBUG] debug-file - Ark compile task finished.finished time is 687907172974400
[2026-05-06T13:32:18.055] [DEBUG] debug-file - worker[4] has one work done.
[2026-05-06T13:32:18.056] [DEBUG] debug-file - default@CompileArkTS work[2] done.
[2026-05-06T13:32:18.059] [INFO] debug-file - Finished :entry:default@CompileArkTS... after 534 ms 
[2026-05-06T13:32:18.060] [DEBUG] debug-file - Executing task :entry:default@GeneratePkgModuleJson
[2026-05-06T13:32:18.060] [DEBUG] debug-file - File: 'E:\application\DevEcoStudioProjects\MyApplication\entry\build\default\intermediates\preload\default\preload.json' from 'preloadSoJsonPath' is not exists, just ignore.
[2026-05-06T13:32:18.060] [DEBUG] debug-file - Error occurs while handling @Input 'shouldDeduplicateHar': The "data" argument must be of type string or an instance of Buffer, TypedArray, or DataView. Received undefined
[2026-05-06T13:32:18.061] [DEBUG] debug-file - Task 'entry:default@GeneratePkgModuleJson' cost while wrapping incremental declarations: 1 ms 
[2026-05-06T13:32:18.061] [DEBUG] debug-file - entry:default@GeneratePkgModuleJson is not up-to-date, since the input file 'E:\application\DevEcoStudioProjects\MyApplication\entry\build\default\intermediates\res\default\module.json' has been changed.
[2026-05-06T13:32:18.061] [DEBUG] debug-file - Incremental task entry:default@GeneratePkgModuleJson pre-execution cost: 1 ms .
[2026-05-06T13:32:18.063] [DEBUG] debug-file - entry : default@GeneratePkgModuleJson cost memory 0.18831634521484375
[2026-05-06T13:32:18.063] [DEBUG] debug-file - runTaskFromQueue task cost before running: 1 s 214 ms 
[2026-05-06T13:32:18.063] [INFO] debug-file - Finished :entry:default@GeneratePkgModuleJson... after 3 ms 
[2026-05-06T13:32:18.064] [DEBUG] debug-file - Executing task :entry:default@ProcessCompiledResources
[2026-05-06T13:32:18.064] [DEBUG] debug-file - File: 'E:\application\DevEcoStudioProjects\MyApplication\entry\build\default\intermediates\preload\default\preload.json' from 'preloadSoJsonPath' is not exists, just ignore.
[2026-05-06T13:32:18.064] [DEBUG] debug-file - Task 'entry:default@ProcessCompiledResources' cost while wrapping incremental declarations: 1 ms 
[2026-05-06T13:32:18.064] [DEBUG] debug-file - entry : default@ProcessCompiledResources cost memory 0.05902099609375
[2026-05-06T13:32:18.065] [DEBUG] debug-file - runTaskFromQueue task cost before running: 1 s 215 ms 
[2026-05-06T13:32:18.065] [INFO] debug-file - Finished :entry:default@ProcessCompiledResources... after 1 ms 
[2026-05-06T13:32:18.067] [DEBUG] debug-file - Executing task :entry:default@PackageHap
[2026-05-06T13:32:18.070] [DEBUG] debug-file - entry:default@PackageHap is not up-to-date, since the input file 'E:\application\DevEcoStudioProjects\MyApplication\entry\build\default\intermediates\res\default\module.json' has been changed.
[2026-05-06T13:32:18.070] [DEBUG] debug-file - Incremental task entry:default@PackageHap pre-execution cost: 2 ms .
[2026-05-06T13:32:18.070] [DEBUG] debug-file - Use tool [E:\devecostudio-windows-6.1.0.830\DevEco Studio\sdk\default\openharmony\toolchains\lib\app_packing_tool.jar]
 [
  'java',
  '-Dfile.encoding=GBK',
  '-jar',
  'E:\\devecostudio-windows-6.1.0.830\\DevEco Studio\\sdk\\default\\openharmony\\toolchains\\lib\\app_packing_tool.jar',
  '--mode',
  'hap',
  '--force',
  'true',
  '--lib-path',
  'E:\\application\\DevEcoStudioProjects\\MyApplication\\entry\\build\\default\\intermediates\\stripped_native_libs\\default',
  '--json-path',
  'E:\\application\\DevEcoStudioProjects\\MyApplication\\entry\\build\\default\\intermediates\\package\\default\\module.json',
  '--resources-path',
  'E:\\application\\DevEcoStudioProjects\\MyApplication\\entry\\build\\default\\intermediates\\res\\default\\resources',
  '--index-path',
  'E:\\application\\DevEcoStudioProjects\\MyApplication\\entry\\build\\default\\intermediates\\res\\default\\resources.index',
  '--pack-info-path',
  'E:\\application\\DevEcoStudioProjects\\MyApplication\\entry\\build\\default\\outputs\\default\\pack.info',
  '--out-path',
  'E:\\application\\DevEcoStudioProjects\\MyApplication\\entry\\build\\default\\outputs\\default\\entry-default-unsigned.hap',
  '--ets-path',
  'E:\\application\\DevEcoStudioProjects\\MyApplication\\entry\\build\\default\\intermediates\\loader_out\\default\\ets',
  '--pkg-context-path',
  'E:\\application\\DevEcoStudioProjects\\MyApplication\\entry\\build\\default\\intermediates\\loader\\default\\pkgContextInfo.json'
]
[2026-05-06T13:32:18.071] [DEBUG] debug-file - default@PackageHap work[3] is submitted.
[2026-05-06T13:32:18.071] [DEBUG] debug-file - default@PackageHap work[3] is pushed to ready queue.
[2026-05-06T13:32:18.071] [DEBUG] debug-file - A work dispatched to worker[11] failed because unable to get work from ready queue.
[2026-05-06T13:32:18.071] [DEBUG] debug-file - Create  resident worker with id: 10.
[2026-05-06T13:32:18.072] [DEBUG] debug-file - default@PackageHap work[3] has been dispatched to worker[10].
[2026-05-06T13:32:18.072] [DEBUG] debug-file - default@PackageHap work[3] is dispatched.
[2026-05-06T13:32:18.074] [DEBUG] debug-file - entry : default@PackageHap cost memory 0.49127197265625
[2026-05-06T13:32:19.207] [DEBUG] debug-file - current process  memoryUsage: {
  rss: 571056128,
  heapTotal: 81297408,
  heapUsed: 52188592,
  external: 2365469,
  arrayBuffers: 123792
} os memoryUsage :9.631637573242188
[2026-05-06T13:32:19.609] [DEBUG] debug-file - worker[10] has one work done.
[2026-05-06T13:32:19.609] [DEBUG] debug-file - default@PackageHap work[3] done.
[2026-05-06T13:32:19.609] [DEBUG] debug-file - A work dispatched to worker[10] failed because unable to get work from ready queue.
[2026-05-06T13:32:19.610] [INFO] debug-file - Finished :entry:default@PackageHap... after 412 ms 
[2026-05-06T13:32:19.612] [DEBUG] debug-file - Executing task :entry:default@PackingCheck
[2026-05-06T13:32:19.616] [DEBUG] debug-file - entry : default@PackingCheck cost memory 0.39121246337890625
[2026-05-06T13:32:19.616] [DEBUG] debug-file - runTaskFromQueue task cost before running: 2 s 767 ms 
[2026-05-06T13:32:19.616] [INFO] debug-file - Finished :entry:default@PackingCheck... after 5 ms 
[2026-05-06T13:32:19.618] [DEBUG] debug-file - Executing task :entry:default@SignHap
[2026-05-06T13:32:19.650] [DEBUG] debug-file - java daemon socket received message:{"code":0,"message":"verify profile success"}
[2026-05-06T13:32:19.654] [DEBUG] debug-file - java daemon socket close code:1000 reason:close by user
[2026-05-06T13:32:19.818] [DEBUG] debug-file - java daemon socket received message:{"code":0,"message":"sign app success"}
[2026-05-06T13:32:19.819] [DEBUG] debug-file - entry : default@SignHap cost memory 0.5345993041992188
[2026-05-06T13:32:19.819] [DEBUG] debug-file - runTaskFromQueue task cost before running: 2 s 970 ms 
[2026-05-06T13:32:19.821] [INFO] debug-file - Finished :entry:default@SignHap... after 202 ms 
[2026-05-06T13:32:19.823] [DEBUG] debug-file - Executing task :entry:default@CollectDebugSymbol
[2026-05-06T13:32:19.824] [DEBUG] debug-file - entry : default@CollectDebugSymbol cost memory 0.09320831298828125
[2026-05-06T13:32:19.824] [DEBUG] debug-file - runTaskFromQueue task cost before running: 2 s 975 ms 
[2026-05-06T13:32:19.825] [INFO] debug-file - Finished :entry:default@CollectDebugSymbol... after 2 ms 
[2026-05-06T13:32:19.825] [DEBUG] debug-file - Executing task :entry:assembleHap
[2026-05-06T13:32:19.825] [DEBUG] debug-file - entry : assembleHap cost memory 0.012725830078125
[2026-05-06T13:32:19.826] [DEBUG] debug-file - runTaskFromQueue task cost before running: 2 s 976 ms 
[2026-05-06T13:32:19.826] [INFO] debug-file - Finished :entry:assembleHap... after 1 ms 
[2026-05-06T13:32:19.838] [INFO] debug-file - BUILD SUCCESSFUL in 2 s 988 ms 
[2026-05-06T13:32:19.840] [DEBUG] debug-file - Update task entry:default@PreBuild input file:E:\application\DevEcoStudioProjects\MyApplication\AppScope\app.json5 cache by regenerate.
[2026-05-06T13:32:19.840] [DEBUG] debug-file - Update task entry:default@PreBuild input file:E:\application\DevEcoStudioProjects\MyApplication\entry\src\main\module.json5 cache by regenerate.
[2026-05-06T13:32:19.840] [DEBUG] debug-file - Update task entry:default@PreBuild input file:E:\application\DevEcoStudioProjects\MyApplication\build-profile.json5 cache from map.
[2026-05-06T13:32:19.840] [DEBUG] debug-file - Update task entry:default@PreBuild input file:E:\application\DevEcoStudioProjects\MyApplication\entry\build-profile.json5 cache by regenerate.
[2026-05-06T13:32:19.841] [DEBUG] debug-file - Update task entry:default@PreBuild input file:E:\application\DevEcoStudioProjects\MyApplication\entry\src\main\resources\base\profile\main_pages.json cache by regenerate.
[2026-05-06T13:32:19.841] [DEBUG] debug-file - Update task entry:default@PreBuild input file:E:\application\DevEcoStudioProjects\MyApplication\hvigor\hvigor-config.json5 cache by regenerate.
[2026-05-06T13:32:19.841] [DEBUG] debug-file - Update task entry:default@PreBuild input file:E:\application\DevEcoStudioProjects\MyApplication\entry\src\mock\mock-config.json5 cache by regenerate.
[2026-05-06T13:32:19.842] [DEBUG] debug-file - Update task entry:default@PreBuild input file:E:\application\DevEcoStudioProjects\MyApplication\entry\oh-package.json5 cache by regenerate.
[2026-05-06T13:32:19.842] [DEBUG] debug-file - Update task entry:default@PreBuild input file:E:\application\DevEcoStudioProjects\MyApplication\oh-package.json5 cache by regenerate.
[2026-05-06T13:32:19.843] [DEBUG] debug-file - Incremental task entry:default@PreBuild post-execution cost:5 ms .
[2026-05-06T13:32:19.843] [DEBUG] debug-file - Update task entry:default@CreateModuleInfo output file:E:\application\DevEcoStudioProjects\MyApplication\entry\build\default\generated\profile\default\ModuleInfo.ts cache.
[2026-05-06T13:32:19.843] [DEBUG] debug-file - Incremental task entry:default@CreateModuleInfo post-execution cost:1 ms .
[2026-05-06T13:32:19.843] [DEBUG] debug-file - There is no need to refresh cache, since the incremental task entry:default@GenerateMetadata is up-to-date.
[2026-05-06T13:32:19.843] [DEBUG] debug-file - Update task entry:default@MergeProfile input file:E:\application\DevEcoStudioProjects\MyApplication\AppScope\app.json5 cache by regenerate.
[2026-05-06T13:32:19.844] [DEBUG] debug-file - Update task entry:default@MergeProfile input file:E:\application\DevEcoStudioProjects\MyApplication\build-profile.json5 cache from map.
[2026-05-06T13:32:19.844] [DEBUG] debug-file - Update task entry:default@MergeProfile input file:E:\application\DevEcoStudioProjects\MyApplication\entry\src\main\module.json5 cache by regenerate.
[2026-05-06T13:32:19.844] [DEBUG] debug-file - Update task entry:default@MergeProfile output file:E:\application\DevEcoStudioProjects\MyApplication\entry\build\default\intermediates\merge_profile\default\module.json cache.
[2026-05-06T13:32:19.844] [DEBUG] debug-file - Incremental task entry:default@MergeProfile post-execution cost:2 ms .
[2026-05-06T13:32:19.845] [DEBUG] debug-file - Update task entry:default@CreateBuildProfile input file:E:\application\DevEcoStudioProjects\MyApplication\AppScope\app.json5 cache by regenerate.
[2026-05-06T13:32:19.845] [DEBUG] debug-file - Update task entry:default@CreateBuildProfile input file:E:\application\DevEcoStudioProjects\MyApplication\build-profile.json5 cache from map.
[2026-05-06T13:32:19.845] [DEBUG] debug-file - Update task entry:default@CreateBuildProfile output file:E:\application\DevEcoStudioProjects\MyApplication\entry\build\default\generated\profile\default\BuildProfile.ets cache.
[2026-05-06T13:32:19.846] [DEBUG] debug-file - Incremental task entry:default@CreateBuildProfile post-execution cost:2 ms .
[2026-05-06T13:32:19.846] [DEBUG] debug-file - There is no need to refresh cache, since the incremental task entry:default@GeneratePkgContextInfo is up-to-date.
[2026-05-06T13:32:19.846] [DEBUG] debug-file - Update task entry:default@GeneratePkgSdkInfo output file:E:\application\DevEcoStudioProjects\MyApplication\entry\build\default\intermediates\loader\default\pkgSdkInfo.json cache.
[2026-05-06T13:32:19.846] [DEBUG] debug-file - Incremental task entry:default@GeneratePkgSdkInfo post-execution cost:1 ms .
[2026-05-06T13:32:19.846] [DEBUG] debug-file - Update task entry:default@ProcessIntegratedHsp output file:E:\application\DevEcoStudioProjects\MyApplication\build\cache\default\integrated_hsp\integratedHspCache.json cache.
[2026-05-06T13:32:19.846] [DEBUG] debug-file - Incremental task entry:default@ProcessIntegratedHsp post-execution cost:1 ms .
[2026-05-06T13:32:19.847] [DEBUG] debug-file - Update task entry:default@MakePackInfo input file:E:\application\DevEcoStudioProjects\MyApplication\AppScope\app.json5 cache by regenerate.
[2026-05-06T13:32:19.847] [DEBUG] debug-file - Update task entry:default@MakePackInfo input file:E:\application\DevEcoStudioProjects\MyApplication\entry\src\main\module.json5 cache by regenerate.
[2026-05-06T13:32:19.847] [DEBUG] debug-file - Update task entry:default@MakePackInfo input file:E:\application\DevEcoStudioProjects\MyApplication\build-profile.json5 cache from map.
[2026-05-06T13:32:19.847] [DEBUG] debug-file - Update task entry:default@MakePackInfo input file:E:\application\DevEcoStudioProjects\MyApplication\entry\src\main\resources\base\profile\backup_config.json cache by regenerate.
[2026-05-06T13:32:19.848] [DEBUG] debug-file - Update task entry:default@MakePackInfo output file:E:\application\DevEcoStudioProjects\MyApplication\entry\build\default\outputs\default\pack.info cache.
[2026-05-06T13:32:19.848] [DEBUG] debug-file - Incremental task entry:default@MakePackInfo post-execution cost:2 ms .
[2026-05-06T13:32:19.848] [DEBUG] debug-file - Update task entry:default@SyscapTransform input file:E:\devecostudio-windows-6.1.0.830\DevEco Studio\sdk\default\openharmony\toolchains\syscap_tool.exe cache by regenerate.
[2026-05-06T13:32:19.849] [DEBUG] debug-file - Update task entry:default@SyscapTransform input file:E:\devecostudio-windows-6.1.0.830\DevEco Studio\sdk\default\openharmony\ets\api\device-define cache by regenerate.
[2026-05-06T13:32:19.851] [DEBUG] debug-file - Update task entry:default@SyscapTransform output file:E:\application\DevEcoStudioProjects\MyApplication\entry\build\default\intermediates\syscap\default\rpcid.sc cache.
[2026-05-06T13:32:19.851] [DEBUG] debug-file - Incremental task entry:default@SyscapTransform post-execution cost:4 ms .
[2026-05-06T13:32:19.851] [DEBUG] debug-file - Update task entry:default@ProcessProfile input file:E:\application\DevEcoStudioProjects\MyApplication\entry\build\default\intermediates\merge_profile\default\module.json cache from map.
[2026-05-06T13:32:19.852] [DEBUG] debug-file - Update task entry:default@ProcessProfile output file:E:\application\DevEcoStudioProjects\MyApplication\entry\build\default\intermediates\process_profile\default\module.json cache.
[2026-05-06T13:32:19.852] [DEBUG] debug-file - Incremental task entry:default@ProcessProfile post-execution cost:1 ms .
[2026-05-06T13:32:19.852] [DEBUG] debug-file - There is no need to refresh cache, since the incremental task entry:default@ProcessRouterMap is up-to-date.
[2026-05-06T13:32:19.852] [DEBUG] debug-file - There is no need to refresh cache, since the incremental task entry:default@ProcessShareConfig is up-to-date.
[2026-05-06T13:32:19.852] [DEBUG] debug-file - Update task entry:default@ProcessStartupConfig input file:E:\application\DevEcoStudioProjects\MyApplication\entry\build\default\intermediates\loader\default\pkgContextInfo.json cache by regenerate.
[2026-05-06T13:32:19.853] [DEBUG] debug-file - Update task entry:default@ProcessStartupConfig output file:E:\application\DevEcoStudioProjects\MyApplication\entry\build\default\intermediates\startup\default\startup_config.json cache.
[2026-05-06T13:32:19.853] [DEBUG] debug-file - Incremental task entry:default@ProcessStartupConfig post-execution cost:1 ms .
[2026-05-06T13:32:19.853] [DEBUG] debug-file - There is no need to refresh cache, since the incremental task entry:default@ProcessResource is up-to-date.
[2026-05-06T13:32:19.853] [DEBUG] debug-file - There is no need to refresh cache, since the incremental task entry:default@GenerateLoaderJson is up-to-date.
[2026-05-06T13:32:19.853] [DEBUG] debug-file - Update task entry:default@ProcessLibs input file:E:\application\DevEcoStudioProjects\MyApplication\build-profile.json5 cache from map.
[2026-05-06T13:32:19.854] [DEBUG] debug-file - Update task entry:default@ProcessLibs input file:E:\application\DevEcoStudioProjects\MyApplication\entry\build-profile.json5 cache by regenerate.
[2026-05-06T13:32:19.854] [DEBUG] debug-file - Update task entry:default@ProcessLibs output file:E:\application\DevEcoStudioProjects\MyApplication\entry\build\default\intermediates\libs\default cache.
[2026-05-06T13:32:19.854] [DEBUG] debug-file - Incremental task entry:default@ProcessLibs post-execution cost:2 ms .
[2026-05-06T13:32:19.855] [DEBUG] debug-file - Update task entry:default@CompileResource input file:E:\application\DevEcoStudioProjects\MyApplication\entry\src\main\resources cache by regenerate.
[2026-05-06T13:32:19.861] [DEBUG] debug-file - Update task entry:default@CompileResource input file:E:\application\DevEcoStudioProjects\MyApplication\AppScope\resources cache by regenerate.
[2026-05-06T13:32:19.863] [DEBUG] debug-file - Update task entry:default@CompileResource input file:E:\application\DevEcoStudioProjects\MyApplication\entry\build\default\intermediates\process_profile\default\module.json cache from map.
[2026-05-06T13:32:19.863] [DEBUG] debug-file - Update task entry:default@CompileResource input file:E:\application\DevEcoStudioProjects\MyApplication\entry\build\default\intermediates\res\default\resConfig.json cache by regenerate.
[2026-05-06T13:32:19.863] [DEBUG] debug-file - Update task entry:default@CompileResource output file:E:\application\DevEcoStudioProjects\MyApplication\entry\build\default\intermediates\res\default cache.
[2026-05-06T13:32:19.870] [DEBUG] debug-file - Update task entry:default@CompileResource output file:E:\application\DevEcoStudioProjects\MyApplication\entry\build\default\generated\r\default\ResourceTable.h cache.
[2026-05-06T13:32:19.870] [DEBUG] debug-file - Update task entry:default@CompileResource output file:E:\application\DevEcoStudioProjects\MyApplication\entry\build\default\generated\r\default\ResourceTable.ts cache.
[2026-05-06T13:32:19.870] [DEBUG] debug-file - Update task entry:default@CompileResource output file:E:\application\DevEcoStudioProjects\MyApplication\entry\build\default\generated\r\default cache.
[2026-05-06T13:32:19.871] [DEBUG] debug-file - Incremental task entry:default@CompileResource post-execution cost:17 ms .
[2026-05-06T13:32:19.871] [DEBUG] debug-file - There is no need to refresh cache, since the incremental task entry:default@DoNativeStrip is up-to-date.
[2026-05-06T13:32:19.873] [DEBUG] debug-file - Update task entry:default@CompileArkTS input file:E:\application\DevEcoStudioProjects\MyApplication\entry\build\default\intermediates\loader\default cache by regenerate.
[2026-05-06T13:32:19.874] [DEBUG] debug-file - Update task entry:default@CompileArkTS input file:E:\application\DevEcoStudioProjects\MyApplication\entry\build\default\intermediates\res\default\resources\rawfile cache by regenerate.
[2026-05-06T13:32:19.874] [DEBUG] debug-file - Update task entry:default@CompileArkTS input file:E:\application\DevEcoStudioProjects\MyApplication\entry\build\default\intermediates\res\default\ResourceTable.txt cache from map.
[2026-05-06T13:32:19.874] [DEBUG] debug-file - Update task entry:default@CompileArkTS input file:E:\application\DevEcoStudioProjects\MyApplication\entry\build\default\intermediates\res\default\ark_module.json cache by regenerate.
[2026-05-06T13:32:19.874] [DEBUG] debug-file - Update task entry:default@CompileArkTS input file:E:\application\DevEcoStudioProjects\MyApplication\entry\build\default\intermediates\res\default\resources\base\profile cache by regenerate.
[2026-05-06T13:32:19.875] [DEBUG] debug-file - Update task entry:default@CompileArkTS input file:E:\application\DevEcoStudioProjects\MyApplication\entry\src\main\ets cache by regenerate.
[2026-05-06T13:32:19.879] [DEBUG] debug-file - Update task entry:default@CompileArkTS input file:E:\application\DevEcoStudioProjects\MyApplication\entry\build\default\intermediates\loader\default\pkgContextInfo.json cache by regenerate.
[2026-05-06T13:32:19.879] [DEBUG] debug-file - Update task entry:default@CompileArkTS input file:E:\application\DevEcoStudioProjects\MyApplication\entry\build\default\generated\profile\default\BuildProfile.ets cache by regenerate.
[2026-05-06T13:32:19.879] [DEBUG] debug-file - Update task entry:default@CompileArkTS input file:E:\application\DevEcoStudioProjects\MyApplication\entry\src\mock\mock-config.json5 cache by regenerate.
[2026-05-06T13:32:19.880] [DEBUG] debug-file - Update task entry:default@CompileArkTS output file:E:\application\DevEcoStudioProjects\MyApplication\entry\build\default\intermediates\loader_out\default\ets cache.
[2026-05-06T13:32:19.881] [DEBUG] debug-file - Incremental task entry:default@CompileArkTS post-execution cost:10 ms .
[2026-05-06T13:32:19.882] [DEBUG] debug-file - Update task entry:default@BuildJS input file:E:\application\DevEcoStudioProjects\MyApplication\entry\build\default\intermediates\loader\default cache by regenerate.
[2026-05-06T13:32:19.883] [DEBUG] debug-file - Update task entry:default@BuildJS input file:E:\application\DevEcoStudioProjects\MyApplication\entry\build\default\intermediates\res\default\resources\rawfile cache by regenerate.
[2026-05-06T13:32:19.883] [DEBUG] debug-file - Update task entry:default@BuildJS input file:E:\application\DevEcoStudioProjects\MyApplication\entry\build\default\intermediates\res\default\ResourceTable.txt cache by regenerate.
[2026-05-06T13:32:19.883] [DEBUG] debug-file - Update task entry:default@BuildJS input file:E:\application\DevEcoStudioProjects\MyApplication\entry\build\default\intermediates\res\default\ark_module.json cache by regenerate.
[2026-05-06T13:32:19.884] [DEBUG] debug-file - Update task entry:default@BuildJS input file:E:\application\DevEcoStudioProjects\MyApplication\entry\build\default\intermediates\res\default\resources\base\profile cache by regenerate.
[2026-05-06T13:32:19.884] [DEBUG] debug-file - Update task entry:default@BuildJS input file:E:\application\DevEcoStudioProjects\MyApplication\entry\build\default\intermediates\loader\default\pkgContextInfo.json cache by regenerate.
[2026-05-06T13:32:19.885] [DEBUG] debug-file - Update task entry:default@BuildJS output file:E:\application\DevEcoStudioProjects\MyApplication\entry\build\default\intermediates\loader_out\default\js cache.
[2026-05-06T13:32:19.885] [DEBUG] debug-file - Incremental task entry:default@BuildJS post-execution cost:5 ms .
[2026-05-06T13:32:19.885] [DEBUG] debug-file - There is no need to refresh cache, since the incremental task entry:default@CacheNativeLibs is up-to-date.
[2026-05-06T13:32:19.885] [DEBUG] debug-file - Update task entry:default@GeneratePkgModuleJson input file:E:\application\DevEcoStudioProjects\MyApplication\entry\build\default\intermediates\res\default\module.json cache from map.
[2026-05-06T13:32:19.885] [DEBUG] debug-file - Update task entry:default@GeneratePkgModuleJson output file:E:\application\DevEcoStudioProjects\MyApplication\entry\build\default\intermediates\package\default\module.json cache.
[2026-05-06T13:32:19.885] [DEBUG] debug-file - Incremental task entry:default@GeneratePkgModuleJson post-execution cost:1 ms .
[2026-05-06T13:32:19.885] [DEBUG] debug-file - Incremental task entry:default@ProcessCompiledResources post-execution cost:1 ms .
[2026-05-06T13:32:19.886] [DEBUG] debug-file - Update task entry:default@PackageHap input file:E:\application\DevEcoStudioProjects\MyApplication\entry\build\default\intermediates\stripped_native_libs\default cache by regenerate.
[2026-05-06T13:32:19.886] [DEBUG] debug-file - Update task entry:default@PackageHap input file:E:\application\DevEcoStudioProjects\MyApplication\entry\build\default\intermediates\res\default\module.json cache from map.
[2026-05-06T13:32:19.886] [DEBUG] debug-file - Update task entry:default@PackageHap input file:E:\application\DevEcoStudioProjects\MyApplication\entry\build\default\intermediates\res\default\resources cache by regenerate.
[2026-05-06T13:32:19.890] [DEBUG] debug-file - Update task entry:default@PackageHap input file:E:\application\DevEcoStudioProjects\MyApplication\entry\build\default\intermediates\res\default\resources.index cache by regenerate.
[2026-05-06T13:32:19.891] [DEBUG] debug-file - Update task entry:default@PackageHap input file:E:\application\DevEcoStudioProjects\MyApplication\entry\build\default\outputs\default\pack.info cache by regenerate.
[2026-05-06T13:32:19.891] [DEBUG] debug-file - Update task entry:default@PackageHap input file:E:\application\DevEcoStudioProjects\MyApplication\entry\build\default\intermediates\loader_out\default\ets cache by regenerate.
[2026-05-06T13:32:19.892] [DEBUG] debug-file - Update task entry:default@PackageHap input file:E:\application\DevEcoStudioProjects\MyApplication\entry\build\default\intermediates\loader\default\pkgContextInfo.json cache by regenerate.
[2026-05-06T13:32:19.892] [DEBUG] debug-file - Update task entry:default@PackageHap input file:E:\application\DevEcoStudioProjects\MyApplication\entry\build\default\intermediates\loader_out\default\ets\sourceMaps.map cache by regenerate.
[2026-05-06T13:32:19.892] [DEBUG] debug-file - Update task entry:default@PackageHap input file:E:\application\DevEcoStudioProjects\MyApplication\entry\build\default\generated\profile\default\BuildProfile.ets cache by regenerate.
[2026-05-06T13:32:19.893] [DEBUG] debug-file - Update task entry:default@PackageHap output file:E:\application\DevEcoStudioProjects\MyApplication\entry\build\default\outputs\default\entry-default-unsigned.hap cache.
[2026-05-06T13:32:19.893] [DEBUG] debug-file - Update task entry:default@PackageHap output file:E:\application\DevEcoStudioProjects\MyApplication\entry\build\default\intermediates\source_map\default\sourceMaps.map cache.
[2026-05-06T13:32:19.893] [DEBUG] debug-file - Update task entry:default@PackageHap output file:E:\application\DevEcoStudioProjects\MyApplication\entry\build\default\outputs\default\mapping\sourceMaps.map cache.
[2026-05-06T13:32:19.894] [DEBUG] debug-file - Incremental task entry:default@PackageHap post-execution cost:9 ms .
[2026-05-06T13:32:19.894] [DEBUG] debug-file - Update task entry:default@SignHap input file:E:/devecostudio-windows-6.1.0.830/SmartAlarm.cer cache by regenerate.
[2026-05-06T13:32:19.894] [DEBUG] debug-file - Update task entry:default@SignHap input file:C:/Users/jeremy/.ohos/config/default_MyApplication_Thr90GYvKW5Kq6vrUTl5jOZ4hWpT6CDZekCtJa4CR7k=.p7b cache by regenerate.
[2026-05-06T13:32:19.895] [DEBUG] debug-file - Update task entry:default@SignHap input file:E:/devecostudio-windows-6.1.0.830/smartalarm.p12 cache by regenerate.
[2026-05-06T13:32:19.895] [DEBUG] debug-file - Update task entry:default@SignHap input file:E:\application\DevEcoStudioProjects\MyApplication\entry\build\default\outputs\default\entry-default-unsigned.hap cache by regenerate.
[2026-05-06T13:32:19.895] [DEBUG] debug-file - Update task entry:default@SignHap output file:E:\application\DevEcoStudioProjects\MyApplication\entry\build\default\outputs\default\entry-default-signed.hap cache.
[2026-05-06T13:32:19.895] [DEBUG] debug-file - Incremental task entry:default@SignHap post-execution cost:2 ms .
[2026-05-06T13:32:19.896] [DEBUG] debug-file - Update task entry:default@CollectDebugSymbol input file:E:\application\DevEcoStudioProjects\MyApplication\entry\build\default\intermediates\loader_out\default\ets\sourceMaps.map cache by regenerate.
[2026-05-06T13:32:19.896] [DEBUG] debug-file - Update task entry:default@CollectDebugSymbol input file:E:\application\DevEcoStudioProjects\MyApplication\entry\build\default\intermediates\libs\default cache by regenerate.
[2026-05-06T13:32:19.897] [DEBUG] debug-file - Update task entry:default@CollectDebugSymbol output file:E:\application\DevEcoStudioProjects\MyApplication\entry\build\default\outputs\default\symbol cache.
[2026-05-06T13:32:19.897] [DEBUG] debug-file - Incremental task entry:default@CollectDebugSymbol post-execution cost:2 ms .
[2026-05-06T13:32:19.926] [DEBUG] debug-file - Cleanup worker 10.
[2026-05-06T13:32:19.927] [DEBUG] debug-file - Worker 10 has been cleaned up.
[2026-05-06T13:32:19.927] [DEBUG] debug-file - Current idle worker size: 1.
[2026-05-06T13:32:19.927] [DEBUG] debug-file - Current resident worker size: 2.
[2026-05-06T13:32:19.929] [DEBUG] debug-file - hvigor build process will be closed.
[2026-05-06T13:32:19.929] [DEBUG] debug-file - java daemon socket close code:1000 reason:close by user
[2026-05-06T13:32:19.941] [DEBUG] debug-file - session manager: send message to worker process.
[2026-05-06T13:32:19.943] [DEBUG] debug-file - session manager: send message to worker process.
[2026-05-06T13:32:19.945] [DEBUG] debug-file - watch worker: worker id should be larger than 0. Nothing will be sent to any worker thread.
[2026-05-06T13:32:19.947] [DEBUG] debug-file - watch worker: worker id should be larger than 0. Nothing will be sent to any worker thread.
[2026-05-06T13:32:19.948] [DEBUG] debug-file - worker[10] exits with exit code 1.
[2026-05-06T13:33:12.901] [DEBUG] debug-file - session manager: set active socket. socketId=Bh-DHPdMZBR3EG_DAAAL
[2026-05-06T13:33:12.923] [DEBUG] debug-file - watch worker: worker id should be larger than 0. Nothing will be sent to any worker thread.
[2026-05-06T13:33:12.928] [DEBUG] debug-file - Workers' log level updated to INFO
[2026-05-06T13:33:12.932] [DEBUG] debug-file - Hvigor init with startParameters:{
  hvigorfileTypeCheck: false,
  parallelExecution: true,
  incrementalExecution: true,
  printStackTrace: false,
  daemon: true,
  analyze: 0,
  logLevel: Level { level: 20000, levelStr: 'INFO', colour: 'green' },
  optimizationStrategy: 'memory',
  hotCompile: undefined,
  hotReloadBuild: undefined,
  customizedParam: undefined
}
[2026-05-06T13:33:12.936] [DEBUG] debug-file - Cache service initialization finished in 4 ms 
[2026-05-06T13:33:12.937] [DEBUG] debug-file - hvigorfile, resolving E:\application\DevEcoStudioProjects\MyApplication\hvigorfile.ts
[2026-05-06T13:33:12.943] [DEBUG] debug-file - hvigorfile, require result:  { default: { plugins: [] } }
[2026-05-06T13:33:12.943] [DEBUG] debug-file - hvigorfile, binding system plugins null
[2026-05-06T13:33:12.944] [DEBUG] debug-file - Starting plugin build process
[2026-05-06T13:33:12.944] [DEBUG] debug-file - App plugin prepare start...
[2026-05-06T13:33:12.944] [DEBUG] debug-file - App plugin prepare end...
[2026-05-06T13:33:12.944] [DEBUG] debug-file - App plugin creating...
[2026-05-06T13:33:12.951] [DEBUG] debug-file - App plugin register hook start...
[2026-05-06T13:33:12.951] [DEBUG] debug-file - App plugin register hook end...
[2026-05-06T13:33:12.951] [DEBUG] debug-file - Plugin build process completed
[2026-05-06T13:33:12.952] [DEBUG] debug-file - Start initialize project's product build option map with build mode debug.
[2026-05-06T13:33:12.952] [DEBUG] debug-file - Picking option from product 'default' with build mode 'debug'.
[2026-05-06T13:33:12.952] [DEBUG] debug-file - Product 'default' build option initialized
[2026-05-06T13:33:12.952] [DEBUG] debug-file - End initialize project's product build option map with build mode 'debug'.
[2026-05-06T13:33:12.952] [DEBUG] debug-file - Obtain build option for product 'default'in this build.
[2026-05-06T13:33:12.955] [DEBUG] debug-file - E:\application\DevEcoStudioProjects\MyApplication\build\cache\default\remote_hsp\remoteHspCache.json not exists.
[2026-05-06T13:33:12.957] [DEBUG] debug-file - Start recording SDK configuration permission data.
[2026-05-06T13:33:12.982] [DEBUG] debug-file - Sdk init in 27 ms 
[2026-05-06T13:33:12.985] [DEBUG] debug-file - Project task initialization takes 3 ms 
[2026-05-06T13:33:12.986] [DEBUG] debug-file - hvigorfile, begin to bind custom plugins...
[2026-05-06T13:33:12.986] [DEBUG] debug-file - hvigorfile, no custom plugins were found in E:\application\DevEcoStudioProjects\MyApplication\hvigorfile.ts
[2026-05-06T13:33:12.986] [DEBUG] debug-file - hvigorfile, resolve finished E:\application\DevEcoStudioProjects\MyApplication\hvigorfile.ts
[2026-05-06T13:33:12.986] [DEBUG] debug-file - hvigorfile, resolving E:\application\DevEcoStudioProjects\MyApplication\entry\hvigorfile.ts
[2026-05-06T13:33:12.989] [DEBUG] debug-file - hvigorfile, require result:  { default: { plugins: [] } }
[2026-05-06T13:33:12.990] [DEBUG] debug-file - hvigorfile, binding system plugins null
[2026-05-06T13:33:12.990] [DEBUG] debug-file - Starting plugin build process
[2026-05-06T13:33:12.990] [DEBUG] debug-file - Hap plugin creating...
[2026-05-06T13:33:12.991] [DEBUG] debug-file - failed to load cangjie to dynamically generate schemas: Error: Cannot find module '@ohos/cangjie-build-support/index'
Require stack:
- E:\devecostudio-windows-6.1.0.830\DevEco Studio\tools\hvigor\hvigor-ohos-plugin\src\plugin\hooks\cangjie-register.js
- E:\devecostudio-windows-6.1.0.830\DevEco Studio\tools\hvigor\hvigor-ohos-plugin\src\plugin\strategy\stage-init-strategy.js
- E:\devecostudio-windows-6.1.0.830\DevEco Studio\tools\hvigor\hvigor-ohos-plugin\src\plugin\builder\abstract-plugin-builder.js
- E:\devecostudio-windows-6.1.0.830\DevEco Studio\tools\hvigor\hvigor-ohos-plugin\src\plugin\builder\app-plugin-builder.js
- E:\devecostudio-windows-6.1.0.830\DevEco Studio\tools\hvigor\hvigor-ohos-plugin\src\plugin\factory\plugin-factory.js
- E:\devecostudio-windows-6.1.0.830\DevEco Studio\tools\hvigor\hvigor-ohos-plugin\index.js
- E:\application\DevEcoStudioProjects\MyApplication\hvigorfile.ts
- E:\devecostudio-windows-6.1.0.830\DevEco Studio\tools\hvigor\hvigor\src\base\internal\lifecycle\configuration.js
- E:\devecostudio-windows-6.1.0.830\DevEco Studio\tools\hvigor\hvigor\src\base\boot\index.js
- E:\devecostudio-windows-6.1.0.830\DevEco Studio\tools\hvigor\hvigor\src\base\daemon\cluster\worker-process-lifecycle.js
- E:\devecostudio-windows-6.1.0.830\DevEco Studio\tools\hvigor\hvigor\src\base\daemon\process\daemon-process-boot-script.js
[2026-05-06T13:33:12.993] [DEBUG] debug-file - Start initialize module-target build option map, moduleName=entry, buildMode=debug
[2026-05-06T13:33:12.993] [DEBUG] debug-file - Target 'default' config initialized
[2026-05-06T13:33:12.994] [DEBUG] debug-file - Target 'ohosTest' config initialized
[2026-05-06T13:33:12.994] [DEBUG] debug-file - Module 'entry' target 'default' build option initialized
[2026-05-06T13:33:12.994] [DEBUG] debug-file - Module 'entry' target 'ohosTest' build option initialized
[2026-05-06T13:33:12.994] [DEBUG] debug-file - End initialize module-target build option map, moduleName=entry
[2026-05-06T13:33:12.994] [DEBUG] debug-file - Start initialize module-target build option map, moduleName=entry, buildMode=release
[2026-05-06T13:33:12.994] [DEBUG] debug-file - Target 'default' config initialized
[2026-05-06T13:33:12.995] [DEBUG] debug-file - Target 'ohosTest' config initialized
[2026-05-06T13:33:12.995] [DEBUG] debug-file - Module 'entry' target 'default' build option initialized
[2026-05-06T13:33:12.995] [DEBUG] debug-file - Module 'entry' target 'ohosTest' build option initialized
[2026-05-06T13:33:12.995] [DEBUG] debug-file - End initialize module-target build option map, moduleName=entry
[2026-05-06T13:33:12.995] [DEBUG] debug-file - Start initialize module-target build option map, moduleName=entry, buildMode=debug
[2026-05-06T13:33:12.995] [DEBUG] debug-file - Target 'default' config initialized
[2026-05-06T13:33:12.995] [DEBUG] debug-file - Target 'ohosTest' config initialized
[2026-05-06T13:33:12.996] [DEBUG] debug-file - Module 'entry' target 'default' build option initialized
[2026-05-06T13:33:12.996] [DEBUG] debug-file - Module 'entry' target 'ohosTest' build option initialized
[2026-05-06T13:33:12.996] [DEBUG] debug-file - End initialize module-target build option map, moduleName=entry
[2026-05-06T13:33:12.996] [DEBUG] debug-file - Obtain build option for module 'entry' target 'default'in this build.
[2026-05-06T13:33:12.997] [DEBUG] debug-file - Module entry task initialization takes 1 ms 
[2026-05-06T13:33:12.997] [DEBUG] debug-file - Hap plugin register hook start...
[2026-05-06T13:33:12.998] [DEBUG] debug-file - Hap plugin register hook end...
[2026-05-06T13:33:12.998] [DEBUG] debug-file - Plugin build process completed
[2026-05-06T13:33:12.998] [DEBUG] debug-file - hvigorfile, begin to bind custom plugins...
[2026-05-06T13:33:12.998] [DEBUG] debug-file - hvigorfile, no custom plugins were found in E:\application\DevEcoStudioProjects\MyApplication\entry\hvigorfile.ts
[2026-05-06T13:33:12.998] [DEBUG] debug-file - hvigorfile, resolve finished E:\application\DevEcoStudioProjects\MyApplication\entry\hvigorfile.ts
[2026-05-06T13:33:13.013] [DEBUG] debug-file - hvigorfile, resolve hvigorfile dependencies in 15 ms 
[2026-05-06T13:33:13.013] [DEBUG] debug-file - project has submodules:entry
[2026-05-06T13:33:13.014] [DEBUG] debug-file - start to load updatedOhPackageInfo to the disk
[2026-05-06T13:33:13.016] [DEBUG] debug-file - load to the disk finished
[2026-05-06T13:33:13.017] [DEBUG] debug-file - Start to initialize dependency information.
[2026-05-06T13:33:13.021] [DEBUG] debug-file - Module MyApplication Collected Dependency: 
[2026-05-06T13:33:13.021] [DEBUG] debug-file - Module MyApplication's total dependency: 0
[2026-05-06T13:33:13.022] [DEBUG] debug-file - Start to initialize dependency information.
[2026-05-06T13:33:13.024] [DEBUG] debug-file - Module entry Collected Dependency: 
[2026-05-06T13:33:13.024] [DEBUG] debug-file - Module entry's total dependency: 0
[2026-05-06T13:33:13.025] [DEBUG] debug-file - Configuration phase cost:90 ms 
[2026-05-06T13:33:13.026] [DEBUG] debug-file - Configuration task cost before running: 98 ms 
[2026-05-06T13:33:13.030] [DEBUG] debug-file - Executing task :entry:default@PreBuild
[2026-05-06T13:33:13.031] [DEBUG] debug-file - Task 'entry:default@PreBuild' cost while wrapping incremental declarations: 1 ms 
[2026-05-06T13:33:13.038] [DEBUG] debug-file - Incremental task entry:default@PreBuild pre-execution cost: 5 ms .
[2026-05-06T13:33:13.038] [DEBUG] debug-file - entry : default@PreBuild cost memory 0.34820556640625
[2026-05-06T13:33:13.040] [INFO] debug-file - UP-TO-DATE :entry:default@PreBuild...  
[2026-05-06T13:33:13.041] [DEBUG] debug-file - Executing task :entry:default@CreateModuleInfo
[2026-05-06T13:33:13.041] [DEBUG] debug-file - Task 'entry:default@CreateModuleInfo' cost while wrapping incremental declarations: 1 ms 
[2026-05-06T13:33:13.041] [DEBUG] debug-file - entry : default@CreateModuleInfo cost memory 0.041748046875
[2026-05-06T13:33:13.042] [DEBUG] debug-file - runTaskFromQueue task cost before running: 113 ms 
[2026-05-06T13:33:13.042] [INFO] debug-file - Finished :entry:default@CreateModuleInfo... after 1 ms 
[2026-05-06T13:33:13.045] [DEBUG] debug-file - Executing task :entry:default@GenerateMetadata
[2026-05-06T13:33:13.045] [DEBUG] debug-file - Task 'entry:default@GenerateMetadata' cost while wrapping incremental declarations: 1 ms 
[2026-05-06T13:33:13.046] [DEBUG] debug-file - Incremental task entry:default@GenerateMetadata pre-execution cost: 1 ms .
[2026-05-06T13:33:13.046] [DEBUG] debug-file - entry : default@GenerateMetadata cost memory 0.0854949951171875
[2026-05-06T13:33:13.046] [INFO] debug-file - UP-TO-DATE :entry:default@GenerateMetadata...  
[2026-05-06T13:33:13.047] [DEBUG] debug-file - Executing task :entry:default@ConfigureCmake
[2026-05-06T13:33:13.047] [DEBUG] debug-file - entry : default@ConfigureCmake cost memory 0.0144805908203125
[2026-05-06T13:33:13.047] [DEBUG] debug-file - runTaskFromQueue task cost before running: 119 ms 
[2026-05-06T13:33:13.047] [INFO] debug-file - Finished :entry:default@ConfigureCmake... after 1 ms 
[2026-05-06T13:33:13.048] [DEBUG] debug-file - Executing task :entry:default@MergeProfile
[2026-05-06T13:33:13.048] [DEBUG] debug-file - Task 'entry:default@MergeProfile' cost while wrapping incremental declarations: 1 ms 
[2026-05-06T13:33:13.050] [DEBUG] debug-file - Incremental task entry:default@MergeProfile pre-execution cost: 2 ms .
[2026-05-06T13:33:13.050] [DEBUG] debug-file - entry : default@MergeProfile cost memory 0.13417816162109375
[2026-05-06T13:33:13.050] [INFO] debug-file - UP-TO-DATE :entry:default@MergeProfile...  
[2026-05-06T13:33:13.051] [DEBUG] debug-file - Executing task :entry:default@CreateBuildProfile
[2026-05-06T13:33:13.052] [DEBUG] debug-file - Task 'entry:default@CreateBuildProfile' cost while wrapping incremental declarations: 1 ms 
[2026-05-06T13:33:13.053] [DEBUG] debug-file - Incremental task entry:default@CreateBuildProfile pre-execution cost: 2 ms .
[2026-05-06T13:33:13.053] [DEBUG] debug-file - entry : default@CreateBuildProfile cost memory 0.10581207275390625
[2026-05-06T13:33:13.053] [INFO] debug-file - UP-TO-DATE :entry:default@CreateBuildProfile...  
[2026-05-06T13:33:13.054] [DEBUG] debug-file - Executing task :entry:default@PreCheckSyscap
[2026-05-06T13:33:13.054] [DEBUG] debug-file - entry : default@PreCheckSyscap cost memory 0.01470184326171875
[2026-05-06T13:33:13.055] [DEBUG] debug-file - runTaskFromQueue task cost before running: 127 ms 
[2026-05-06T13:33:13.055] [INFO] debug-file - Finished :entry:default@PreCheckSyscap... after 1 ms 
[2026-05-06T13:33:13.056] [DEBUG] debug-file - Executing task :entry:default@GeneratePkgContextInfo
[2026-05-06T13:33:13.059] [DEBUG] debug-file - Task 'entry:default@GeneratePkgContextInfo' cost while wrapping incremental declarations: 1 ms 
[2026-05-06T13:33:13.059] [DEBUG] debug-file - Incremental task entry:default@GeneratePkgContextInfo pre-execution cost: 1 ms .
[2026-05-06T13:33:13.059] [DEBUG] debug-file - entry : default@GeneratePkgContextInfo cost memory 0.2137451171875
[2026-05-06T13:33:13.060] [INFO] debug-file - UP-TO-DATE :entry:default@GeneratePkgContextInfo...  
[2026-05-06T13:33:13.060] [DEBUG] debug-file - Executing task :entry:default@GeneratePkgSdkInfo
[2026-05-06T13:33:13.063] [DEBUG] debug-file - Task 'entry:default@GeneratePkgSdkInfo' cost while wrapping incremental declarations: 1 ms 
[2026-05-06T13:33:13.063] [DEBUG] debug-file - entry : default@GeneratePkgSdkInfo cost memory 0.12578582763671875
[2026-05-06T13:33:13.063] [DEBUG] debug-file - runTaskFromQueue task cost before running: 135 ms 
[2026-05-06T13:33:13.063] [INFO] debug-file - Finished :entry:default@GeneratePkgSdkInfo... after 3 ms 
[2026-05-06T13:33:13.066] [DEBUG] debug-file - Executing task :entry:default@ProcessIntegratedHsp
[2026-05-06T13:33:13.066] [DEBUG] debug-file - entry:default@ProcessIntegratedHsp is not up-to-date, since the output file 'E:\application\DevEcoStudioProjects\MyApplication\build\cache\default\integrated_hsp\integratedHspCache.json' does not exist.
[2026-05-06T13:33:13.066] [DEBUG] debug-file - Incremental task entry:default@ProcessIntegratedHsp pre-execution cost: 1 ms .
[2026-05-06T13:33:13.066] [DEBUG] debug-file - entry : default@ProcessIntegratedHsp cost memory 0.05757904052734375
[2026-05-06T13:33:13.066] [DEBUG] debug-file - runTaskFromQueue task cost before running: 138 ms 
[2026-05-06T13:33:13.067] [INFO] debug-file - Finished :entry:default@ProcessIntegratedHsp... after 1 ms 
[2026-05-06T13:33:13.069] [DEBUG] debug-file - Executing task :entry:default@BuildNativeWithCmake
[2026-05-06T13:33:13.069] [DEBUG] debug-file - entry : default@BuildNativeWithCmake cost memory 0.0144805908203125
[2026-05-06T13:33:13.069] [DEBUG] debug-file - runTaskFromQueue task cost before running: 141 ms 
[2026-05-06T13:33:13.069] [INFO] debug-file - Finished :entry:default@BuildNativeWithCmake... after 1 ms 
[2026-05-06T13:33:13.070] [DEBUG] debug-file - Executing task :entry:default@MakePackInfo
[2026-05-06T13:33:13.073] [DEBUG] debug-file - Incremental task entry:default@MakePackInfo pre-execution cost: 2 ms .
[2026-05-06T13:33:13.073] [DEBUG] debug-file - entry : default@MakePackInfo cost memory 0.13541412353515625
[2026-05-06T13:33:13.073] [INFO] debug-file - UP-TO-DATE :entry:default@MakePackInfo...  
[2026-05-06T13:33:13.074] [DEBUG] debug-file - Executing task :entry:default@SyscapTransform
[2026-05-06T13:33:13.074] [DEBUG] debug-file - File: 'E:\application\DevEcoStudioProjects\MyApplication\entry\src\main\syscap.json' from 'sysCapJsonPath' is not exists, just ignore.
[2026-05-06T13:33:13.075] [DEBUG] debug-file - Task 'entry:default@SyscapTransform' cost while wrapping incremental declarations: 1 ms 
[2026-05-06T13:33:13.076] [DEBUG] debug-file - entry:default@SyscapTransform is not up-to-date, since the output file 'E:\application\DevEcoStudioProjects\MyApplication\entry\build\default\intermediates\syscap\default\rpcid.sc' does not exist.
[2026-05-06T13:33:13.077] [DEBUG] debug-file - Incremental task entry:default@SyscapTransform pre-execution cost: 2 ms .
[2026-05-06T13:33:13.077] [DEBUG] debug-file - entry : default@SyscapTransform cost memory 0.1469879150390625
[2026-05-06T13:33:13.077] [DEBUG] debug-file - runTaskFromQueue task cost before running: 149 ms 
[2026-05-06T13:33:13.077] [INFO] debug-file - Finished :entry:default@SyscapTransform... after 3 ms 
[2026-05-06T13:33:13.078] [DEBUG] debug-file - Executing task :entry:default@ProcessProfile
[2026-05-06T13:33:13.079] [DEBUG] debug-file - Task 'entry:default@ProcessProfile' cost while wrapping incremental declarations: 1 ms 
[2026-05-06T13:33:13.080] [DEBUG] debug-file - Incremental task entry:default@ProcessProfile pre-execution cost: 1 ms .
[2026-05-06T13:33:13.080] [DEBUG] debug-file - entry : default@ProcessProfile cost memory 0.1374969482421875
[2026-05-06T13:33:13.080] [INFO] debug-file - UP-TO-DATE :entry:default@ProcessProfile...  
[2026-05-06T13:33:13.081] [DEBUG] debug-file - Executing task :entry:default@ProcessRouterMap
[2026-05-06T13:33:13.083] [DEBUG] debug-file - Incremental task entry:default@ProcessRouterMap pre-execution cost: 3 ms .
[2026-05-06T13:33:13.083] [DEBUG] debug-file - entry : default@ProcessRouterMap cost memory 0.16119384765625
[2026-05-06T13:33:13.084] [INFO] debug-file - UP-TO-DATE :entry:default@ProcessRouterMap...  
[2026-05-06T13:33:13.085] [DEBUG] debug-file - Executing task :entry:default@ProcessShareConfig
[2026-05-06T13:33:13.087] [DEBUG] debug-file - Incremental task entry:default@ProcessShareConfig pre-execution cost: 2 ms .
[2026-05-06T13:33:13.087] [DEBUG] debug-file - entry : default@ProcessShareConfig cost memory 0.1378631591796875
[2026-05-06T13:33:13.087] [INFO] debug-file - UP-TO-DATE :entry:default@ProcessShareConfig...  
[2026-05-06T13:33:13.088] [DEBUG] debug-file - Executing task :entry:default@ProcessStartupConfig
[2026-05-06T13:33:13.088] [DEBUG] debug-file - Task 'entry:default@ProcessStartupConfig' cost while wrapping incremental declarations: 1 ms 
[2026-05-06T13:33:13.089] [DEBUG] debug-file - entry:default@ProcessStartupConfig is not up-to-date, since the output file 'E:\application\DevEcoStudioProjects\MyApplication\entry\build\default\intermediates\startup\default\startup_config.json' does not exist.
[2026-05-06T13:33:13.089] [DEBUG] debug-file - Incremental task entry:default@ProcessStartupConfig pre-execution cost: 1 ms .
[2026-05-06T13:33:13.090] [DEBUG] debug-file - entry : default@ProcessStartupConfig cost memory 0.138427734375
[2026-05-06T13:33:13.090] [DEBUG] debug-file - runTaskFromQueue task cost before running: 162 ms 
[2026-05-06T13:33:13.090] [INFO] debug-file - Finished :entry:default@ProcessStartupConfig... after 2 ms 
[2026-05-06T13:33:13.092] [DEBUG] debug-file - Executing task :entry:default@BuildNativeWithNinja
[2026-05-06T13:33:13.092] [DEBUG] debug-file - entry : default@BuildNativeWithNinja cost memory 0.02114105224609375
[2026-05-06T13:33:13.092] [DEBUG] debug-file - runTaskFromQueue task cost before running: 164 ms 
[2026-05-06T13:33:13.093] [INFO] debug-file - Finished :entry:default@BuildNativeWithNinja... after 1 ms 
[2026-05-06T13:33:13.094] [DEBUG] debug-file - restool module names: entry; moduleName=entry, taskName=default@ProcessResource
[2026-05-06T13:33:13.097] [DEBUG] debug-file - Executing task :entry:default@ProcessResource
[2026-05-06T13:33:13.097] [DEBUG] debug-file - Task 'entry:default@ProcessResource' cost while wrapping incremental declarations: 1 ms 
[2026-05-06T13:33:13.098] [DEBUG] debug-file - Incremental task entry:default@ProcessResource pre-execution cost: 1 ms .
[2026-05-06T13:33:13.098] [DEBUG] debug-file - entry : default@ProcessResource cost memory 0.17250823974609375
[2026-05-06T13:33:13.100] [INFO] debug-file - UP-TO-DATE :entry:default@ProcessResource...  
[2026-05-06T13:33:13.103] [DEBUG] debug-file - Executing task :entry:default@GenerateLoaderJson
[2026-05-06T13:33:13.103] [DEBUG] debug-file - Task 'entry:default@GenerateLoaderJson' cost while wrapping incremental declarations: 1 ms 
[2026-05-06T13:33:13.111] [DEBUG] debug-file - Incremental task entry:default@GenerateLoaderJson pre-execution cost: 5 ms .
[2026-05-06T13:33:13.111] [DEBUG] debug-file - entry : default@GenerateLoaderJson cost memory 0.532470703125
[2026-05-06T13:33:13.114] [INFO] debug-file - UP-TO-DATE :entry:default@GenerateLoaderJson...  
[2026-05-06T13:33:13.115] [DEBUG] debug-file - Executing task :entry:default@ProcessLibs
[2026-05-06T13:33:13.118] [DEBUG] debug-file - Incremental task entry:default@ProcessLibs pre-execution cost: 2 ms .
[2026-05-06T13:33:13.118] [DEBUG] debug-file - entry : default@ProcessLibs cost memory 0.10330963134765625
[2026-05-06T13:33:13.118] [INFO] debug-file - UP-TO-DATE :entry:default@ProcessLibs...  
[2026-05-06T13:33:13.120] [DEBUG] debug-file - restool module names: entry; moduleName=entry, taskName=default@CompileResource
[2026-05-06T13:33:13.120] [DEBUG] debug-file - Executing task :entry:default@CompileResource
[2026-05-06T13:33:13.136] [DEBUG] debug-file - Incremental task entry:default@CompileResource pre-execution cost: 16 ms .
[2026-05-06T13:33:13.136] [DEBUG] debug-file - entry : default@CompileResource cost memory -0.9663314819335938
[2026-05-06T13:33:13.138] [INFO] debug-file - UP-TO-DATE :entry:default@CompileResource...  
[2026-05-06T13:33:13.139] [DEBUG] debug-file - Executing task :entry:default@DoNativeStrip
[2026-05-06T13:33:13.139] [DEBUG] debug-file - File: 'E:\application\DevEcoStudioProjects\MyApplication\entry\build\default\intermediates\binxo\default' from 'doBinxoNativeLibs' is not exists, just ignore.
[2026-05-06T13:33:13.139] [DEBUG] debug-file - Task 'entry:default@DoNativeStrip' cost while wrapping incremental declarations: 1 ms 
[2026-05-06T13:33:13.140] [DEBUG] debug-file - Incremental task entry:default@DoNativeStrip pre-execution cost: 1 ms .
[2026-05-06T13:33:13.140] [DEBUG] debug-file - entry : default@DoNativeStrip cost memory 0.09300994873046875
[2026-05-06T13:33:13.141] [INFO] debug-file - UP-TO-DATE :entry:default@DoNativeStrip...  
[2026-05-06T13:33:13.142] [DEBUG] debug-file - Executing task :entry:default@CompileArkTS
[2026-05-06T13:33:13.142] [DEBUG] debug-file - obfuscationOptions: undefined
[2026-05-06T13:33:13.143] [DEBUG] debug-file - Task 'entry:default@CompileArkTS' cost while wrapping incremental declarations: 1 ms 
[2026-05-06T13:33:13.156] [DEBUG] debug-file - Incremental task entry:default@CompileArkTS pre-execution cost: 11 ms .
[2026-05-06T13:33:13.156] [DEBUG] debug-file - entry : default@CompileArkTS cost memory 0.6400604248046875
[2026-05-06T13:33:13.158] [INFO] debug-file - UP-TO-DATE :entry:default@CompileArkTS...  
[2026-05-06T13:33:13.159] [DEBUG] debug-file - Executing task :entry:default@BuildJS
[2026-05-06T13:33:13.160] [DEBUG] debug-file - Task 'entry:default@BuildJS' cost while wrapping incremental declarations: 1 ms 
[2026-05-06T13:33:13.164] [DEBUG] debug-file - entry : default@BuildJS cost memory -1.5765838623046875
[2026-05-06T13:33:13.164] [DEBUG] debug-file - runTaskFromQueue task cost before running: 236 ms 
[2026-05-06T13:33:13.164] [INFO] debug-file - Finished :entry:default@BuildJS... after 5 ms 
[2026-05-06T13:33:13.166] [DEBUG] debug-file - Executing task :entry:default@CacheNativeLibs
[2026-05-06T13:33:13.166] [DEBUG] debug-file - File: 'E:\application\DevEcoStudioProjects\MyApplication\entry\build\default\intermediates\binxo\default' from 'cacheBinxoNativeLibs' is not exists, just ignore.
[2026-05-06T13:33:13.166] [DEBUG] debug-file - Task 'entry:default@CacheNativeLibs' cost while wrapping incremental declarations: 1 ms 
[2026-05-06T13:33:13.168] [DEBUG] debug-file - Incremental task entry:default@CacheNativeLibs pre-execution cost: 2 ms .
[2026-05-06T13:33:13.168] [DEBUG] debug-file - entry : default@CacheNativeLibs cost memory 0.1213531494140625
[2026-05-06T13:33:13.168] [INFO] debug-file - UP-TO-DATE :entry:default@CacheNativeLibs...  
[2026-05-06T13:33:13.169] [DEBUG] debug-file - Executing task :entry:default@GeneratePkgModuleJson
[2026-05-06T13:33:13.169] [DEBUG] debug-file - File: 'E:\application\DevEcoStudioProjects\MyApplication\entry\build\default\intermediates\preload\default\preload.json' from 'preloadSoJsonPath' is not exists, just ignore.
[2026-05-06T13:33:13.169] [DEBUG] debug-file - Error occurs while handling @Input 'shouldDeduplicateHar': The "data" argument must be of type string or an instance of Buffer, TypedArray, or DataView. Received undefined
[2026-05-06T13:33:13.169] [DEBUG] debug-file - Task 'entry:default@GeneratePkgModuleJson' cost while wrapping incremental declarations: 1 ms 
[2026-05-06T13:33:13.170] [DEBUG] debug-file - Incremental task entry:default@GeneratePkgModuleJson pre-execution cost: 1 ms .
[2026-05-06T13:33:13.170] [DEBUG] debug-file - entry : default@GeneratePkgModuleJson cost memory 0.1103057861328125
[2026-05-06T13:33:13.171] [INFO] debug-file - UP-TO-DATE :entry:default@GeneratePkgModuleJson...  
[2026-05-06T13:33:13.171] [DEBUG] debug-file - Executing task :entry:default@ProcessCompiledResources
[2026-05-06T13:33:13.171] [DEBUG] debug-file - File: 'E:\application\DevEcoStudioProjects\MyApplication\entry\build\default\intermediates\preload\default\preload.json' from 'preloadSoJsonPath' is not exists, just ignore.
[2026-05-06T13:33:13.172] [DEBUG] debug-file - Task 'entry:default@ProcessCompiledResources' cost while wrapping incremental declarations: 1 ms 
[2026-05-06T13:33:13.172] [DEBUG] debug-file - entry : default@ProcessCompiledResources cost memory 0.0592041015625
[2026-05-06T13:33:13.172] [DEBUG] debug-file - runTaskFromQueue task cost before running: 244 ms 
[2026-05-06T13:33:13.172] [INFO] debug-file - Finished :entry:default@ProcessCompiledResources... after 1 ms 
[2026-05-06T13:33:13.174] [DEBUG] debug-file - Executing task :entry:default@PackageHap
[2026-05-06T13:33:13.183] [DEBUG] debug-file - Incremental task entry:default@PackageHap pre-execution cost: 9 ms .
[2026-05-06T13:33:13.183] [DEBUG] debug-file - entry : default@PackageHap cost memory 0.4447784423828125
[2026-05-06T13:33:13.184] [INFO] debug-file - UP-TO-DATE :entry:default@PackageHap...  
[2026-05-06T13:33:13.186] [DEBUG] debug-file - Executing task :entry:default@PackingCheck
[2026-05-06T13:33:13.190] [DEBUG] debug-file - entry : default@PackingCheck cost memory 0.4743499755859375
[2026-05-06T13:33:13.190] [DEBUG] debug-file - runTaskFromQueue task cost before running: 262 ms 
[2026-05-06T13:33:13.191] [INFO] debug-file - Finished :entry:default@PackingCheck... after 5 ms 
[2026-05-06T13:33:13.192] [DEBUG] debug-file - Executing task :entry:default@SignHap
[2026-05-06T13:33:13.196] [DEBUG] debug-file - Incremental task entry:default@SignHap pre-execution cost: 3 ms .
[2026-05-06T13:33:13.196] [DEBUG] debug-file - entry : default@SignHap cost memory 0.10980987548828125
[2026-05-06T13:33:13.197] [INFO] debug-file - UP-TO-DATE :entry:default@SignHap...  
[2026-05-06T13:33:13.198] [DEBUG] debug-file - Executing task :entry:default@CollectDebugSymbol
[2026-05-06T13:33:13.199] [DEBUG] debug-file - entry : default@CollectDebugSymbol cost memory 0.09320831298828125
[2026-05-06T13:33:13.199] [DEBUG] debug-file - runTaskFromQueue task cost before running: 271 ms 
[2026-05-06T13:33:13.199] [INFO] debug-file - Finished :entry:default@CollectDebugSymbol... after 2 ms 
[2026-05-06T13:33:13.199] [DEBUG] debug-file - Executing task :entry:assembleHap
[2026-05-06T13:33:13.199] [DEBUG] debug-file - entry : assembleHap cost memory 0.0126800537109375
[2026-05-06T13:33:13.200] [DEBUG] debug-file - runTaskFromQueue task cost before running: 272 ms 
[2026-05-06T13:33:13.200] [INFO] debug-file - Finished :entry:assembleHap... after 1 ms 
[2026-05-06T13:33:13.206] [INFO] debug-file - BUILD SUCCESSFUL in 278 ms 
[2026-05-06T13:33:13.206] [DEBUG] debug-file - There is no need to refresh cache, since the incremental task entry:default@PreBuild is up-to-date.
[2026-05-06T13:33:13.206] [DEBUG] debug-file - Update task entry:default@CreateModuleInfo output file:E:\application\DevEcoStudioProjects\MyApplication\entry\build\default\generated\profile\default\ModuleInfo.ts cache.
[2026-05-06T13:33:13.207] [DEBUG] debug-file - Incremental task entry:default@CreateModuleInfo post-execution cost:1 ms .
[2026-05-06T13:33:13.207] [DEBUG] debug-file - There is no need to refresh cache, since the incremental task entry:default@GenerateMetadata is up-to-date.
[2026-05-06T13:33:13.207] [DEBUG] debug-file - There is no need to refresh cache, since the incremental task entry:default@MergeProfile is up-to-date.
[2026-05-06T13:33:13.207] [DEBUG] debug-file - There is no need to refresh cache, since the incremental task entry:default@CreateBuildProfile is up-to-date.
[2026-05-06T13:33:13.207] [DEBUG] debug-file - There is no need to refresh cache, since the incremental task entry:default@GeneratePkgContextInfo is up-to-date.
[2026-05-06T13:33:13.207] [DEBUG] debug-file - Update task entry:default@GeneratePkgSdkInfo output file:E:\application\DevEcoStudioProjects\MyApplication\entry\build\default\intermediates\loader\default\pkgSdkInfo.json cache.
[2026-05-06T13:33:13.207] [DEBUG] debug-file - Incremental task entry:default@GeneratePkgSdkInfo post-execution cost:1 ms .
[2026-05-06T13:33:13.207] [DEBUG] debug-file - Update task entry:default@ProcessIntegratedHsp output file:E:\application\DevEcoStudioProjects\MyApplication\build\cache\default\integrated_hsp\integratedHspCache.json cache.
[2026-05-06T13:33:13.208] [DEBUG] debug-file - Incremental task entry:default@ProcessIntegratedHsp post-execution cost:1 ms .
[2026-05-06T13:33:13.208] [DEBUG] debug-file - There is no need to refresh cache, since the incremental task entry:default@MakePackInfo is up-to-date.
[2026-05-06T13:33:13.208] [DEBUG] debug-file - Update task entry:default@SyscapTransform input file:E:\devecostudio-windows-6.1.0.830\DevEco Studio\sdk\default\openharmony\toolchains\syscap_tool.exe cache by regenerate.
[2026-05-06T13:33:13.208] [DEBUG] debug-file - Update task entry:default@SyscapTransform input file:E:\devecostudio-windows-6.1.0.830\DevEco Studio\sdk\default\openharmony\ets\api\device-define cache by regenerate.
[2026-05-06T13:33:13.210] [DEBUG] debug-file - Update task entry:default@SyscapTransform output file:E:\application\DevEcoStudioProjects\MyApplication\entry\build\default\intermediates\syscap\default\rpcid.sc cache.
[2026-05-06T13:33:13.210] [DEBUG] debug-file - Incremental task entry:default@SyscapTransform post-execution cost:3 ms .
[2026-05-06T13:33:13.210] [DEBUG] debug-file - There is no need to refresh cache, since the incremental task entry:default@ProcessProfile is up-to-date.
[2026-05-06T13:33:13.210] [DEBUG] debug-file - There is no need to refresh cache, since the incremental task entry:default@ProcessRouterMap is up-to-date.
[2026-05-06T13:33:13.210] [DEBUG] debug-file - There is no need to refresh cache, since the incremental task entry:default@ProcessShareConfig is up-to-date.
[2026-05-06T13:33:13.211] [DEBUG] debug-file - Update task entry:default@ProcessStartupConfig input file:E:\application\DevEcoStudioProjects\MyApplication\entry\build\default\intermediates\loader\default\pkgContextInfo.json cache by regenerate.
[2026-05-06T13:33:13.211] [DEBUG] debug-file - Update task entry:default@ProcessStartupConfig output file:E:\application\DevEcoStudioProjects\MyApplication\entry\build\default\intermediates\startup\default\startup_config.json cache.
[2026-05-06T13:33:13.211] [DEBUG] debug-file - Incremental task entry:default@ProcessStartupConfig post-execution cost:1 ms .
[2026-05-06T13:33:13.211] [DEBUG] debug-file - There is no need to refresh cache, since the incremental task entry:default@ProcessResource is up-to-date.
[2026-05-06T13:33:13.211] [DEBUG] debug-file - There is no need to refresh cache, since the incremental task entry:default@GenerateLoaderJson is up-to-date.
[2026-05-06T13:33:13.211] [DEBUG] debug-file - There is no need to refresh cache, since the incremental task entry:default@ProcessLibs is up-to-date.
[2026-05-06T13:33:13.211] [DEBUG] debug-file - There is no need to refresh cache, since the incremental task entry:default@CompileResource is up-to-date.
[2026-05-06T13:33:13.211] [DEBUG] debug-file - There is no need to refresh cache, since the incremental task entry:default@DoNativeStrip is up-to-date.
[2026-05-06T13:33:13.211] [DEBUG] debug-file - There is no need to refresh cache, since the incremental task entry:default@CompileArkTS is up-to-date.
[2026-05-06T13:33:13.213] [DEBUG] debug-file - Update task entry:default@BuildJS input file:E:\application\DevEcoStudioProjects\MyApplication\entry\build\default\intermediates\loader\default cache by regenerate.
[2026-05-06T13:33:13.213] [DEBUG] debug-file - Update task entry:default@BuildJS input file:E:\application\DevEcoStudioProjects\MyApplication\entry\build\default\intermediates\res\default\resources\rawfile cache by regenerate.
[2026-05-06T13:33:13.214] [DEBUG] debug-file - Update task entry:default@BuildJS input file:E:\application\DevEcoStudioProjects\MyApplication\entry\build\default\intermediates\res\default\ResourceTable.txt cache by regenerate.
[2026-05-06T13:33:13.214] [DEBUG] debug-file - Update task entry:default@BuildJS input file:E:\application\DevEcoStudioProjects\MyApplication\entry\build\default\intermediates\res\default\ark_module.json cache by regenerate.
[2026-05-06T13:33:13.214] [DEBUG] debug-file - Update task entry:default@BuildJS input file:E:\application\DevEcoStudioProjects\MyApplication\entry\build\default\intermediates\res\default\resources\base\profile cache by regenerate.
[2026-05-06T13:33:13.215] [DEBUG] debug-file - Update task entry:default@BuildJS input file:E:\application\DevEcoStudioProjects\MyApplication\entry\build\default\intermediates\loader\default\pkgContextInfo.json cache by regenerate.
[2026-05-06T13:33:13.215] [DEBUG] debug-file - Update task entry:default@BuildJS output file:E:\application\DevEcoStudioProjects\MyApplication\entry\build\default\intermediates\loader_out\default\js cache.
[2026-05-06T13:33:13.215] [DEBUG] debug-file - Incremental task entry:default@BuildJS post-execution cost:4 ms .
[2026-05-06T13:33:13.215] [DEBUG] debug-file - There is no need to refresh cache, since the incremental task entry:default@CacheNativeLibs is up-to-date.
[2026-05-06T13:33:13.215] [DEBUG] debug-file - There is no need to refresh cache, since the incremental task entry:default@GeneratePkgModuleJson is up-to-date.
[2026-05-06T13:33:13.215] [DEBUG] debug-file - Incremental task entry:default@ProcessCompiledResources post-execution cost:1 ms .
[2026-05-06T13:33:13.215] [DEBUG] debug-file - There is no need to refresh cache, since the incremental task entry:default@PackageHap is up-to-date.
[2026-05-06T13:33:13.215] [DEBUG] debug-file - There is no need to refresh cache, since the incremental task entry:default@SignHap is up-to-date.
[2026-05-06T13:33:13.216] [DEBUG] debug-file - Update task entry:default@CollectDebugSymbol input file:E:\application\DevEcoStudioProjects\MyApplication\entry\build\default\intermediates\loader_out\default\ets\sourceMaps.map cache by regenerate.
[2026-05-06T13:33:13.216] [DEBUG] debug-file - Update task entry:default@CollectDebugSymbol input file:E:\application\DevEcoStudioProjects\MyApplication\entry\build\default\intermediates\libs\default cache by regenerate.
[2026-05-06T13:33:13.216] [DEBUG] debug-file - Update task entry:default@CollectDebugSymbol output file:E:\application\DevEcoStudioProjects\MyApplication\entry\build\default\outputs\default\symbol cache.
[2026-05-06T13:33:13.217] [DEBUG] debug-file - Incremental task entry:default@CollectDebugSymbol post-execution cost:2 ms .
[2026-05-06T13:33:13.236] [DEBUG] debug-file - hvigor build process will be closed.
[2026-05-06T13:33:13.244] [DEBUG] debug-file - session manager: send message to worker process.
[2026-05-06T13:33:13.245] [DEBUG] debug-file - session manager: send message to worker process.
[2026-05-06T13:33:13.244] [DEBUG] debug-file - watch worker: worker id should be larger than 0. Nothing will be sent to any worker thread.
[2026-05-06T13:33:13.245] [DEBUG] debug-file - watch worker: worker id should be larger than 0. Nothing will be sent to any worker thread.
[2026-05-06T13:37:08.792] [DEBUG] debug-file - session manager: set active socket. socketId=aOPhbTdLG8GVBhxPAAAN
[2026-05-06T13:37:08.813] [DEBUG] debug-file - watch worker: worker id should be larger than 0. Nothing will be sent to any worker thread.
[2026-05-06T13:37:08.816] [DEBUG] debug-file - Workers' log level updated to INFO
[2026-05-06T13:37:08.820] [DEBUG] debug-file - Hvigor init with startParameters:{
  hvigorfileTypeCheck: false,
  parallelExecution: true,
  incrementalExecution: true,
  printStackTrace: false,
  daemon: true,
  analyze: 0,
  logLevel: Level { level: 20000, levelStr: 'INFO', colour: 'green' },
  optimizationStrategy: 'memory',
  hotCompile: undefined,
  hotReloadBuild: undefined,
  customizedParam: undefined
}
[2026-05-06T13:37:08.824] [DEBUG] debug-file - Cache service initialization finished in 4 ms 
[2026-05-06T13:37:08.825] [DEBUG] debug-file - hvigorfile, resolving E:\application\DevEcoStudioProjects\MyApplication\hvigorfile.ts
[2026-05-06T13:37:08.830] [DEBUG] debug-file - hvigorfile, require result:  { default: { plugins: [] } }
[2026-05-06T13:37:08.830] [DEBUG] debug-file - hvigorfile, binding system plugins null
[2026-05-06T13:37:08.831] [DEBUG] debug-file - Starting plugin build process
[2026-05-06T13:37:08.831] [DEBUG] debug-file - App plugin prepare start...
[2026-05-06T13:37:08.831] [DEBUG] debug-file - App plugin prepare end...
[2026-05-06T13:37:08.831] [DEBUG] debug-file - App plugin creating...
[2026-05-06T13:37:08.840] [DEBUG] debug-file - App plugin register hook start...
[2026-05-06T13:37:08.840] [DEBUG] debug-file - App plugin register hook end...
[2026-05-06T13:37:08.840] [DEBUG] debug-file - Plugin build process completed
[2026-05-06T13:37:08.841] [DEBUG] debug-file - Start initialize project's product build option map with build mode debug.
[2026-05-06T13:37:08.841] [DEBUG] debug-file - Picking option from product 'default' with build mode 'debug'.
[2026-05-06T13:37:08.841] [DEBUG] debug-file - Product 'default' build option initialized
[2026-05-06T13:37:08.841] [DEBUG] debug-file - End initialize project's product build option map with build mode 'debug'.
[2026-05-06T13:37:08.841] [DEBUG] debug-file - Obtain build option for product 'default'in this build.
[2026-05-06T13:37:08.844] [DEBUG] debug-file - E:\application\DevEcoStudioProjects\MyApplication\build\cache\default\remote_hsp\remoteHspCache.json not exists.
[2026-05-06T13:37:08.846] [DEBUG] debug-file - Start recording SDK configuration permission data.
[2026-05-06T13:37:08.875] [DEBUG] debug-file - Sdk init in 31 ms 
[2026-05-06T13:37:08.879] [DEBUG] debug-file - Project task initialization takes 4 ms 
[2026-05-06T13:37:08.879] [DEBUG] debug-file - hvigorfile, begin to bind custom plugins...
[2026-05-06T13:37:08.879] [DEBUG] debug-file - hvigorfile, no custom plugins were found in E:\application\DevEcoStudioProjects\MyApplication\hvigorfile.ts
[2026-05-06T13:37:08.879] [DEBUG] debug-file - hvigorfile, resolve finished E:\application\DevEcoStudioProjects\MyApplication\hvigorfile.ts
[2026-05-06T13:37:08.879] [DEBUG] debug-file - hvigorfile, resolving E:\application\DevEcoStudioProjects\MyApplication\entry\hvigorfile.ts
[2026-05-06T13:37:08.883] [DEBUG] debug-file - hvigorfile, require result:  { default: { plugins: [] } }
[2026-05-06T13:37:08.883] [DEBUG] debug-file - hvigorfile, binding system plugins null
[2026-05-06T13:37:08.883] [DEBUG] debug-file - Starting plugin build process
[2026-05-06T13:37:08.883] [DEBUG] debug-file - Hap plugin creating...
[2026-05-06T13:37:08.885] [DEBUG] debug-file - failed to load cangjie to dynamically generate schemas: Error: Cannot find module '@ohos/cangjie-build-support/index'
Require stack:
- E:\devecostudio-windows-6.1.0.830\DevEco Studio\tools\hvigor\hvigor-ohos-plugin\src\plugin\hooks\cangjie-register.js
- E:\devecostudio-windows-6.1.0.830\DevEco Studio\tools\hvigor\hvigor-ohos-plugin\src\plugin\strategy\stage-init-strategy.js
- E:\devecostudio-windows-6.1.0.830\DevEco Studio\tools\hvigor\hvigor-ohos-plugin\src\plugin\builder\abstract-plugin-builder.js
- E:\devecostudio-windows-6.1.0.830\DevEco Studio\tools\hvigor\hvigor-ohos-plugin\src\plugin\builder\app-plugin-builder.js
- E:\devecostudio-windows-6.1.0.830\DevEco Studio\tools\hvigor\hvigor-ohos-plugin\src\plugin\factory\plugin-factory.js
- E:\devecostudio-windows-6.1.0.830\DevEco Studio\tools\hvigor\hvigor-ohos-plugin\index.js
- E:\application\DevEcoStudioProjects\MyApplication\hvigorfile.ts
- E:\devecostudio-windows-6.1.0.830\DevEco Studio\tools\hvigor\hvigor\src\base\internal\lifecycle\configuration.js
- E:\devecostudio-windows-6.1.0.830\DevEco Studio\tools\hvigor\hvigor\src\base\boot\index.js
- E:\devecostudio-windows-6.1.0.830\DevEco Studio\tools\hvigor\hvigor\src\base\daemon\cluster\worker-process-lifecycle.js
- E:\devecostudio-windows-6.1.0.830\DevEco Studio\tools\hvigor\hvigor\src\base\daemon\process\daemon-process-boot-script.js
[2026-05-06T13:37:08.901] [DEBUG] debug-file - hvigor build process will be closed with an error.
[2026-05-06T13:37:08.904] [ERROR] debug-file - [31m00303038 Configuration Error
Error Message: Schema validate failed, at file: E:\application\DevEcoStudioProjects\MyApplication\entry\build-profile.json5

* Try the following:
  > Please check the following fields. 
 {
  instancePath: '',
  keyword: 'enum',
  params: {
    allowedValues: [
      'apiType',
      'targets',
      'showInServiceCenter',
      'buildOption',
      'buildOptionSet',
      'buildModeBinder',
      'entryModules'
    ]
  },
  message: 'must be equal to one of the allowed values',
  location: 'E:/application/DevEcoStudioProjects/MyApplication/entry/build-profile.json5:1:2'
} 
{
  instancePath: '',
  keyword: 'propertyNames',
  params: { propertyName: 'signingConfigs' },
  message: 'property name must be valid',
  location: 'E:/application/DevEcoStudioProjects/MyApplication/entry/build-profile.json5:1:2'
} 

[39m

[31m* Try:
> Run with --stacktrace option to get the stack trace.
> Run with --debug option to get more log output.

[2026-05-06T13:37:08.904] [DEBUG] debug-file - ERROR: stacktrace = AdaptorError: [31m00303038 Configuration Error
Error Message: Schema validate failed, at file: E:\application\DevEcoStudioProjects\MyApplication\entry\build-profile.json5

* Try the following:
  > Please check the following fields. 
 {
  instancePath: '',
  keyword: 'enum',
  params: {
    allowedValues: [
      'apiType',
      'targets',
      'showInServiceCenter',
      'buildOption',
      'buildOptionSet',
      'buildModeBinder',
      'entryModules'
    ]
  },
  message: 'must be equal to one of the allowed values',
  location: 'E:/application/DevEcoStudioProjects/MyApplication/entry/build-profile.json5:1:2'
} 
{
  instancePath: '',
  keyword: 'propertyNames',
  params: { propertyName: 'signingConfigs' },
  message: 'property name must be valid',
  location: 'E:/application/DevEcoStudioProjects/MyApplication/entry/build-profile.json5:1:2'
} 

[39m
    at OhosLogger.printErrorExit (E:\devecostudio-windows-6.1.0.830\DevEco Studio\tools\hvigor\hvigor\src\base\log\hvigor-log.js:1:5087)
    at ValidateUtil.doSchemaCheck (E:\devecostudio-windows-6.1.0.830\DevEco Studio\tools\hvigor\hvigor-ohos-plugin\src\utils\validate\validate-util.js:1:8177)
    at ValidateUtil.submitSchemaCheckWork (E:\devecostudio-windows-6.1.0.830\DevEco Studio\tools\hvigor\hvigor-ohos-plugin\src\utils\validate\validate-util.js:1:7013)
    at ModuleModelImpl.moduleBuildProfileCheck (E:\devecostudio-windows-6.1.0.830\DevEco Studio\tools\hvigor\hvigor-ohos-plugin\src\model\module\core-module-model-impl.js:1:8042)
    at StageInitializationStrategy.createModuleModel (E:\devecostudio-windows-6.1.0.830\DevEco Studio\tools\hvigor\hvigor-ohos-plugin\src\plugin\strategy\initialization-strategy.js:1:214)
    at StageInitializationStrategy.initPluginParam (E:\devecostudio-windows-6.1.0.830\DevEco Studio\tools\hvigor\hvigor-ohos-plugin\src\plugin\strategy\stage-init-strategy.js:1:2750)
    at StageInitializationStrategy.createHapPlugin (E:\devecostudio-windows-6.1.0.830\DevEco Studio\tools\hvigor\hvigor-ohos-plugin\src\plugin\strategy\stage-init-strategy.js:1:1150)
    at HapPluginBuilder.createPlugin (E:\devecostudio-windows-6.1.0.830\DevEco Studio\tools\hvigor\hvigor-ohos-plugin\src\plugin\builder\hap-plugin-builder.js:1:622)
    at HapPluginBuilder.build (E:\devecostudio-windows-6.1.0.830\DevEco Studio\tools\hvigor\hvigor-ohos-plugin\src\plugin\builder\abstract-plugin-builder.js:1:756)
    at PluginFactory.getHapPlugin (E:\devecostudio-windows-6.1.0.830\DevEco Studio\tools\hvigor\hvigor-ohos-plugin\src\plugin\factory\plugin-factory.js:1:574)
[2026-05-06T13:37:08.904] [ERROR] debug-file - AdaptorError: [31m00303038 Configuration Error
Error Message: Schema validate failed, at file: E:\application\DevEcoStudioProjects\MyApplication\entry\build-profile.json5

* Try the following:
  > Please check the following fields. 
 {
  instancePath: '',
  keyword: 'enum',
  params: {
    allowedValues: [
      'apiType',
      'targets',
      'showInServiceCenter',
      'buildOption',
      'buildOptionSet',
      'buildModeBinder',
      'entryModules'
    ]
  },
  message: 'must be equal to one of the allowed values',
  location: 'E:/application/DevEcoStudioProjects/MyApplication/entry/build-profile.json5:1:2'
} 
{
  instancePath: '',
  keyword: 'propertyNames',
  params: { propertyName: 'signingConfigs' },
  message: 'property name must be valid',
  location: 'E:/application/DevEcoStudioProjects/MyApplication/entry/build-profile.json5:1:2'
} 

[39m
    at OhosLogger.printErrorExit (E:\devecostudio-windows-6.1.0.830\DevEco Studio\tools\hvigor\hvigor\src\base\log\hvigor-log.js:1:5087)
    at ValidateUtil.doSchemaCheck (E:\devecostudio-windows-6.1.0.830\DevEco Studio\tools\hvigor\hvigor-ohos-plugin\src\utils\validate\validate-util.js:1:8177)
    at ValidateUtil.submitSchemaCheckWork (E:\devecostudio-windows-6.1.0.830\DevEco Studio\tools\hvigor\hvigor-ohos-plugin\src\utils\validate\validate-util.js:1:7013)
    at ModuleModelImpl.moduleBuildProfileCheck (E:\devecostudio-windows-6.1.0.830\DevEco Studio\tools\hvigor\hvigor-ohos-plugin\src\model\module\core-module-model-impl.js:1:8042)
    at StageInitializationStrategy.createModuleModel (E:\devecostudio-windows-6.1.0.830\DevEco Studio\tools\hvigor\hvigor-ohos-plugin\src\plugin\strategy\initialization-strategy.js:1:214)
    at StageInitializationStrategy.initPluginParam (E:\devecostudio-windows-6.1.0.830\DevEco Studio\tools\hvigor\hvigor-ohos-plugin\src\plugin\strategy\stage-init-strategy.js:1:2750)
    at StageInitializationStrategy.createHapPlugin (E:\devecostudio-windows-6.1.0.830\DevEco Studio\tools\hvigor\hvigor-ohos-plugin\src\plugin\strategy\stage-init-strategy.js:1:1150)
    at HapPluginBuilder.createPlugin (E:\devecostudio-windows-6.1.0.830\DevEco Studio\tools\hvigor\hvigor-ohos-plugin\src\plugin\builder\hap-plugin-builder.js:1:622)
    at HapPluginBuilder.build (E:\devecostudio-windows-6.1.0.830\DevEco Studio\tools\hvigor\hvigor-ohos-plugin\src\plugin\builder\abstract-plugin-builder.js:1:756)
    at PluginFactory.getHapPlugin (E:\devecostudio-windows-6.1.0.830\DevEco Studio\tools\hvigor\hvigor-ohos-plugin\src\plugin\factory\plugin-factory.js:1:574)
[2026-05-06T13:37:08.910] [ERROR] debug-file - BUILD FAILED in 94 ms 
[2026-05-06T13:37:08.927] [DEBUG] debug-file - hvigor build process will be closed.
[2026-05-06T13:37:08.934] [DEBUG] debug-file - session manager: send message to worker process.
[2026-05-06T13:37:08.934] [DEBUG] debug-file - session manager: send message to worker process.
[2026-05-06T13:37:08.934] [DEBUG] debug-file - watch worker: worker id should be larger than 0. Nothing will be sent to any worker thread.
[2026-05-06T13:37:08.934] [DEBUG] debug-file - watch worker: worker id should be larger than 0. Nothing will be sent to any worker thread.
[2026-05-06T13:39:04.231] [DEBUG] debug-file - session manager: set active socket. socketId=AYCFrtZfSjvR6WfBAAAP
[2026-05-06T13:39:04.255] [DEBUG] debug-file - watch worker: worker id should be larger than 0. Nothing will be sent to any worker thread.
[2026-05-06T13:39:04.258] [DEBUG] debug-file - Workers' log level updated to INFO
[2026-05-06T13:39:04.262] [DEBUG] debug-file - Hvigor init with startParameters:{
  hvigorfileTypeCheck: false,
  parallelExecution: true,
  incrementalExecution: true,
  printStackTrace: false,
  daemon: true,
  analyze: 0,
  logLevel: Level { level: 20000, levelStr: 'INFO', colour: 'green' },
  optimizationStrategy: 'memory',
  hotCompile: undefined,
  hotReloadBuild: undefined,
  customizedParam: undefined
}
[2026-05-06T13:39:04.266] [DEBUG] debug-file - Cache service initialization finished in 4 ms 
[2026-05-06T13:39:04.267] [DEBUG] debug-file - hvigorfile, resolving E:\application\DevEcoStudioProjects\MyApplication\hvigorfile.ts
[2026-05-06T13:39:04.273] [DEBUG] debug-file - hvigorfile, require result:  { default: { plugins: [] } }
[2026-05-06T13:39:04.273] [DEBUG] debug-file - hvigorfile, binding system plugins null
[2026-05-06T13:39:04.274] [DEBUG] debug-file - Starting plugin build process
[2026-05-06T13:39:04.274] [DEBUG] debug-file - App plugin prepare start...
[2026-05-06T13:39:04.274] [DEBUG] debug-file - App plugin prepare end...
[2026-05-06T13:39:04.274] [DEBUG] debug-file - App plugin creating...
[2026-05-06T13:39:04.279] [DEBUG] debug-file - App plugin register hook start...
[2026-05-06T13:39:04.279] [DEBUG] debug-file - App plugin register hook end...
[2026-05-06T13:39:04.279] [DEBUG] debug-file - Plugin build process completed
[2026-05-06T13:39:04.279] [DEBUG] debug-file - Start initialize project's product build option map with build mode debug.
[2026-05-06T13:39:04.279] [DEBUG] debug-file - Picking option from product 'default' with build mode 'debug'.
[2026-05-06T13:39:04.279] [DEBUG] debug-file - Product 'default' build option initialized
[2026-05-06T13:39:04.279] [DEBUG] debug-file - End initialize project's product build option map with build mode 'debug'.
[2026-05-06T13:39:04.280] [DEBUG] debug-file - Obtain build option for product 'default'in this build.
[2026-05-06T13:39:04.282] [DEBUG] debug-file - E:\application\DevEcoStudioProjects\MyApplication\build\cache\default\remote_hsp\remoteHspCache.json not exists.
[2026-05-06T13:39:04.284] [DEBUG] debug-file - Start recording SDK configuration permission data.
[2026-05-06T13:39:04.309] [DEBUG] debug-file - Sdk init in 27 ms 
[2026-05-06T13:39:04.311] [DEBUG] debug-file - Project task initialization takes 3 ms 
[2026-05-06T13:39:04.311] [DEBUG] debug-file - hvigorfile, begin to bind custom plugins...
[2026-05-06T13:39:04.311] [DEBUG] debug-file - hvigorfile, no custom plugins were found in E:\application\DevEcoStudioProjects\MyApplication\hvigorfile.ts
[2026-05-06T13:39:04.311] [DEBUG] debug-file - hvigorfile, resolve finished E:\application\DevEcoStudioProjects\MyApplication\hvigorfile.ts
[2026-05-06T13:39:04.312] [DEBUG] debug-file - hvigorfile, resolving E:\application\DevEcoStudioProjects\MyApplication\entry\hvigorfile.ts
[2026-05-06T13:39:04.315] [DEBUG] debug-file - hvigorfile, require result:  { default: { plugins: [] } }
[2026-05-06T13:39:04.315] [DEBUG] debug-file - hvigorfile, binding system plugins null
[2026-05-06T13:39:04.315] [DEBUG] debug-file - Starting plugin build process
[2026-05-06T13:39:04.315] [DEBUG] debug-file - Hap plugin creating...
[2026-05-06T13:39:04.316] [DEBUG] debug-file - failed to load cangjie to dynamically generate schemas: Error: Cannot find module '@ohos/cangjie-build-support/index'
Require stack:
- E:\devecostudio-windows-6.1.0.830\DevEco Studio\tools\hvigor\hvigor-ohos-plugin\src\plugin\hooks\cangjie-register.js
- E:\devecostudio-windows-6.1.0.830\DevEco Studio\tools\hvigor\hvigor-ohos-plugin\src\plugin\strategy\stage-init-strategy.js
- E:\devecostudio-windows-6.1.0.830\DevEco Studio\tools\hvigor\hvigor-ohos-plugin\src\plugin\builder\abstract-plugin-builder.js
- E:\devecostudio-windows-6.1.0.830\DevEco Studio\tools\hvigor\hvigor-ohos-plugin\src\plugin\builder\app-plugin-builder.js
- E:\devecostudio-windows-6.1.0.830\DevEco Studio\tools\hvigor\hvigor-ohos-plugin\src\plugin\factory\plugin-factory.js
- E:\devecostudio-windows-6.1.0.830\DevEco Studio\tools\hvigor\hvigor-ohos-plugin\index.js
- E:\application\DevEcoStudioProjects\MyApplication\hvigorfile.ts
- E:\devecostudio-windows-6.1.0.830\DevEco Studio\tools\hvigor\hvigor\src\base\internal\lifecycle\configuration.js
- E:\devecostudio-windows-6.1.0.830\DevEco Studio\tools\hvigor\hvigor\src\base\boot\index.js
- E:\devecostudio-windows-6.1.0.830\DevEco Studio\tools\hvigor\hvigor\src\base\daemon\cluster\worker-process-lifecycle.js
- E:\devecostudio-windows-6.1.0.830\DevEco Studio\tools\hvigor\hvigor\src\base\daemon\process\daemon-process-boot-script.js
[2026-05-06T13:39:04.318] [DEBUG] debug-file - Start initialize module-target build option map, moduleName=entry, buildMode=debug
[2026-05-06T13:39:04.318] [DEBUG] debug-file - Target 'default' config initialized
[2026-05-06T13:39:04.318] [DEBUG] debug-file - Target 'ohosTest' config initialized
[2026-05-06T13:39:04.318] [DEBUG] debug-file - Module 'entry' target 'default' build option initialized
[2026-05-06T13:39:04.319] [DEBUG] debug-file - Module 'entry' target 'ohosTest' build option initialized
[2026-05-06T13:39:04.319] [DEBUG] debug-file - End initialize module-target build option map, moduleName=entry
[2026-05-06T13:39:04.319] [DEBUG] debug-file - Start initialize module-target build option map, moduleName=entry, buildMode=release
[2026-05-06T13:39:04.319] [DEBUG] debug-file - Target 'default' config initialized
[2026-05-06T13:39:04.320] [DEBUG] debug-file - Target 'ohosTest' config initialized
[2026-05-06T13:39:04.320] [DEBUG] debug-file - Module 'entry' target 'default' build option initialized
[2026-05-06T13:39:04.320] [DEBUG] debug-file - Module 'entry' target 'ohosTest' build option initialized
[2026-05-06T13:39:04.320] [DEBUG] debug-file - End initialize module-target build option map, moduleName=entry
[2026-05-06T13:39:04.320] [DEBUG] debug-file - Start initialize module-target build option map, moduleName=entry, buildMode=debug
[2026-05-06T13:39:04.320] [DEBUG] debug-file - Target 'default' config initialized
[2026-05-06T13:39:04.320] [DEBUG] debug-file - Target 'ohosTest' config initialized
[2026-05-06T13:39:04.321] [DEBUG] debug-file - Module 'entry' target 'default' build option initialized
[2026-05-06T13:39:04.321] [DEBUG] debug-file - Module 'entry' target 'ohosTest' build option initialized
[2026-05-06T13:39:04.321] [DEBUG] debug-file - End initialize module-target build option map, moduleName=entry
[2026-05-06T13:39:04.321] [DEBUG] debug-file - Obtain build option for module 'entry' target 'default'in this build.
[2026-05-06T13:39:04.322] [DEBUG] debug-file - Module entry task initialization takes 1 ms 
[2026-05-06T13:39:04.322] [DEBUG] debug-file - Hap plugin register hook start...
[2026-05-06T13:39:04.322] [DEBUG] debug-file - Hap plugin register hook end...
[2026-05-06T13:39:04.322] [DEBUG] debug-file - Plugin build process completed
[2026-05-06T13:39:04.322] [DEBUG] debug-file - hvigorfile, begin to bind custom plugins...
[2026-05-06T13:39:04.322] [DEBUG] debug-file - hvigorfile, no custom plugins were found in E:\application\DevEcoStudioProjects\MyApplication\entry\hvigorfile.ts
[2026-05-06T13:39:04.322] [DEBUG] debug-file - hvigorfile, resolve finished E:\application\DevEcoStudioProjects\MyApplication\entry\hvigorfile.ts
[2026-05-06T13:39:04.338] [DEBUG] debug-file - hvigorfile, resolve hvigorfile dependencies in 15 ms 
[2026-05-06T13:39:04.338] [DEBUG] debug-file - project has submodules:entry
[2026-05-06T13:39:04.339] [DEBUG] debug-file - start to load updatedOhPackageInfo to the disk
[2026-05-06T13:39:04.341] [DEBUG] debug-file - load to the disk finished
[2026-05-06T13:39:04.342] [DEBUG] debug-file - Start to initialize dependency information.
[2026-05-06T13:39:04.346] [DEBUG] debug-file - Module MyApplication Collected Dependency: 
[2026-05-06T13:39:04.346] [DEBUG] debug-file - Module MyApplication's total dependency: 0
[2026-05-06T13:39:04.346] [DEBUG] debug-file - Start to initialize dependency information.
[2026-05-06T13:39:04.349] [DEBUG] debug-file - Module entry Collected Dependency: 
[2026-05-06T13:39:04.349] [DEBUG] debug-file - Module entry's total dependency: 0
[2026-05-06T13:39:04.351] [DEBUG] debug-file - Configuration phase cost:85 ms 
[2026-05-06T13:39:04.352] [DEBUG] debug-file - Configuration task cost before running: 94 ms 
[2026-05-06T13:39:04.352] [DEBUG] debug-file - Executing task :entry:init
[2026-05-06T13:39:04.353] [DEBUG] debug-file - entry : init cost memory 0.01401519775390625
[2026-05-06T13:39:04.353] [DEBUG] debug-file - runTaskFromQueue task cost before running: 94 ms 
[2026-05-06T13:39:04.353] [INFO] debug-file - Finished :entry:init... after 1 ms 
[2026-05-06T13:39:04.353] [DEBUG] debug-file - Executing task ::init
[2026-05-06T13:39:04.353] [DEBUG] debug-file - MyApplication : init cost memory 0.012847900390625
[2026-05-06T13:39:04.353] [DEBUG] debug-file - runTaskFromQueue task cost before running: 95 ms 
[2026-05-06T13:39:04.353] [INFO] debug-file - Finished ::init... after 1 ms 
[2026-05-06T13:39:04.359] [DEBUG] debug-file - Obtain build option for module 'entry' target 'default'in this build.
[2026-05-06T13:39:04.360] [DEBUG] debug-file - Obtain build option for module 'entry' target 'ohosTest'in this build.
[2026-05-06T13:39:04.362] [DEBUG] debug-file - hvigor build process will be closed.
[2026-05-06T13:39:04.368] [DEBUG] debug-file - session manager: send message to worker process.
[2026-05-06T13:39:04.369] [DEBUG] debug-file - session manager: send message to worker process.
[2026-05-06T13:39:04.370] [DEBUG] debug-file - watch worker: worker id should be larger than 0. Nothing will be sent to any worker thread.
[2026-05-06T13:39:04.370] [DEBUG] debug-file - watch worker: worker id should be larger than 0. Nothing will be sent to any worker thread.
[2026-05-06T13:39:14.940] [DEBUG] debug-file - session manager: set active socket. socketId=YgmGj7hyYAfa10dcAAAR
[2026-05-06T13:39:14.960] [DEBUG] debug-file - watch worker: worker id should be larger than 0. Nothing will be sent to any worker thread.
[2026-05-06T13:39:14.964] [DEBUG] debug-file - Workers' log level updated to INFO
[2026-05-06T13:39:14.969] [DEBUG] debug-file - Hvigor init with startParameters:{
  hvigorfileTypeCheck: false,
  parallelExecution: true,
  incrementalExecution: true,
  printStackTrace: false,
  daemon: true,
  analyze: 0,
  logLevel: Level { level: 20000, levelStr: 'INFO', colour: 'green' },
  optimizationStrategy: 'memory',
  hotCompile: undefined,
  hotReloadBuild: undefined,
  customizedParam: undefined
}
[2026-05-06T13:39:14.973] [DEBUG] debug-file - Cache service initialization finished in 4 ms 
[2026-05-06T13:39:14.975] [DEBUG] debug-file - hvigorfile, resolving E:\application\DevEcoStudioProjects\MyApplication\hvigorfile.ts
[2026-05-06T13:39:14.979] [DEBUG] debug-file - hvigorfile, require result:  { default: { plugins: [] } }
[2026-05-06T13:39:14.979] [DEBUG] debug-file - hvigorfile, binding system plugins null
[2026-05-06T13:39:14.980] [DEBUG] debug-file - Starting plugin build process
[2026-05-06T13:39:14.980] [DEBUG] debug-file - App plugin prepare start...
[2026-05-06T13:39:14.980] [DEBUG] debug-file - App plugin prepare end...
[2026-05-06T13:39:14.981] [DEBUG] debug-file - App plugin creating...
[2026-05-06T13:39:14.989] [DEBUG] debug-file - App plugin register hook start...
[2026-05-06T13:39:14.989] [DEBUG] debug-file - App plugin register hook end...
[2026-05-06T13:39:14.989] [DEBUG] debug-file - Plugin build process completed
[2026-05-06T13:39:14.990] [DEBUG] debug-file - Start initialize project's product build option map with build mode debug.
[2026-05-06T13:39:14.990] [DEBUG] debug-file - Picking option from product 'default' with build mode 'debug'.
[2026-05-06T13:39:14.990] [DEBUG] debug-file - Product 'default' build option initialized
[2026-05-06T13:39:14.990] [DEBUG] debug-file - End initialize project's product build option map with build mode 'debug'.
[2026-05-06T13:39:14.991] [DEBUG] debug-file - Obtain build option for product 'default'in this build.
[2026-05-06T13:39:14.995] [DEBUG] debug-file - E:\application\DevEcoStudioProjects\MyApplication\build\cache\default\remote_hsp\remoteHspCache.json not exists.
[2026-05-06T13:39:14.998] [DEBUG] debug-file - Start recording SDK configuration permission data.
[2026-05-06T13:39:15.024] [DEBUG] debug-file - Sdk init in 29 ms 
[2026-05-06T13:39:15.027] [DEBUG] debug-file - Project task initialization takes 3 ms 
[2026-05-06T13:39:15.027] [DEBUG] debug-file - hvigorfile, begin to bind custom plugins...
[2026-05-06T13:39:15.027] [DEBUG] debug-file - hvigorfile, no custom plugins were found in E:\application\DevEcoStudioProjects\MyApplication\hvigorfile.ts
[2026-05-06T13:39:15.027] [DEBUG] debug-file - hvigorfile, resolve finished E:\application\DevEcoStudioProjects\MyApplication\hvigorfile.ts
[2026-05-06T13:39:15.027] [DEBUG] debug-file - hvigorfile, resolving E:\application\DevEcoStudioProjects\MyApplication\entry\hvigorfile.ts
[2026-05-06T13:39:15.030] [DEBUG] debug-file - hvigorfile, require result:  { default: { plugins: [] } }
[2026-05-06T13:39:15.030] [DEBUG] debug-file - hvigorfile, binding system plugins null
[2026-05-06T13:39:15.030] [DEBUG] debug-file - Starting plugin build process
[2026-05-06T13:39:15.030] [DEBUG] debug-file - Hap plugin creating...
[2026-05-06T13:39:15.031] [DEBUG] debug-file - failed to load cangjie to dynamically generate schemas: Error: Cannot find module '@ohos/cangjie-build-support/index'
Require stack:
- E:\devecostudio-windows-6.1.0.830\DevEco Studio\tools\hvigor\hvigor-ohos-plugin\src\plugin\hooks\cangjie-register.js
- E:\devecostudio-windows-6.1.0.830\DevEco Studio\tools\hvigor\hvigor-ohos-plugin\src\plugin\strategy\stage-init-strategy.js
- E:\devecostudio-windows-6.1.0.830\DevEco Studio\tools\hvigor\hvigor-ohos-plugin\src\plugin\builder\abstract-plugin-builder.js
- E:\devecostudio-windows-6.1.0.830\DevEco Studio\tools\hvigor\hvigor-ohos-plugin\src\plugin\builder\app-plugin-builder.js
- E:\devecostudio-windows-6.1.0.830\DevEco Studio\tools\hvigor\hvigor-ohos-plugin\src\plugin\factory\plugin-factory.js
- E:\devecostudio-windows-6.1.0.830\DevEco Studio\tools\hvigor\hvigor-ohos-plugin\index.js
- E:\application\DevEcoStudioProjects\MyApplication\hvigorfile.ts
- E:\devecostudio-windows-6.1.0.830\DevEco Studio\tools\hvigor\hvigor\src\base\internal\lifecycle\configuration.js
- E:\devecostudio-windows-6.1.0.830\DevEco Studio\tools\hvigor\hvigor\src\base\boot\index.js
- E:\devecostudio-windows-6.1.0.830\DevEco Studio\tools\hvigor\hvigor\src\base\daemon\cluster\worker-process-lifecycle.js
- E:\devecostudio-windows-6.1.0.830\DevEco Studio\tools\hvigor\hvigor\src\base\daemon\process\daemon-process-boot-script.js
[2026-05-06T13:39:15.033] [DEBUG] debug-file - Start initialize module-target build option map, moduleName=entry, buildMode=debug
[2026-05-06T13:39:15.033] [DEBUG] debug-file - Target 'default' config initialized
[2026-05-06T13:39:15.033] [DEBUG] debug-file - Target 'ohosTest' config initialized
[2026-05-06T13:39:15.034] [DEBUG] debug-file - Module 'entry' target 'default' build option initialized
[2026-05-06T13:39:15.034] [DEBUG] debug-file - Module 'entry' target 'ohosTest' build option initialized
[2026-05-06T13:39:15.034] [DEBUG] debug-file - End initialize module-target build option map, moduleName=entry
[2026-05-06T13:39:15.034] [DEBUG] debug-file - Start initialize module-target build option map, moduleName=entry, buildMode=release
[2026-05-06T13:39:15.034] [DEBUG] debug-file - Target 'default' config initialized
[2026-05-06T13:39:15.034] [DEBUG] debug-file - Target 'ohosTest' config initialized
[2026-05-06T13:39:15.034] [DEBUG] debug-file - Module 'entry' target 'default' build option initialized
[2026-05-06T13:39:15.034] [DEBUG] debug-file - Module 'entry' target 'ohosTest' build option initialized
[2026-05-06T13:39:15.034] [DEBUG] debug-file - End initialize module-target build option map, moduleName=entry
[2026-05-06T13:39:15.034] [DEBUG] debug-file - Start initialize module-target build option map, moduleName=entry, buildMode=debug
[2026-05-06T13:39:15.034] [DEBUG] debug-file - Target 'default' config initialized
[2026-05-06T13:39:15.035] [DEBUG] debug-file - Target 'ohosTest' config initialized
[2026-05-06T13:39:15.035] [DEBUG] debug-file - Module 'entry' target 'default' build option initialized
[2026-05-06T13:39:15.035] [DEBUG] debug-file - Module 'entry' target 'ohosTest' build option initialized
[2026-05-06T13:39:15.035] [DEBUG] debug-file - End initialize module-target build option map, moduleName=entry
[2026-05-06T13:39:15.035] [DEBUG] debug-file - Obtain build option for module 'entry' target 'default'in this build.
[2026-05-06T13:39:15.037] [DEBUG] debug-file - Module entry task initialization takes 1 ms 
[2026-05-06T13:39:15.037] [DEBUG] debug-file - Hap plugin register hook start...
[2026-05-06T13:39:15.037] [DEBUG] debug-file - Hap plugin register hook end...
[2026-05-06T13:39:15.037] [DEBUG] debug-file - Plugin build process completed
[2026-05-06T13:39:15.037] [DEBUG] debug-file - hvigorfile, begin to bind custom plugins...
[2026-05-06T13:39:15.037] [DEBUG] debug-file - hvigorfile, no custom plugins were found in E:\application\DevEcoStudioProjects\MyApplication\entry\hvigorfile.ts
[2026-05-06T13:39:15.037] [DEBUG] debug-file - hvigorfile, resolve finished E:\application\DevEcoStudioProjects\MyApplication\entry\hvigorfile.ts
[2026-05-06T13:39:15.065] [DEBUG] debug-file - hvigorfile, resolve hvigorfile dependencies in 28 ms 
[2026-05-06T13:39:15.065] [DEBUG] debug-file - project has submodules:entry
[2026-05-06T13:39:15.068] [DEBUG] debug-file - start to load updatedOhPackageInfo to the disk
[2026-05-06T13:39:15.070] [DEBUG] debug-file - load to the disk finished
[2026-05-06T13:39:15.073] [DEBUG] debug-file - Start to initialize dependency information.
[2026-05-06T13:39:15.078] [DEBUG] debug-file - Module MyApplication Collected Dependency: 
[2026-05-06T13:39:15.078] [DEBUG] debug-file - Module MyApplication's total dependency: 0
[2026-05-06T13:39:15.078] [DEBUG] debug-file - Start to initialize dependency information.
[2026-05-06T13:39:15.081] [DEBUG] debug-file - Module entry Collected Dependency: 
[2026-05-06T13:39:15.081] [DEBUG] debug-file - Module entry's total dependency: 0
[2026-05-06T13:39:15.083] [DEBUG] debug-file - Configuration phase cost:110 ms 
[2026-05-06T13:39:15.084] [DEBUG] debug-file - Configuration task cost before running: 120 ms 
[2026-05-06T13:39:15.084] [DEBUG] debug-file - Executing task :entry:init
[2026-05-06T13:39:15.084] [DEBUG] debug-file - entry : init cost memory 0.01401519775390625
[2026-05-06T13:39:15.085] [DEBUG] debug-file - runTaskFromQueue task cost before running: 120 ms 
[2026-05-06T13:39:15.085] [INFO] debug-file - Finished :entry:init... after 1 ms 
[2026-05-06T13:39:15.085] [DEBUG] debug-file - Executing task ::init
[2026-05-06T13:39:15.085] [DEBUG] debug-file - MyApplication : init cost memory 0.012847900390625
[2026-05-06T13:39:15.085] [DEBUG] debug-file - runTaskFromQueue task cost before running: 121 ms 
[2026-05-06T13:39:15.085] [INFO] debug-file - Finished ::init... after 1 ms 
[2026-05-06T13:39:15.093] [DEBUG] debug-file - Obtain build option for module 'entry' target 'default'in this build.
[2026-05-06T13:39:15.093] [DEBUG] debug-file - Obtain build option for module 'entry' target 'ohosTest'in this build.
[2026-05-06T13:39:15.096] [DEBUG] debug-file - hvigor build process will be closed.
[2026-05-06T13:39:15.102] [DEBUG] debug-file - session manager: send message to worker process.
[2026-05-06T13:39:15.102] [DEBUG] debug-file - session manager: send message to worker process.
[2026-05-06T13:39:15.104] [DEBUG] debug-file - watch worker: worker id should be larger than 0. Nothing will be sent to any worker thread.
[2026-05-06T13:39:15.104] [DEBUG] debug-file - watch worker: worker id should be larger than 0. Nothing will be sent to any worker thread.
[2026-05-06T13:48:12.311] [DEBUG] debug-file - session manager: set active socket. socketId=vp3ALpGQt0RdSw7dAAAT
[2026-05-06T13:48:12.334] [DEBUG] debug-file - watch worker: worker id should be larger than 0. Nothing will be sent to any worker thread.
[2026-05-06T13:48:12.338] [DEBUG] debug-file - Workers' log level updated to INFO
[2026-05-06T13:48:12.344] [DEBUG] debug-file - Hvigor init with startParameters:{
  hvigorfileTypeCheck: false,
  parallelExecution: true,
  incrementalExecution: true,
  printStackTrace: false,
  daemon: true,
  analyze: 0,
  logLevel: Level { level: 20000, levelStr: 'INFO', colour: 'green' },
  optimizationStrategy: 'memory',
  hotCompile: undefined,
  hotReloadBuild: undefined,
  customizedParam: undefined
}
[2026-05-06T13:48:12.349] [DEBUG] debug-file - Cache service initialization finished in 5 ms 
[2026-05-06T13:48:12.350] [DEBUG] debug-file - hvigorfile, resolving E:\application\DevEcoStudioProjects\MyApplication\hvigorfile.ts
[2026-05-06T13:48:12.355] [DEBUG] debug-file - hvigorfile, require result:  { default: { plugins: [] } }
[2026-05-06T13:48:12.355] [DEBUG] debug-file - hvigorfile, binding system plugins null
[2026-05-06T13:48:12.356] [DEBUG] debug-file - Starting plugin build process
[2026-05-06T13:48:12.356] [DEBUG] debug-file - App plugin prepare start...
[2026-05-06T13:48:12.356] [DEBUG] debug-file - App plugin prepare end...
[2026-05-06T13:48:12.356] [DEBUG] debug-file - App plugin creating...
[2026-05-06T13:48:12.361] [DEBUG] debug-file - App plugin register hook start...
[2026-05-06T13:48:12.361] [DEBUG] debug-file - App plugin register hook end...
[2026-05-06T13:48:12.361] [DEBUG] debug-file - Plugin build process completed
[2026-05-06T13:48:12.362] [DEBUG] debug-file - Start initialize project's product build option map with build mode debug.
[2026-05-06T13:48:12.362] [DEBUG] debug-file - Picking option from product 'default' with build mode 'debug'.
[2026-05-06T13:48:12.362] [DEBUG] debug-file - Product 'default' build option initialized
[2026-05-06T13:48:12.362] [DEBUG] debug-file - End initialize project's product build option map with build mode 'debug'.
[2026-05-06T13:48:12.363] [DEBUG] debug-file - Obtain build option for product 'default'in this build.
[2026-05-06T13:48:12.366] [DEBUG] debug-file - E:\application\DevEcoStudioProjects\MyApplication\build\cache\default\remote_hsp\remoteHspCache.json not exists.
[2026-05-06T13:48:12.369] [DEBUG] debug-file - Start recording SDK configuration permission data.
[2026-05-06T13:48:12.393] [DEBUG] debug-file - Sdk init in 27 ms 
[2026-05-06T13:48:12.396] [DEBUG] debug-file - Project task initialization takes 3 ms 
[2026-05-06T13:48:12.396] [DEBUG] debug-file - hvigorfile, begin to bind custom plugins...
[2026-05-06T13:48:12.396] [DEBUG] debug-file - hvigorfile, no custom plugins were found in E:\application\DevEcoStudioProjects\MyApplication\hvigorfile.ts
[2026-05-06T13:48:12.396] [DEBUG] debug-file - hvigorfile, resolve finished E:\application\DevEcoStudioProjects\MyApplication\hvigorfile.ts
[2026-05-06T13:48:12.397] [DEBUG] debug-file - hvigorfile, resolving E:\application\DevEcoStudioProjects\MyApplication\entry\hvigorfile.ts
[2026-05-06T13:48:12.400] [DEBUG] debug-file - hvigorfile, require result:  { default: { plugins: [] } }
[2026-05-06T13:48:12.401] [DEBUG] debug-file - hvigorfile, binding system plugins null
[2026-05-06T13:48:12.401] [DEBUG] debug-file - Starting plugin build process
[2026-05-06T13:48:12.401] [DEBUG] debug-file - Hap plugin creating...
[2026-05-06T13:48:12.402] [DEBUG] debug-file - failed to load cangjie to dynamically generate schemas: Error: Cannot find module '@ohos/cangjie-build-support/index'
Require stack:
- E:\devecostudio-windows-6.1.0.830\DevEco Studio\tools\hvigor\hvigor-ohos-plugin\src\plugin\hooks\cangjie-register.js
- E:\devecostudio-windows-6.1.0.830\DevEco Studio\tools\hvigor\hvigor-ohos-plugin\src\plugin\strategy\stage-init-strategy.js
- E:\devecostudio-windows-6.1.0.830\DevEco Studio\tools\hvigor\hvigor-ohos-plugin\src\plugin\builder\abstract-plugin-builder.js
- E:\devecostudio-windows-6.1.0.830\DevEco Studio\tools\hvigor\hvigor-ohos-plugin\src\plugin\builder\app-plugin-builder.js
- E:\devecostudio-windows-6.1.0.830\DevEco Studio\tools\hvigor\hvigor-ohos-plugin\src\plugin\factory\plugin-factory.js
- E:\devecostudio-windows-6.1.0.830\DevEco Studio\tools\hvigor\hvigor-ohos-plugin\index.js
- E:\application\DevEcoStudioProjects\MyApplication\hvigorfile.ts
- E:\devecostudio-windows-6.1.0.830\DevEco Studio\tools\hvigor\hvigor\src\base\internal\lifecycle\configuration.js
- E:\devecostudio-windows-6.1.0.830\DevEco Studio\tools\hvigor\hvigor\src\base\boot\index.js
- E:\devecostudio-windows-6.1.0.830\DevEco Studio\tools\hvigor\hvigor\src\base\daemon\cluster\worker-process-lifecycle.js
- E:\devecostudio-windows-6.1.0.830\DevEco Studio\tools\hvigor\hvigor\src\base\daemon\process\daemon-process-boot-script.js
[2026-05-06T13:48:12.404] [DEBUG] debug-file - Start initialize module-target build option map, moduleName=entry, buildMode=debug
[2026-05-06T13:48:12.405] [DEBUG] debug-file - Target 'default' config initialized
[2026-05-06T13:48:12.405] [DEBUG] debug-file - Target 'ohosTest' config initialized
[2026-05-06T13:48:12.405] [DEBUG] debug-file - Module 'entry' target 'default' build option initialized
[2026-05-06T13:48:12.405] [DEBUG] debug-file - Module 'entry' target 'ohosTest' build option initialized
[2026-05-06T13:48:12.406] [DEBUG] debug-file - End initialize module-target build option map, moduleName=entry
[2026-05-06T13:48:12.406] [DEBUG] debug-file - Start initialize module-target build option map, moduleName=entry, buildMode=release
[2026-05-06T13:48:12.406] [DEBUG] debug-file - Target 'default' config initialized
[2026-05-06T13:48:12.406] [DEBUG] debug-file - Target 'ohosTest' config initialized
[2026-05-06T13:48:12.406] [DEBUG] debug-file - Module 'entry' target 'default' build option initialized
[2026-05-06T13:48:12.406] [DEBUG] debug-file - Module 'entry' target 'ohosTest' build option initialized
[2026-05-06T13:48:12.406] [DEBUG] debug-file - End initialize module-target build option map, moduleName=entry
[2026-05-06T13:48:12.406] [DEBUG] debug-file - Start initialize module-target build option map, moduleName=entry, buildMode=debug
[2026-05-06T13:48:12.406] [DEBUG] debug-file - Target 'default' config initialized
[2026-05-06T13:48:12.406] [DEBUG] debug-file - Target 'ohosTest' config initialized
[2026-05-06T13:48:12.406] [DEBUG] debug-file - Module 'entry' target 'default' build option initialized
[2026-05-06T13:48:12.406] [DEBUG] debug-file - Module 'entry' target 'ohosTest' build option initialized
[2026-05-06T13:48:12.406] [DEBUG] debug-file - End initialize module-target build option map, moduleName=entry
[2026-05-06T13:48:12.407] [DEBUG] debug-file - Obtain build option for module 'entry' target 'default'in this build.
[2026-05-06T13:48:12.410] [DEBUG] debug-file - Module entry task initialization takes 3 ms 
[2026-05-06T13:48:12.410] [DEBUG] debug-file - Hap plugin register hook start...
[2026-05-06T13:48:12.410] [DEBUG] debug-file - Hap plugin register hook end...
[2026-05-06T13:48:12.410] [DEBUG] debug-file - Plugin build process completed
[2026-05-06T13:48:12.410] [DEBUG] debug-file - hvigorfile, begin to bind custom plugins...
[2026-05-06T13:48:12.410] [DEBUG] debug-file - hvigorfile, no custom plugins were found in E:\application\DevEcoStudioProjects\MyApplication\entry\hvigorfile.ts
[2026-05-06T13:48:12.410] [DEBUG] debug-file - hvigorfile, resolve finished E:\application\DevEcoStudioProjects\MyApplication\entry\hvigorfile.ts
[2026-05-06T13:48:12.425] [DEBUG] debug-file - hvigorfile, resolve hvigorfile dependencies in 15 ms 
[2026-05-06T13:48:12.425] [DEBUG] debug-file - project has submodules:entry
[2026-05-06T13:48:12.427] [DEBUG] debug-file - start to load updatedOhPackageInfo to the disk
[2026-05-06T13:48:12.429] [DEBUG] debug-file - load to the disk finished
[2026-05-06T13:48:12.430] [DEBUG] debug-file - Start to initialize dependency information.
[2026-05-06T13:48:12.435] [DEBUG] debug-file - Module MyApplication Collected Dependency: 
[2026-05-06T13:48:12.435] [DEBUG] debug-file - Module MyApplication's total dependency: 0
[2026-05-06T13:48:12.435] [DEBUG] debug-file - Start to initialize dependency information.
[2026-05-06T13:48:12.437] [DEBUG] debug-file - Module entry Collected Dependency: 
[2026-05-06T13:48:12.437] [DEBUG] debug-file - Module entry's total dependency: 0
[2026-05-06T13:48:12.439] [DEBUG] debug-file - Configuration phase cost:90 ms 
[2026-05-06T13:48:12.440] [DEBUG] debug-file - Configuration task cost before running: 101 ms 
[2026-05-06T13:48:12.440] [DEBUG] debug-file - Executing task :entry:init
[2026-05-06T13:48:12.440] [DEBUG] debug-file - entry : init cost memory 0.01572418212890625
[2026-05-06T13:48:12.440] [DEBUG] debug-file - runTaskFromQueue task cost before running: 102 ms 
[2026-05-06T13:48:12.440] [INFO] debug-file - Finished :entry:init... after 1 ms 
[2026-05-06T13:48:12.441] [DEBUG] debug-file - Executing task ::init
[2026-05-06T13:48:12.441] [DEBUG] debug-file - MyApplication : init cost memory 0.01264190673828125
[2026-05-06T13:48:12.441] [DEBUG] debug-file - runTaskFromQueue task cost before running: 102 ms 
[2026-05-06T13:48:12.441] [INFO] debug-file - Finished ::init... after 1 ms 
[2026-05-06T13:48:12.447] [DEBUG] debug-file - Obtain build option for module 'entry' target 'default'in this build.
[2026-05-06T13:48:12.448] [DEBUG] debug-file - Obtain build option for module 'entry' target 'ohosTest'in this build.
[2026-05-06T13:48:12.450] [DEBUG] debug-file - hvigor build process will be closed.
[2026-05-06T13:48:12.457] [DEBUG] debug-file - session manager: send message to worker process.
[2026-05-06T13:48:12.458] [DEBUG] debug-file - session manager: send message to worker process.
[2026-05-06T13:48:12.458] [DEBUG] debug-file - watch worker: worker id should be larger than 0. Nothing will be sent to any worker thread.
[2026-05-06T13:48:12.458] [DEBUG] debug-file - watch worker: worker id should be larger than 0. Nothing will be sent to any worker thread.
[2026-05-06T13:48:57.948] [DEBUG] debug-file - session manager: set active socket. socketId=I4w7Fu7n907IS-9pAAAV
[2026-05-06T13:48:57.968] [DEBUG] debug-file - watch worker: worker id should be larger than 0. Nothing will be sent to any worker thread.
[2026-05-06T13:48:57.971] [DEBUG] debug-file - Workers' log level updated to INFO
[2026-05-06T13:48:57.975] [DEBUG] debug-file - Hvigor init with startParameters:{
  hvigorfileTypeCheck: false,
  parallelExecution: true,
  incrementalExecution: true,
  printStackTrace: false,
  daemon: true,
  analyze: 0,
  logLevel: Level { level: 20000, levelStr: 'INFO', colour: 'green' },
  optimizationStrategy: 'memory',
  hotCompile: undefined,
  hotReloadBuild: undefined,
  customizedParam: undefined
}
[2026-05-06T13:48:57.980] [DEBUG] debug-file - Cache service initialization finished in 5 ms 
[2026-05-06T13:48:57.981] [DEBUG] debug-file - hvigorfile, resolving E:\application\DevEcoStudioProjects\MyApplication\hvigorfile.ts
[2026-05-06T13:48:57.987] [DEBUG] debug-file - hvigorfile, require result:  { default: { plugins: [] } }
[2026-05-06T13:48:57.987] [DEBUG] debug-file - hvigorfile, binding system plugins null
[2026-05-06T13:48:57.988] [DEBUG] debug-file - Starting plugin build process
[2026-05-06T13:48:57.988] [DEBUG] debug-file - App plugin prepare start...
[2026-05-06T13:48:57.988] [DEBUG] debug-file - App plugin prepare end...
[2026-05-06T13:48:57.988] [DEBUG] debug-file - App plugin creating...
[2026-05-06T13:48:57.997] [DEBUG] debug-file - App plugin register hook start...
[2026-05-06T13:48:57.997] [DEBUG] debug-file - App plugin register hook end...
[2026-05-06T13:48:57.998] [DEBUG] debug-file - Plugin build process completed
[2026-05-06T13:48:57.998] [DEBUG] debug-file - Start initialize project's product build option map with build mode debug.
[2026-05-06T13:48:57.998] [DEBUG] debug-file - Picking option from product 'default' with build mode 'debug'.
[2026-05-06T13:48:57.998] [DEBUG] debug-file - Product 'default' build option initialized
[2026-05-06T13:48:57.998] [DEBUG] debug-file - End initialize project's product build option map with build mode 'debug'.
[2026-05-06T13:48:57.999] [DEBUG] debug-file - Obtain build option for product 'default'in this build.
[2026-05-06T13:48:58.002] [DEBUG] debug-file - E:\application\DevEcoStudioProjects\MyApplication\build\cache\default\remote_hsp\remoteHspCache.json not exists.
[2026-05-06T13:48:58.005] [DEBUG] debug-file - Start recording SDK configuration permission data.
[2026-05-06T13:48:58.030] [DEBUG] debug-file - Sdk init in 28 ms 
[2026-05-06T13:48:58.034] [DEBUG] debug-file - Project task initialization takes 3 ms 
[2026-05-06T13:48:58.034] [DEBUG] debug-file - hvigorfile, begin to bind custom plugins...
[2026-05-06T13:48:58.034] [DEBUG] debug-file - hvigorfile, no custom plugins were found in E:\application\DevEcoStudioProjects\MyApplication\hvigorfile.ts
[2026-05-06T13:48:58.034] [DEBUG] debug-file - hvigorfile, resolve finished E:\application\DevEcoStudioProjects\MyApplication\hvigorfile.ts
[2026-05-06T13:48:58.034] [DEBUG] debug-file - hvigorfile, resolving E:\application\DevEcoStudioProjects\MyApplication\entry\hvigorfile.ts
[2026-05-06T13:48:58.037] [DEBUG] debug-file - hvigorfile, require result:  { default: { plugins: [] } }
[2026-05-06T13:48:58.037] [DEBUG] debug-file - hvigorfile, binding system plugins null
[2026-05-06T13:48:58.037] [DEBUG] debug-file - Starting plugin build process
[2026-05-06T13:48:58.037] [DEBUG] debug-file - Hap plugin creating...
[2026-05-06T13:48:58.038] [DEBUG] debug-file - failed to load cangjie to dynamically generate schemas: Error: Cannot find module '@ohos/cangjie-build-support/index'
Require stack:
- E:\devecostudio-windows-6.1.0.830\DevEco Studio\tools\hvigor\hvigor-ohos-plugin\src\plugin\hooks\cangjie-register.js
- E:\devecostudio-windows-6.1.0.830\DevEco Studio\tools\hvigor\hvigor-ohos-plugin\src\plugin\strategy\stage-init-strategy.js
- E:\devecostudio-windows-6.1.0.830\DevEco Studio\tools\hvigor\hvigor-ohos-plugin\src\plugin\builder\abstract-plugin-builder.js
- E:\devecostudio-windows-6.1.0.830\DevEco Studio\tools\hvigor\hvigor-ohos-plugin\src\plugin\builder\app-plugin-builder.js
- E:\devecostudio-windows-6.1.0.830\DevEco Studio\tools\hvigor\hvigor-ohos-plugin\src\plugin\factory\plugin-factory.js
- E:\devecostudio-windows-6.1.0.830\DevEco Studio\tools\hvigor\hvigor-ohos-plugin\index.js
- E:\application\DevEcoStudioProjects\MyApplication\hvigorfile.ts
- E:\devecostudio-windows-6.1.0.830\DevEco Studio\tools\hvigor\hvigor\src\base\internal\lifecycle\configuration.js
- E:\devecostudio-windows-6.1.0.830\DevEco Studio\tools\hvigor\hvigor\src\base\boot\index.js
- E:\devecostudio-windows-6.1.0.830\DevEco Studio\tools\hvigor\hvigor\src\base\daemon\cluster\worker-process-lifecycle.js
- E:\devecostudio-windows-6.1.0.830\DevEco Studio\tools\hvigor\hvigor\src\base\daemon\process\daemon-process-boot-script.js
[2026-05-06T13:48:58.040] [DEBUG] debug-file - Start initialize module-target build option map, moduleName=entry, buildMode=debug
[2026-05-06T13:48:58.040] [DEBUG] debug-file - Target 'default' config initialized
[2026-05-06T13:48:58.040] [DEBUG] debug-file - Target 'ohosTest' config initialized
[2026-05-06T13:48:58.040] [DEBUG] debug-file - Module 'entry' target 'default' build option initialized
[2026-05-06T13:48:58.040] [DEBUG] debug-file - Module 'entry' target 'ohosTest' build option initialized
[2026-05-06T13:48:58.040] [DEBUG] debug-file - End initialize module-target build option map, moduleName=entry
[2026-05-06T13:48:58.040] [DEBUG] debug-file - Start initialize module-target build option map, moduleName=entry, buildMode=release
[2026-05-06T13:48:58.040] [DEBUG] debug-file - Target 'default' config initialized
[2026-05-06T13:48:58.042] [DEBUG] debug-file - Target 'ohosTest' config initialized
[2026-05-06T13:48:58.042] [DEBUG] debug-file - Module 'entry' target 'default' build option initialized
[2026-05-06T13:48:58.042] [DEBUG] debug-file - Module 'entry' target 'ohosTest' build option initialized
[2026-05-06T13:48:58.042] [DEBUG] debug-file - End initialize module-target build option map, moduleName=entry
[2026-05-06T13:48:58.042] [DEBUG] debug-file - Start initialize module-target build option map, moduleName=entry, buildMode=debug
[2026-05-06T13:48:58.042] [DEBUG] debug-file - Target 'default' config initialized
[2026-05-06T13:48:58.042] [DEBUG] debug-file - Target 'ohosTest' config initialized
[2026-05-06T13:48:58.042] [DEBUG] debug-file - Module 'entry' target 'default' build option initialized
[2026-05-06T13:48:58.042] [DEBUG] debug-file - Module 'entry' target 'ohosTest' build option initialized
[2026-05-06T13:48:58.042] [DEBUG] debug-file - End initialize module-target build option map, moduleName=entry
[2026-05-06T13:48:58.042] [DEBUG] debug-file - Obtain build option for module 'entry' target 'default'in this build.
[2026-05-06T13:48:58.044] [DEBUG] debug-file - Module entry task initialization takes 1 ms 
[2026-05-06T13:48:58.044] [DEBUG] debug-file - Hap plugin register hook start...
[2026-05-06T13:48:58.044] [DEBUG] debug-file - Hap plugin register hook end...
[2026-05-06T13:48:58.044] [DEBUG] debug-file - Plugin build process completed
[2026-05-06T13:48:58.044] [DEBUG] debug-file - hvigorfile, begin to bind custom plugins...
[2026-05-06T13:48:58.044] [DEBUG] debug-file - hvigorfile, no custom plugins were found in E:\application\DevEcoStudioProjects\MyApplication\entry\hvigorfile.ts
[2026-05-06T13:48:58.044] [DEBUG] debug-file - hvigorfile, resolve finished E:\application\DevEcoStudioProjects\MyApplication\entry\hvigorfile.ts
[2026-05-06T13:48:58.059] [DEBUG] debug-file - hvigorfile, resolve hvigorfile dependencies in 15 ms 
[2026-05-06T13:48:58.059] [DEBUG] debug-file - project has submodules:entry
[2026-05-06T13:48:58.060] [DEBUG] debug-file - Start to initialize dependency information.
[2026-05-06T13:48:58.065] [DEBUG] debug-file - Module MyApplication Collected Dependency: 
[2026-05-06T13:48:58.065] [DEBUG] debug-file - Module MyApplication's total dependency: 0
[2026-05-06T13:48:58.066] [DEBUG] debug-file - Start to initialize dependency information.
[2026-05-06T13:48:58.068] [DEBUG] debug-file - Module entry Collected Dependency: 
[2026-05-06T13:48:58.068] [DEBUG] debug-file - Module entry's total dependency: 0
[2026-05-06T13:48:58.069] [DEBUG] debug-file - Configuration phase cost:90 ms 
[2026-05-06T13:48:58.071] [DEBUG] debug-file - Configuration task cost before running: 99 ms 
[2026-05-06T13:48:58.071] [DEBUG] debug-file - Executing task :entry:clean
[2026-05-06T13:48:58.071] [DEBUG] debug-file - clean: Start terminating worker pool.
[2026-05-06T13:48:58.072] [DEBUG] debug-file - Current worker pool is stopped or closed.
[2026-05-06T13:48:58.072] [DEBUG] debug-file - Clear worker 4.
[2026-05-06T13:48:58.072] [DEBUG] debug-file - Worker 4 has been cleared.
[2026-05-06T13:48:58.072] [DEBUG] debug-file - Current idle worker size: 0.
[2026-05-06T13:48:58.072] [DEBUG] debug-file - Current busy worker size: 0.
[2026-05-06T13:48:58.075] [DEBUG] debug-file - Current worker pool is terminated.
[2026-05-06T13:48:58.075] [DEBUG] debug-file - clean: Terminating worker pool finished.
[2026-05-06T13:48:58.163] [DEBUG] debug-file - entry : clean cost memory 0.15169525146484375
[2026-05-06T13:48:58.163] [DEBUG] debug-file - runTaskFromQueue task cost before running: 191 ms 
[2026-05-06T13:48:58.163] [INFO] debug-file - Finished :entry:clean... after 92 ms 
[2026-05-06T13:48:58.163] [DEBUG] debug-file - Executing task ::clean
[2026-05-06T13:48:58.163] [DEBUG] debug-file - clean: Worker pool is inactive.
[2026-05-06T13:48:58.164] [DEBUG] debug-file - MyApplication : clean cost memory 0.0257415771484375
[2026-05-06T13:48:58.164] [DEBUG] debug-file - runTaskFromQueue task cost before running: 192 ms 
[2026-05-06T13:48:58.164] [INFO] debug-file - Finished ::clean... after 1 ms 
[2026-05-06T13:48:58.171] [INFO] debug-file - BUILD SUCCESSFUL in 200 ms 
[2026-05-06T13:48:58.189] [DEBUG] debug-file - worker[4] exits with exit code 1.
[2026-05-06T13:48:58.190] [DEBUG] debug-file - Since there is no instance or instance is terminated, create a new worker pool.
[2026-05-06T13:48:58.190] [DEBUG] debug-file - Worker pool is initialized with config:  {
  minPoolNum: 2,
  maxPoolNum: undefined,
  maxCoreSize: undefined,
  cacheCapacity: undefined,
  cacheTtl: undefined
}
[2026-05-06T13:48:58.191] [DEBUG] debug-file - Create  resident worker with id: 0.
[2026-05-06T13:48:58.192] [DEBUG] debug-file - Create  resident worker with id: 1.
[2026-05-06T13:48:58.194] [DEBUG] debug-file - Cleanup worker 0.
[2026-05-06T13:48:58.194] [DEBUG] debug-file - Worker 0 has been cleaned up.
[2026-05-06T13:48:58.194] [DEBUG] debug-file - Current idle worker size: 1.
[2026-05-06T13:48:58.194] [DEBUG] debug-file - Current resident worker size: 2.
[2026-05-06T13:48:58.194] [DEBUG] debug-file - Cleanup worker 1.
[2026-05-06T13:48:58.194] [DEBUG] debug-file - Worker 1 has been cleaned up.
[2026-05-06T13:48:58.194] [DEBUG] debug-file - Current idle worker size: 0.
[2026-05-06T13:48:58.194] [DEBUG] debug-file - Current resident worker size: 2.
[2026-05-06T13:48:58.195] [DEBUG] debug-file - hvigor build process will be closed.
[2026-05-06T13:48:58.203] [DEBUG] debug-file - session manager: send message to worker process.
[2026-05-06T13:48:58.204] [DEBUG] debug-file - session manager: send message to worker process.
[2026-05-06T13:48:58.202] [DEBUG] debug-file - worker[0] exits with exit code 0.
[2026-05-06T13:48:58.204] [DEBUG] debug-file - watch worker: worker id should be larger than 0. Nothing will be sent to any worker thread.
[2026-05-06T13:48:58.205] [DEBUG] debug-file - worker[1] exits with exit code 0.
[2026-05-06T13:48:58.206] [DEBUG] debug-file - watch worker: worker id should be larger than 0. Nothing will be sent to any worker thread.
[2026-05-06T13:49:03.410] [DEBUG] debug-file - session manager: set active socket. socketId=1F541Ymb1OZewYqjAAAX
[2026-05-06T13:49:03.431] [DEBUG] debug-file - watch worker: worker id should be larger than 0. Nothing will be sent to any worker thread.
[2026-05-06T13:49:03.434] [DEBUG] debug-file - Workers' log level updated to INFO
[2026-05-06T13:49:03.437] [DEBUG] debug-file - Hvigor init with startParameters:{
  hvigorfileTypeCheck: false,
  parallelExecution: true,
  incrementalExecution: true,
  printStackTrace: false,
  daemon: true,
  analyze: 0,
  logLevel: Level { level: 20000, levelStr: 'INFO', colour: 'green' },
  optimizationStrategy: 'memory',
  hotCompile: undefined,
  hotReloadBuild: undefined,
  customizedParam: undefined
}
[2026-05-06T13:49:03.440] [DEBUG] debug-file - Cache service initialization finished in 4 ms 
[2026-05-06T13:49:03.441] [DEBUG] debug-file - hvigorfile, resolving E:\application\DevEcoStudioProjects\MyApplication\hvigorfile.ts
[2026-05-06T13:49:03.446] [DEBUG] debug-file - hvigorfile, require result:  { default: { plugins: [] } }
[2026-05-06T13:49:03.446] [DEBUG] debug-file - hvigorfile, binding system plugins null
[2026-05-06T13:49:03.446] [DEBUG] debug-file - Starting plugin build process
[2026-05-06T13:49:03.446] [DEBUG] debug-file - App plugin prepare start...
[2026-05-06T13:49:03.446] [DEBUG] debug-file - App plugin prepare end...
[2026-05-06T13:49:03.446] [DEBUG] debug-file - App plugin creating...
[2026-05-06T13:49:03.660] [DEBUG] debug-file - App plugin register hook start...
[2026-05-06T13:49:03.660] [DEBUG] debug-file - App plugin register hook end...
[2026-05-06T13:49:03.660] [DEBUG] debug-file - Plugin build process completed
[2026-05-06T13:49:03.660] [DEBUG] debug-file - Start initialize project's product build option map with build mode debug.
[2026-05-06T13:49:03.660] [DEBUG] debug-file - Picking option from product 'default' with build mode 'debug'.
[2026-05-06T13:49:03.660] [DEBUG] debug-file - Product 'default' build option initialized
[2026-05-06T13:49:03.660] [DEBUG] debug-file - End initialize project's product build option map with build mode 'debug'.
[2026-05-06T13:49:03.661] [DEBUG] debug-file - Obtain build option for product 'default'in this build.
[2026-05-06T13:49:03.664] [DEBUG] debug-file - E:\application\DevEcoStudioProjects\MyApplication\build\cache\default\remote_hsp\remoteHspCache.json not exists.
[2026-05-06T13:49:03.666] [DEBUG] debug-file - Start recording SDK configuration permission data.
[2026-05-06T13:49:03.687] [DEBUG] debug-file - Sdk init in 23 ms 
[2026-05-06T13:49:03.691] [DEBUG] debug-file - Project task initialization takes 3 ms 
[2026-05-06T13:49:03.691] [DEBUG] debug-file - hvigorfile, begin to bind custom plugins...
[2026-05-06T13:49:03.691] [DEBUG] debug-file - hvigorfile, no custom plugins were found in E:\application\DevEcoStudioProjects\MyApplication\hvigorfile.ts
[2026-05-06T13:49:03.691] [DEBUG] debug-file - hvigorfile, resolve finished E:\application\DevEcoStudioProjects\MyApplication\hvigorfile.ts
[2026-05-06T13:49:03.691] [DEBUG] debug-file - hvigorfile, resolving E:\application\DevEcoStudioProjects\MyApplication\entry\hvigorfile.ts
[2026-05-06T13:49:03.696] [DEBUG] debug-file - hvigorfile, require result:  { default: { plugins: [] } }
[2026-05-06T13:49:03.696] [DEBUG] debug-file - hvigorfile, binding system plugins null
[2026-05-06T13:49:03.696] [DEBUG] debug-file - Starting plugin build process
[2026-05-06T13:49:03.696] [DEBUG] debug-file - Hap plugin creating...
[2026-05-06T13:49:03.698] [DEBUG] debug-file - failed to load cangjie to dynamically generate schemas: Error: Cannot find module '@ohos/cangjie-build-support/index'
Require stack:
- E:\devecostudio-windows-6.1.0.830\DevEco Studio\tools\hvigor\hvigor-ohos-plugin\src\plugin\hooks\cangjie-register.js
- E:\devecostudio-windows-6.1.0.830\DevEco Studio\tools\hvigor\hvigor-ohos-plugin\src\plugin\strategy\stage-init-strategy.js
- E:\devecostudio-windows-6.1.0.830\DevEco Studio\tools\hvigor\hvigor-ohos-plugin\src\plugin\builder\abstract-plugin-builder.js
- E:\devecostudio-windows-6.1.0.830\DevEco Studio\tools\hvigor\hvigor-ohos-plugin\src\plugin\builder\app-plugin-builder.js
- E:\devecostudio-windows-6.1.0.830\DevEco Studio\tools\hvigor\hvigor-ohos-plugin\src\plugin\factory\plugin-factory.js
- E:\devecostudio-windows-6.1.0.830\DevEco Studio\tools\hvigor\hvigor-ohos-plugin\index.js
- E:\application\DevEcoStudioProjects\MyApplication\hvigorfile.ts
- E:\devecostudio-windows-6.1.0.830\DevEco Studio\tools\hvigor\hvigor\src\base\internal\lifecycle\configuration.js
- E:\devecostudio-windows-6.1.0.830\DevEco Studio\tools\hvigor\hvigor\src\base\boot\index.js
- E:\devecostudio-windows-6.1.0.830\DevEco Studio\tools\hvigor\hvigor\src\base\daemon\cluster\worker-process-lifecycle.js
- E:\devecostudio-windows-6.1.0.830\DevEco Studio\tools\hvigor\hvigor\src\base\daemon\process\daemon-process-boot-script.js
[2026-05-06T13:49:03.706] [DEBUG] debug-file - Start initialize module-target build option map, moduleName=entry, buildMode=debug
[2026-05-06T13:49:03.706] [DEBUG] debug-file - Target 'default' config initialized
[2026-05-06T13:49:03.706] [DEBUG] debug-file - Target 'ohosTest' config initialized
[2026-05-06T13:49:03.706] [DEBUG] debug-file - Module 'entry' target 'default' build option initialized
[2026-05-06T13:49:03.706] [DEBUG] debug-file - Module 'entry' target 'ohosTest' build option initialized
[2026-05-06T13:49:03.706] [DEBUG] debug-file - End initialize module-target build option map, moduleName=entry
[2026-05-06T13:49:03.706] [DEBUG] debug-file - Start initialize module-target build option map, moduleName=entry, buildMode=release
[2026-05-06T13:49:03.706] [DEBUG] debug-file - Target 'default' config initialized
[2026-05-06T13:49:03.706] [DEBUG] debug-file - Target 'ohosTest' config initialized
[2026-05-06T13:49:03.707] [DEBUG] debug-file - Module 'entry' target 'default' build option initialized
[2026-05-06T13:49:03.707] [DEBUG] debug-file - Module 'entry' target 'ohosTest' build option initialized
[2026-05-06T13:49:03.707] [DEBUG] debug-file - End initialize module-target build option map, moduleName=entry
[2026-05-06T13:49:03.707] [DEBUG] debug-file - Start initialize module-target build option map, moduleName=entry, buildMode=debug
[2026-05-06T13:49:03.707] [DEBUG] debug-file - Target 'default' config initialized
[2026-05-06T13:49:03.707] [DEBUG] debug-file - Target 'ohosTest' config initialized
[2026-05-06T13:49:03.707] [DEBUG] debug-file - Module 'entry' target 'default' build option initialized
[2026-05-06T13:49:03.707] [DEBUG] debug-file - Module 'entry' target 'ohosTest' build option initialized
[2026-05-06T13:49:03.707] [DEBUG] debug-file - End initialize module-target build option map, moduleName=entry
[2026-05-06T13:49:03.707] [DEBUG] debug-file - Obtain build option for module 'entry' target 'default'in this build.
[2026-05-06T13:49:03.710] [DEBUG] debug-file - Module entry task initialization takes 3 ms 
[2026-05-06T13:49:03.710] [DEBUG] debug-file - Hap plugin register hook start...
[2026-05-06T13:49:03.710] [DEBUG] debug-file - Hap plugin register hook end...
[2026-05-06T13:49:03.710] [DEBUG] debug-file - Plugin build process completed
[2026-05-06T13:49:03.710] [DEBUG] debug-file - hvigorfile, begin to bind custom plugins...
[2026-05-06T13:49:03.710] [DEBUG] debug-file - hvigorfile, no custom plugins were found in E:\application\DevEcoStudioProjects\MyApplication\entry\hvigorfile.ts
[2026-05-06T13:49:03.710] [DEBUG] debug-file - hvigorfile, resolve finished E:\application\DevEcoStudioProjects\MyApplication\entry\hvigorfile.ts
[2026-05-06T13:49:03.728] [DEBUG] debug-file - hvigorfile, resolve hvigorfile dependencies in 18 ms 
[2026-05-06T13:49:03.728] [DEBUG] debug-file - project has submodules:entry
[2026-05-06T13:49:03.729] [DEBUG] debug-file - start to load updatedOhPackageInfo to the disk
[2026-05-06T13:49:03.731] [DEBUG] debug-file - load to the disk finished
[2026-05-06T13:49:03.732] [DEBUG] debug-file - Start to initialize dependency information.
[2026-05-06T13:49:03.737] [DEBUG] debug-file - Module MyApplication Collected Dependency: 
[2026-05-06T13:49:03.737] [DEBUG] debug-file - Module MyApplication's total dependency: 0
[2026-05-06T13:49:03.737] [DEBUG] debug-file - Start to initialize dependency information.
[2026-05-06T13:49:03.739] [DEBUG] debug-file - Module entry Collected Dependency: 
[2026-05-06T13:49:03.739] [DEBUG] debug-file - Module entry's total dependency: 0
[2026-05-06T13:49:03.741] [DEBUG] debug-file - Configuration phase cost:301 ms 
[2026-05-06T13:49:03.742] [DEBUG] debug-file - Configuration task cost before running: 307 ms 
[2026-05-06T13:49:03.742] [DEBUG] debug-file - Executing task :entry:clean
[2026-05-06T13:49:03.742] [DEBUG] debug-file - clean: Worker pool is inactive.
[2026-05-06T13:49:03.742] [DEBUG] debug-file - entry : clean cost memory 0.0793914794921875
[2026-05-06T13:49:03.742] [DEBUG] debug-file - runTaskFromQueue task cost before running: 308 ms 
[2026-05-06T13:49:03.743] [INFO] debug-file - Finished :entry:clean... after 1 ms 
[2026-05-06T13:49:03.746] [DEBUG] debug-file - Executing task :entry:default@PreBuild
[2026-05-06T13:49:03.747] [DEBUG] debug-file - Task 'entry:default@PreBuild' cost while wrapping incremental declarations: 1 ms 
[2026-05-06T13:49:03.752] [DEBUG] debug-file - entry:default@PreBuild is not up-to-date, since the input file 'E:\application\DevEcoStudioProjects\MyApplication\AppScope\app.json5' has been changed.
[2026-05-06T13:49:03.752] [DEBUG] debug-file - Incremental task entry:default@PreBuild pre-execution cost: 3 ms .
[2026-05-06T13:49:03.888] [DEBUG] debug-file - current product is not Atomic service.
[2026-05-06T13:49:03.889] [DEBUG] debug-file - Use tool [win32: JAVA_HOME, CLASSPATH]
 [
  {
    JAVA_HOME: 'E:\\devecostudio-windows-6.1.0.830\\DevEco Studio\\jbr'
  },
  { CLASSPATH: undefined }
]
[2026-05-06T13:49:03.889] [DEBUG] debug-file - Use tool [win32: NODE_HOME]
 [
  {
    NODE_HOME: 'E:\\devecostudio-windows-6.1.0.830\\DevEco Studio\\tools\\node'
  }
]
[2026-05-06T13:49:03.890] [DEBUG] debug-file - entry : default@PreBuild cost memory 8.193252563476562
[2026-05-06T13:49:03.890] [DEBUG] debug-file - runTaskFromQueue task cost before running: 455 ms 
[2026-05-06T13:49:03.892] [INFO] debug-file - Finished :entry:default@PreBuild... after 144 ms 
[2026-05-06T13:49:03.893] [DEBUG] debug-file - Executing task :entry:default@CreateModuleInfo
[2026-05-06T13:49:03.893] [DEBUG] debug-file - Task 'entry:default@CreateModuleInfo' cost while wrapping incremental declarations: 1 ms 
[2026-05-06T13:49:03.893] [DEBUG] debug-file - entry : default@CreateModuleInfo cost memory 0.0395965576171875
[2026-05-06T13:49:03.893] [DEBUG] debug-file - runTaskFromQueue task cost before running: 459 ms 
[2026-05-06T13:49:03.893] [INFO] debug-file - Finished :entry:default@CreateModuleInfo... after 1 ms 
[2026-05-06T13:49:03.896] [DEBUG] debug-file - Executing task :entry:default@GenerateMetadata
[2026-05-06T13:49:03.897] [DEBUG] debug-file - Task 'entry:default@GenerateMetadata' cost while wrapping incremental declarations: 1 ms 
[2026-05-06T13:49:03.898] [DEBUG] debug-file - entry:default@GenerateMetadata is not up-to-date, since the output file 'E:\application\DevEcoStudioProjects\MyApplication\entry\build\default\intermediates\hap_metadata\default\output_metadata.json' does not exist.
[2026-05-06T13:49:03.898] [DEBUG] debug-file - Incremental task entry:default@GenerateMetadata pre-execution cost: 1 ms .
[2026-05-06T13:49:03.900] [DEBUG] debug-file - entry : default@GenerateMetadata cost memory 0.1005096435546875
[2026-05-06T13:49:03.900] [DEBUG] debug-file - runTaskFromQueue task cost before running: 466 ms 
[2026-05-06T13:49:03.901] [INFO] debug-file - Finished :entry:default@GenerateMetadata... after 5 ms 
[2026-05-06T13:49:03.902] [DEBUG] debug-file - Executing task :entry:default@ConfigureCmake
[2026-05-06T13:49:03.902] [DEBUG] debug-file - entry : default@ConfigureCmake cost memory 0.0140533447265625
[2026-05-06T13:49:03.902] [DEBUG] debug-file - runTaskFromQueue task cost before running: 468 ms 
[2026-05-06T13:49:03.903] [INFO] debug-file - Finished :entry:default@ConfigureCmake... after 1 ms 
[2026-05-06T13:49:03.904] [DEBUG] debug-file - Executing task :entry:default@MergeProfile
[2026-05-06T13:49:03.904] [DEBUG] debug-file - Task 'entry:default@MergeProfile' cost while wrapping incremental declarations: 1 ms 
[2026-05-06T13:49:03.905] [DEBUG] debug-file - entry:default@MergeProfile is not up-to-date, since the input file 'E:\application\DevEcoStudioProjects\MyApplication\AppScope\app.json5' has been changed.
[2026-05-06T13:49:03.905] [DEBUG] debug-file - Incremental task entry:default@MergeProfile pre-execution cost: 1 ms .
[2026-05-06T13:49:03.905] [DEBUG] debug-file - Change app api release type with 'Release'
[2026-05-06T13:49:03.906] [DEBUG] debug-file - Change app compile API version with '6.1.0.105'
[2026-05-06T13:49:03.906] [DEBUG] debug-file - Change app target API version with '60002022'
[2026-05-06T13:49:03.906] [DEBUG] debug-file - Change app minimum API version with '60002022'
[2026-05-06T13:49:03.906] [DEBUG] debug-file - Use cli appEnvironment
[2026-05-06T13:49:03.908] [DEBUG] debug-file - entry : default@MergeProfile cost memory 0.1889495849609375
[2026-05-06T13:49:03.908] [DEBUG] debug-file - runTaskFromQueue task cost before running: 474 ms 
[2026-05-06T13:49:03.908] [INFO] debug-file - Finished :entry:default@MergeProfile... after 4 ms 
[2026-05-06T13:49:03.910] [DEBUG] debug-file - Executing task :entry:default@CreateBuildProfile
[2026-05-06T13:49:03.910] [DEBUG] debug-file - Task 'entry:default@CreateBuildProfile' cost while wrapping incremental declarations: 1 ms 
[2026-05-06T13:49:03.911] [DEBUG] debug-file - entry:default@CreateBuildProfile is not up-to-date, since the input file 'E:\application\DevEcoStudioProjects\MyApplication\AppScope\app.json5' has been changed.
[2026-05-06T13:49:03.911] [DEBUG] debug-file - Incremental task entry:default@CreateBuildProfile pre-execution cost: 1 ms .
[2026-05-06T13:49:03.912] [DEBUG] debug-file - entry : default@CreateBuildProfile cost memory 0.097686767578125
[2026-05-06T13:49:03.912] [DEBUG] debug-file - runTaskFromQueue task cost before running: 478 ms 
[2026-05-06T13:49:03.913] [INFO] debug-file - Finished :entry:default@CreateBuildProfile... after 3 ms 
[2026-05-06T13:49:03.914] [DEBUG] debug-file - Executing task :entry:default@PreCheckSyscap
[2026-05-06T13:49:03.915] [DEBUG] debug-file - entry : default@PreCheckSyscap cost memory 0.01427459716796875
[2026-05-06T13:49:03.915] [DEBUG] debug-file - runTaskFromQueue task cost before running: 481 ms 
[2026-05-06T13:49:03.915] [INFO] debug-file - Finished :entry:default@PreCheckSyscap... after 1 ms 
[2026-05-06T13:49:03.917] [DEBUG] debug-file - Executing task :entry:default@GeneratePkgContextInfo
[2026-05-06T13:49:03.921] [DEBUG] debug-file - Task 'entry:default@GeneratePkgContextInfo' cost while wrapping incremental declarations: 1 ms 
[2026-05-06T13:49:03.921] [DEBUG] debug-file - entry:default@GeneratePkgContextInfo is not up-to-date, since the output file 'E:\application\DevEcoStudioProjects\MyApplication\entry\build\default\intermediates\loader\default\pkgContextInfo.json' does not exist.
[2026-05-06T13:49:03.921] [DEBUG] debug-file - Incremental task entry:default@GeneratePkgContextInfo pre-execution cost: 1 ms .
[2026-05-06T13:49:03.922] [DEBUG] debug-file - entry : default@GeneratePkgContextInfo cost memory 0.22210693359375
[2026-05-06T13:49:03.922] [DEBUG] debug-file - runTaskFromQueue task cost before running: 488 ms 
[2026-05-06T13:49:03.922] [INFO] debug-file - Finished :entry:default@GeneratePkgContextInfo... after 5 ms 
[2026-05-06T13:49:03.923] [DEBUG] debug-file - Executing task :entry:default@GeneratePkgSdkInfo
[2026-05-06T13:49:03.926] [DEBUG] debug-file - Task 'entry:default@GeneratePkgSdkInfo' cost while wrapping incremental declarations: 1 ms 
[2026-05-06T13:49:03.926] [DEBUG] debug-file - entry : default@GeneratePkgSdkInfo cost memory 0.12554931640625
[2026-05-06T13:49:03.927] [DEBUG] debug-file - runTaskFromQueue task cost before running: 492 ms 
[2026-05-06T13:49:03.927] [INFO] debug-file - Finished :entry:default@GeneratePkgSdkInfo... after 4 ms 
[2026-05-06T13:49:03.931] [DEBUG] debug-file - Executing task :entry:default@ProcessIntegratedHsp
[2026-05-06T13:49:03.932] [DEBUG] debug-file - entry:default@ProcessIntegratedHsp is not up-to-date, since the output file 'E:\application\DevEcoStudioProjects\MyApplication\build\cache\default\integrated_hsp\integratedHspCache.json' does not exist.
[2026-05-06T13:49:03.932] [DEBUG] debug-file - Incremental task entry:default@ProcessIntegratedHsp pre-execution cost: 1 ms .
[2026-05-06T13:49:03.932] [DEBUG] debug-file - entry : default@ProcessIntegratedHsp cost memory 0.05635833740234375
[2026-05-06T13:49:03.932] [DEBUG] debug-file - runTaskFromQueue task cost before running: 498 ms 
[2026-05-06T13:49:03.932] [INFO] debug-file - Finished :entry:default@ProcessIntegratedHsp... after 1 ms 
[2026-05-06T13:49:03.933] [DEBUG] debug-file - Executing task :entry:default@BuildNativeWithCmake
[2026-05-06T13:49:03.933] [DEBUG] debug-file - entry : default@BuildNativeWithCmake cost memory 0.0140533447265625
[2026-05-06T13:49:03.933] [DEBUG] debug-file - runTaskFromQueue task cost before running: 499 ms 
[2026-05-06T13:49:03.934] [INFO] debug-file - Finished :entry:default@BuildNativeWithCmake... after 1 ms 
[2026-05-06T13:49:03.935] [DEBUG] debug-file - Executing task :entry:default@MakePackInfo
[2026-05-06T13:49:03.936] [DEBUG] debug-file - entry:default@MakePackInfo is not up-to-date, since the input file 'E:\application\DevEcoStudioProjects\MyApplication\AppScope\app.json5' has been changed.
[2026-05-06T13:49:03.936] [DEBUG] debug-file - Incremental task entry:default@MakePackInfo pre-execution cost: 1 ms .
[2026-05-06T13:49:03.937] [DEBUG] debug-file - Module Pack Info:  {
  summary: {
    app: { bundleName: 'c***p', bundleType: 'app', version: [Object] },
    modules: [ [Object] ]
  },
  packages: [
    {
      deviceType: [Array],
      moduleType: 'entry',
      deliveryWithInstall: true,
      name: 'entry-default'
    }
  ]
}
[2026-05-06T13:49:03.938] [DEBUG] debug-file - entry : default@MakePackInfo cost memory 0.15256500244140625
[2026-05-06T13:49:03.938] [DEBUG] debug-file - runTaskFromQueue task cost before running: 504 ms 
[2026-05-06T13:49:03.939] [INFO] debug-file - Finished :entry:default@MakePackInfo... after 4 ms 
[2026-05-06T13:49:03.940] [DEBUG] debug-file - Executing task :entry:default@SyscapTransform
[2026-05-06T13:49:03.940] [DEBUG] debug-file - File: 'E:\application\DevEcoStudioProjects\MyApplication\entry\src\main\syscap.json' from 'sysCapJsonPath' is not exists, just ignore.
[2026-05-06T13:49:03.941] [DEBUG] debug-file - Task 'entry:default@SyscapTransform' cost while wrapping incremental declarations: 1 ms 
[2026-05-06T13:49:03.943] [DEBUG] debug-file - entry:default@SyscapTransform is not up-to-date, since the output file 'E:\application\DevEcoStudioProjects\MyApplication\entry\build\default\intermediates\syscap\default\rpcid.sc' does not exist.
[2026-05-06T13:49:03.943] [DEBUG] debug-file - Incremental task entry:default@SyscapTransform pre-execution cost: 2 ms .
[2026-05-06T13:49:03.943] [DEBUG] debug-file - entry : default@SyscapTransform cost memory 0.1470947265625
[2026-05-06T13:49:03.943] [DEBUG] debug-file - runTaskFromQueue task cost before running: 509 ms 
[2026-05-06T13:49:03.943] [INFO] debug-file - Finished :entry:default@SyscapTransform... after 3 ms 
[2026-05-06T13:49:03.945] [DEBUG] debug-file - Executing task :entry:default@ProcessProfile
[2026-05-06T13:49:03.946] [DEBUG] debug-file - Task 'entry:default@ProcessProfile' cost while wrapping incremental declarations: 1 ms 
[2026-05-06T13:49:03.947] [DEBUG] debug-file - entry:default@ProcessProfile is not up-to-date, since the input file 'E:\application\DevEcoStudioProjects\MyApplication\entry\build\default\intermediates\merge_profile\default\module.json' has been changed.
[2026-05-06T13:49:03.947] [DEBUG] debug-file - Incremental task entry:default@ProcessProfile pre-execution cost: 1 ms .
[2026-05-06T13:49:03.949] [DEBUG] debug-file - [
  'E:\\devecostudio-windows-6.1.0.830\\DevEco Studio\\tools\\node\\node.exe',
  'E:\\devecostudio-windows-6.1.0.830\\DevEco Studio\\sdk\\default\\openharmony\\ets\\build-tools\\ets-loader\\bin\\ark\\ts2abc.js',
  '--target-api-version',
  '22'
]
[2026-05-06T13:49:04.033] [DEBUG] debug-file - 13.0.1.0
[2026-05-06T13:49:04.035] [DEBUG] debug-file - No need to add fake ui ability because of not in preview process.
[2026-05-06T13:49:04.036] [DEBUG] debug-file - entry : default@ProcessProfile cost memory 0.326934814453125
[2026-05-06T13:49:04.036] [DEBUG] debug-file - runTaskFromQueue task cost before running: 602 ms 
[2026-05-06T13:49:04.036] [INFO] debug-file - Finished :entry:default@ProcessProfile... after 92 ms 
[2026-05-06T13:49:04.038] [DEBUG] debug-file - Executing task :entry:default@ProcessRouterMap
[2026-05-06T13:49:04.040] [DEBUG] debug-file - entry:default@ProcessRouterMap is not up-to-date, since the input file 'E:\application\DevEcoStudioProjects\MyApplication\entry\build\default\intermediates\loader\default\pkgContextInfo.json' has been changed.
[2026-05-06T13:49:04.040] [DEBUG] debug-file - Incremental task entry:default@ProcessRouterMap pre-execution cost: 2 ms .
[2026-05-06T13:49:04.043] [DEBUG] debug-file - entry : default@ProcessRouterMap cost memory 0.16741180419921875
[2026-05-06T13:49:04.043] [DEBUG] debug-file - runTaskFromQueue task cost before running: 608 ms 
[2026-05-06T13:49:04.043] [INFO] debug-file - Finished :entry:default@ProcessRouterMap... after 5 ms 
[2026-05-06T13:49:04.045] [DEBUG] debug-file - Executing task :entry:default@ProcessShareConfig
[2026-05-06T13:49:04.047] [DEBUG] debug-file - entry:default@ProcessShareConfig is not up-to-date, since the input file 'E:\application\DevEcoStudioProjects\MyApplication\entry\build\default\intermediates\loader\default\pkgContextInfo.json' has been changed.
[2026-05-06T13:49:04.047] [DEBUG] debug-file - Incremental task entry:default@ProcessShareConfig pre-execution cost: 2 ms .
[2026-05-06T13:49:04.050] [DEBUG] debug-file - entry : default@ProcessShareConfig cost memory 0.14859771728515625
[2026-05-06T13:49:04.050] [DEBUG] debug-file - runTaskFromQueue task cost before running: 616 ms 
[2026-05-06T13:49:04.051] [INFO] debug-file - Finished :entry:default@ProcessShareConfig... after 6 ms 
[2026-05-06T13:49:04.052] [DEBUG] debug-file - Executing task :entry:default@ProcessStartupConfig
[2026-05-06T13:49:04.052] [DEBUG] debug-file - Task 'entry:default@ProcessStartupConfig' cost while wrapping incremental declarations: 1 ms 
[2026-05-06T13:49:04.053] [DEBUG] debug-file - entry:default@ProcessStartupConfig is not up-to-date, since the input file 'E:\application\DevEcoStudioProjects\MyApplication\entry\build\default\intermediates\loader\default\pkgContextInfo.json' has been changed.
[2026-05-06T13:49:04.053] [DEBUG] debug-file - Incremental task entry:default@ProcessStartupConfig pre-execution cost: 1 ms .
[2026-05-06T13:49:04.054] [DEBUG] debug-file - entry : default@ProcessStartupConfig cost memory 0.13533782958984375
[2026-05-06T13:49:04.054] [DEBUG] debug-file - runTaskFromQueue task cost before running: 620 ms 
[2026-05-06T13:49:04.054] [INFO] debug-file - Finished :entry:default@ProcessStartupConfig... after 2 ms 
[2026-05-06T13:49:04.055] [DEBUG] debug-file - Executing task :entry:default@BuildNativeWithNinja
[2026-05-06T13:49:04.056] [DEBUG] debug-file - entry : default@BuildNativeWithNinja cost memory 0.0268707275390625
[2026-05-06T13:49:04.056] [DEBUG] debug-file - runTaskFromQueue task cost before running: 622 ms 
[2026-05-06T13:49:04.057] [INFO] debug-file - Finished :entry:default@BuildNativeWithNinja... after 2 ms 
[2026-05-06T13:49:04.058] [DEBUG] debug-file - restool module names: entry; moduleName=entry, taskName=default@ProcessResource
[2026-05-06T13:49:04.059] [DEBUG] debug-file - Executing task :entry:default@ProcessResource
[2026-05-06T13:49:04.059] [DEBUG] debug-file - Task 'entry:default@ProcessResource' cost while wrapping incremental declarations: 1 ms 
[2026-05-06T13:49:04.060] [DEBUG] debug-file - entry:default@ProcessResource is not up-to-date, since the output file 'E:\application\DevEcoStudioProjects\MyApplication\entry\build\default\intermediates\res\default\resConfig.json' does not exist.
[2026-05-06T13:49:04.060] [DEBUG] debug-file - Incremental task entry:default@ProcessResource pre-execution cost: 1 ms .
[2026-05-06T13:49:04.061] [DEBUG] debug-file - entry : default@ProcessResource cost memory 0.1513824462890625
[2026-05-06T13:49:04.062] [DEBUG] debug-file - runTaskFromQueue task cost before running: 628 ms 
[2026-05-06T13:49:04.063] [INFO] debug-file - Finished :entry:default@ProcessResource... after 3 ms 
[2026-05-06T13:49:04.065] [DEBUG] debug-file - Executing task :entry:default@GenerateLoaderJson
[2026-05-06T13:49:04.066] [DEBUG] debug-file - Task 'entry:default@GenerateLoaderJson' cost while wrapping incremental declarations: 1 ms 
[2026-05-06T13:49:04.071] [DEBUG] debug-file - entry:default@GenerateLoaderJson is not up-to-date, since the input file 'E:\application\DevEcoStudioProjects\MyApplication\entry\build\default\intermediates\loader\default\pkgContextInfo.json' has been changed.
[2026-05-06T13:49:04.071] [DEBUG] debug-file - Incremental task entry:default@GenerateLoaderJson pre-execution cost: 4 ms .
[2026-05-06T13:49:04.074] [DEBUG] debug-file - entry : default@GenerateLoaderJson cost memory 0.5956802368164062
[2026-05-06T13:49:04.074] [DEBUG] debug-file - runTaskFromQueue task cost before running: 640 ms 
[2026-05-06T13:49:04.076] [INFO] debug-file - Finished :entry:default@GenerateLoaderJson... after 10 ms 
[2026-05-06T13:49:04.077] [DEBUG] debug-file - Executing task :entry:default@ProcessLibs
[2026-05-06T13:49:04.079] [DEBUG] debug-file - entry:default@ProcessLibs is not up-to-date, since the input file 'E:\application\DevEcoStudioProjects\MyApplication\entry\build-profile.json5' has been changed.
[2026-05-06T13:49:04.079] [DEBUG] debug-file - Incremental task entry:default@ProcessLibs pre-execution cost: 2 ms .
[2026-05-06T13:49:04.080] [DEBUG] debug-file - Worker dispatch failed, running processLibs on main thread.
[2026-05-06T13:49:04.081] [DEBUG] debug-file - entry : default@ProcessLibs cost memory 0.30959320068359375
[2026-05-06T13:49:04.081] [DEBUG] debug-file - runTaskFromQueue task cost before running: 647 ms 
[2026-05-06T13:49:04.082] [INFO] debug-file - Finished :entry:default@ProcessLibs... after 5 ms 
[2026-05-06T13:49:04.083] [DEBUG] debug-file - restool module names: entry; moduleName=entry, taskName=default@CompileResource
[2026-05-06T13:49:04.084] [DEBUG] debug-file - Executing task :entry:default@CompileResource
[2026-05-06T13:49:04.091] [DEBUG] debug-file - entry:default@CompileResource is not up-to-date, since the input file 'E:\application\DevEcoStudioProjects\MyApplication\entry\build\default\intermediates\process_profile\default\module.json' has been changed.
[2026-05-06T13:49:04.092] [DEBUG] debug-file - Incremental task entry:default@CompileResource pre-execution cost: 8 ms .
[2026-05-06T13:49:04.093] [DEBUG] debug-file - Use tool [E:\devecostudio-windows-6.1.0.830\DevEco Studio\sdk\default\openharmony\toolchains\restool.exe]
 [
  'E:\\devecostudio-windows-6.1.0.830\\DevEco Studio\\sdk\\default\\openharmony\\toolchains\\restool.exe',
  '-l',
  'E:\\application\\DevEcoStudioProjects\\MyApplication\\entry\\build\\default\\intermediates\\res\\default\\resConfig.json'
]
[2026-05-06T13:49:04.094] [DEBUG] debug-file - current process  memoryUsage: {
  rss: 219287552,
  heapTotal: 167059456,
  heapUsed: 140905392,
  external: 3162285,
  arrayBuffers: 218120
} os memoryUsage :9.679035186767578
[2026-05-06T13:49:04.211] [DEBUG] debug-file - Info: Pack: normal pack mode

[2026-05-06T13:49:04.268] [DEBUG] debug-file - Info: hardware concurrency count is : 12
Info: thread count is : 12

[2026-05-06T13:49:04.268] [DEBUG] debug-file - Info: thread pool is started

[2026-05-06T13:49:04.269] [DEBUG] debug-file - Info: GenericCompiler::CompileFiles

[2026-05-06T13:49:04.274] [DEBUG] debug-file - Info: GenericCompiler::CompileFiles

[2026-05-06T13:49:04.274] [DEBUG] debug-file - Warning: 'E:\application\DevEcoStudioProjects\MyApplication\entry\src\main\resources\base\media\foreground.png' is defined repeatedly.
Warning: 'E:\application\DevEcoStudioProjects\MyApplication\entry\src\main\resources\base\media\background.png' is defined repeatedly.
Warning: 'E:\application\DevEcoStudioProjects\MyApplication\entry\src\main\resources\base\media\layered_image.json' is defined repeatedly.

[2026-05-06T13:49:04.276] [DEBUG] debug-file - Info: GenericCompiler::CompileFiles

[2026-05-06T13:49:04.283] [DEBUG] debug-file - 05-06 13:49:04.283  3612 14416 E C01400/ImageTranscoderUtils: DecodeToRGBA IN
05-06 13:49:04.283  3612 14416 E C01400/ImageTranscoderUtils: ImageFilter IN E:\application\DevEcoStudioProjects\MyApplication\AppScope\resources\base\media\background.png

[2026-05-06T13:49:04.321] [DEBUG] debug-file - 05-06 13:49:04.321  3612 14416 E C01400/ImageTranscoderUtils: DecodeToRGBA IN
05-06 13:49:04.321  3612 14416 E C01400/ImageTranscoderUtils: ImageFilter IN E:\application\DevEcoStudioProjects\MyApplication\AppScope\resources\base\media\foreground.png

[2026-05-06T13:49:04.356] [DEBUG] debug-file - Info: can't scale media json file.

[2026-05-06T13:49:04.356] [DEBUG] debug-file - 05-06 13:49:04.357  3612 14416 E C01400/ImageTranscoderUtils: DecodeToRGBA IN
05-06 13:49:04.357  3612 14416 E C01400/ImageTranscoderUtils: ImageFilter IN E:\application\DevEcoStudioProjects\MyApplication\entry\src\main\resources\base\media\1776133767.png

[2026-05-06T13:49:04.409] [DEBUG] debug-file - Warning: The width or height of the png file referenced by the icon exceeds the limit (41 pixels)
at E:\application\DevEcoStudioProjects\MyApplication\AppScope\resources\base\media\background.png

[2026-05-06T13:49:04.410] [DEBUG] debug-file - Warning: The width or height of the png file referenced by the icon exceeds the limit (41 pixels)
at E:\application\DevEcoStudioProjects\MyApplication\AppScope\resources\base\media\foreground.png
Warning: E:\application\DevEcoStudioProjects\MyApplication\AppScope\resources\base\media\layered_image.json is not png format

[2026-05-06T13:49:04.411] [DEBUG] debug-file - Info: restool resources compile success.

[2026-05-06T13:49:04.411] [DEBUG] debug-file - Info: thread pool is stopped

[2026-05-06T13:49:04.473] [DEBUG] debug-file - entry : default@CompileResource cost memory 0.8416900634765625
[2026-05-06T13:49:04.473] [DEBUG] debug-file - runTaskFromQueue task cost before running: 1 s 39 ms 
[2026-05-06T13:49:04.474] [INFO] debug-file - Finished :entry:default@CompileResource... after 390 ms 
[2026-05-06T13:49:04.476] [DEBUG] debug-file - Executing task :entry:default@DoNativeStrip
[2026-05-06T13:49:04.476] [DEBUG] debug-file - File: 'E:\application\DevEcoStudioProjects\MyApplication\entry\build\default\intermediates\binxo\default' from 'doBinxoNativeLibs' is not exists, just ignore.
[2026-05-06T13:49:04.476] [DEBUG] debug-file - Task 'entry:default@DoNativeStrip' cost while wrapping incremental declarations: 1 ms 
[2026-05-06T13:49:04.477] [DEBUG] debug-file - entry:default@DoNativeStrip is not up-to-date, since the output file 'E:\application\DevEcoStudioProjects\MyApplication\entry\build\default\intermediates\stripped_native_libs\default' does not exist.
[2026-05-06T13:49:04.477] [DEBUG] debug-file - Incremental task entry:default@DoNativeStrip pre-execution cost: 1 ms .
[2026-05-06T13:49:04.479] [DEBUG] debug-file - entry : default@DoNativeStrip cost memory 0.1077880859375
[2026-05-06T13:49:04.479] [DEBUG] debug-file - runTaskFromQueue task cost before running: 1 s 45 ms 
[2026-05-06T13:49:04.479] [INFO] debug-file - Finished :entry:default@DoNativeStrip... after 4 ms 
[2026-05-06T13:49:04.481] [DEBUG] debug-file - Executing task :entry:default@CompileArkTS
[2026-05-06T13:49:04.481] [DEBUG] debug-file - obfuscationOptions: undefined
[2026-05-06T13:49:04.482] [DEBUG] debug-file - Task 'entry:default@CompileArkTS' cost while wrapping incremental declarations: 1 ms 
[2026-05-06T13:49:04.489] [DEBUG] debug-file - entry:default@CompileArkTS is not up-to-date, since the input file 'E:\application\DevEcoStudioProjects\MyApplication\entry\build\default\intermediates\loader\default' has been changed.
[2026-05-06T13:49:04.489] [DEBUG] debug-file - Incremental task entry:default@CompileArkTS pre-execution cost: 5 ms .
[2026-05-06T13:49:04.505] [DEBUG] debug-file - build config:
[2026-05-06T13:49:04.506] [DEBUG] debug-file - {
  moduleType: 'entry',
  perf: 0,
  targetName: '.default',
  packageManagerType: 'ohpm',
  localPropertiesPath: 'E:\\application\\DevEcoStudioProjects\\MyApplication\\local.properties',
  isPreview: false,
  isOhosTest: false,
  isLocalTest: false,
  buildMode: 'Debug',
  hotReloadBuild: undefined,
  watchMode: 'false',
  aceProfilePath: 'E:\\application\\DevEcoStudioProjects\\MyApplication\\entry\\build\\default\\intermediates\\res\\default\\resources\\base\\profile',
  etsLoaderPath: 'E:\\devecostudio-windows-6.1.0.830\\DevEco Studio\\sdk\\default\\openharmony\\ets\\build-tools\\ets-loader',
  modulePath: 'E:\\application\\DevEcoStudioProjects\\MyApplication\\entry',
  testFrameworkPar: {
    testMode: undefined,
    coveragePathFilter: undefined,
    coverageMode: undefined
  },
  needCoverageInsert: false,
  debugLine: false,
  projectTopDir: 'E:\\application\\DevEcoStudioProjects\\MyApplication',
  compileSdkVersion: 23,
  compatibleSdkVersion: 22,
  originCompatibleSdkVersion: '6.0.2(22)',
  compatibleSdkVersionStage: undefined,
  bundleName: 'c***p',
  etsLoaderVersion: '6.1.0.105',
  etsLoaderReleaseType: 'Release',
  aotCompileMode: 'type',
  apPath: 'E:\\application\\DevEcoStudioProjects\\MyApplication\\entry\\modules.ap',
  entryModuleName: 'entry',
  entryModuleVersion: '1.0.0',
  entryPackageName: 'entry',
  allModuleNameHash: 'be72bfb482d6518e517e7ec5417304132c4f2554630c9cf092ee785b5e3b783a',
  externalApiPaths: [
    'E:\\devecostudio-windows-6.1.0.830\\DevEco Studio\\sdk\\default\\hms\\ets'
  ],
  compilerTypes: [],
  isCrossplatform: false,
  hvigorPluginFile: undefined,
  compilePluginPath: undefined,
  buildGeneratedProfilePath: 'E:\\application\\DevEcoStudioProjects\\MyApplication\\entry\\build\\default\\generated\\profile\\default',
  bundleType: 'app',
  arkTSVersion: undefined,
  apiVersion: 23,
  needCompleteSourcesMap: false,
  isFaMode: false,
  buildDir: 'E:\\application\\DevEcoStudioProjects\\MyApplication\\entry\\build',
  deviceTypes: [ 'phone' ],
  pkgContextInfo: {
    '@ohos/hypium': {
      packageName: '@ohos/hypium',
      bundleName: '*****',
      moduleName: '',
      version: '1.0.25',
      entryPath: 'index.js',
      isSO: false,
      dependencyAlias: ''
    },
    '@ohos/hamock': {
      packageName: '@ohos/hamock',
      bundleName: '*****',
      moduleName: '',
      version: '1.0.0',
      entryPath: 'index.ets',
      isSO: false,
      dependencyAlias: ''
    },
    entry: {
      packageName: 'entry',
      bundleName: '*****',
      moduleName: '',
      version: '',
      entryPath: 'src/main/',
      isSO: false,
      dependencyAlias: ''
    }
  },
  ohPackagePathMap: {},
  dependencyAliasMap: {},
  permission: {
    requestPermissions: [ [Object], [Object] ],
    definePermissions: undefined
  },
  useGetCurrentBundleName: false,
  projectArkOption: undefined,
  sourceMapDir: undefined,
  branchElimination: false,
  transformLib: undefined,
  tsImportSendable: false,
  resolveConflictMode: true,
  depName2RootPath: {},
  depName2DepInfo: {},
  depName2OhExports: {},
  rootPathSet: [ 'E:\\application\\DevEcoStudioProjects\\MyApplication' ],
  useNativeResolver: true,
  shouldEmitJs: true,
  useTscResolve: false,
  singleFileEmit: false,
  userProjectConfig: {
    autoLazyImport: false,
    allowEmptyBundleName: false,
    reExportCheckMode: 'noCheck',
    executionMode: 'memory',
    usePathPlaceholder: false,
    writeRollupCache: true,
    isExpandImportEnabled: false,
    expandImportExclude: '',
    lazyImportExclude: '',
    lazyImportInclude: '',
    ignoreCrossplatformCheck: false,
    isHarDeduplicateEnabled: false,
    skipOhModulesLint: false,
    enableStrictCheckOHModule: false,
    disableSendableCheckRules: [],
    useDeclarationFileSignature: false,
    customizedOptions: undefined,
    integratedHsp: false,
    isPreloadSoEnabled: false
  },
  executionMode: 'memory',
  arkCompileCachePath: 'E:\\application\\DevEcoStudioProjects\\MyApplication\\entry\\build\\default\\cache\\default\\default@CompileArkTS\\esmodule',
  autoLazyFilter: undefined,
  isHarDeduplicateEnabled: false,
  intermediateHarDuplicateDirPath: 'E:\\application\\DevEcoStudioProjects\\MyApplication\\entry\\build\\default\\intermediates\\har_duplicate\\default',
  autoLazyImport: false,
  allowEmptyBundleName: false,
  reExportCheckMode: 'noCheck',
  usePathPlaceholder: false,
  writeRollupCache: true,
  isExpandImportEnabled: false,
  expandImportExclude: '',
  lazyImportExclude: '',
  lazyImportInclude: '',
  ignoreCrossplatformCheck: false,
  skipOhModulesLint: false,
  enableStrictCheckOHModule: false,
  disableSendableCheckRules: [],
  useDeclarationFileSignature: false,
  customizedOptions: undefined,
  integratedHsp: false,
  isPreloadSoEnabled: false,
  strictMode: {
    caseSensitiveCheck: true,
    useNormalizedOHMUrl: true,
    noExternalImportByPath: true
  },
  useNormalizedOHMUrl: true,
  caseSensitiveCheck: true,
  aceModuleJsonPath: 'E:\\application\\DevEcoStudioProjects\\MyApplication\\entry\\build\\default\\intermediates\\res\\default\\ark_module.json',
  appResource: 'E:\\application\\DevEcoStudioProjects\\MyApplication\\entry\\build\\default\\intermediates\\res\\default\\ResourceTable.txt',
  rawFileResource: 'E:\\application\\DevEcoStudioProjects\\MyApplication\\entry\\build\\default\\intermediates\\res\\default\\resources\\rawfile',
  resourceTableHash: '9af7190f6df5c7eb887f4c1c982595b887ab5bc71e7fbb5c467cca60ead73d7b',
  runtimeOS: 'HarmonyOS',
  sdkInfo: 'false:23:6.1.0.105:Release',
  aceModuleRoot: 'E:\\application\\DevEcoStudioProjects\\MyApplication\\entry\\src\\main\\ets',
  compileMode: 'esmodule',
  aceSuperVisualPath: 'E:\\application\\DevEcoStudioProjects\\MyApplication\\entry\\src\\main\\supervisual',
  aceBuildJson: 'E:\\application\\DevEcoStudioProjects\\MyApplication\\entry\\build\\default\\intermediates\\loader\\default\\loader.json',
  cachePath: 'E:\\application\\DevEcoStudioProjects\\MyApplication\\entry\\build\\default\\cache\\default\\default@CompileArkTS\\esmodule\\debug',
  aceModuleBuild: 'E:\\application\\DevEcoStudioProjects\\MyApplication\\entry\\build\\default\\intermediates\\loader_out\\default\\ets',
  supportChunks: true,
  declaredFilesPath: undefined,
  shouldCollectDirectImportees: false,
  isByteCodeHarOptimize: false,
  expandImportPath: undefined,
  resourceTableTs: 'E:\\application\\DevEcoStudioProjects\\MyApplication\\entry\\build\\default\\generated\\r\\default\\ResourceTable.ts',
  moduleMetaInfoFiles: [
    {
      filePath: 'E:\\application\\DevEcoStudioProjects\\MyApplication\\entry\\build\\default\\generated\\r\\default\\ResourceTable.ts',
      ohmurl: '&entry/build/generated/r/ResourceTable&'
    }
  ],
  pkgNameToPkgBriefInfo: {
    entry: {
      pkgRoot: 'E:\\application\\DevEcoStudioProjects\\MyApplication\\entry',
      originalSourceRoots: undefined,
      sourceRoots: [Array],
      pkgName: 'entry'
    }
  },
  projectModel: {
    'E:\\application\\DevEcoStudioProjects\\MyApplication\\entry\\src\\main': {
      moduleName: 'entry',
      modulePkgPath: 'E:\\application\\DevEcoStudioProjects\\MyApplication\\entry',
      belongProjectPath: 'E:\\application\\DevEcoStudioProjects\\MyApplication'
    },
    'E:\\application\\DevEcoStudioProjects\\MyApplication\\entry\\.test\\default\\intermediates\\src\\ohosTest\\ets': {
      moduleName: 'entry_test',
      modulePkgPath: 'E:\\application\\DevEcoStudioProjects\\MyApplication\\entry',
      belongProjectPath: 'E:\\application\\DevEcoStudioProjects\\MyApplication'
    },
    'E:\\application\\DevEcoStudioProjects\\MyApplication\\entry\\src\\ohosTest': {
      moduleName: 'entry_test',
      modulePkgPath: 'E:\\application\\DevEcoStudioProjects\\MyApplication\\entry',
      belongProjectPath: 'E:\\application\\DevEcoStudioProjects\\MyApplication'
    },
    'E:\\application\\DevEcoStudioProjects\\MyApplication\\entry': {
      moduleName: 'entry',
      modulePkgPath: 'E:\\application\\DevEcoStudioProjects\\MyApplication\\entry',
      belongProjectPath: 'E:\\application\\DevEcoStudioProjects\\MyApplication'
    },
    'E:\\application\\DevEcoStudioProjects\\MyApplication': {
      moduleName: 'MyApplication',
      modulePkgPath: 'E:\\application\\DevEcoStudioProjects\\MyApplication',
      belongProjectPath: 'E:\\application\\DevEcoStudioProjects\\MyApplication'
    }
  },
  pkgJsonFileHash: '51d64e81dfd2c2b1510402f176a80cb91064226cf8f0312ad329a01d10cc239d',
  allModulePaths: [ 'E:\\application\\DevEcoStudioProjects\\MyApplication\\entry' ],
  routerMap: {},
  obfuscationOptions: undefined,
  byteCodeHarToDependencyKeys: undefined,
  compileBlockPkg: [],
  mockParams: {
    decorator: '@MockSetup',
    packageName: '@ohos/hamock',
    etsSourceRootPath: 'src/main/ets',
    mockConfigPath: 'E:\\application\\DevEcoStudioProjects\\MyApplication\\entry\\src\\mock\\mock-config.json5',
    mockConfigKey2ModuleInfo: {},
    source2ModuleIdMap: {}
  },
  copyCodeResourceEnable: false,
  copyCodeResourceExcludes: [],
  copyCodeResourceIncludes: undefined,
  uiTransformOptimization: false,
  sdkPath: 'E:/devecostudio-windows-6.1.0.830/DevEco Studio/sdk',
  needPreloadSoFileSet: {},
  preloadSoFilePath: 'E:\\application\\DevEcoStudioProjects\\MyApplication\\entry\\build\\default\\intermediates\\preload\\default\\preload.json',
  useSourceHash: false,
  localModuleParamMap: {},
  otherPaths: {
    'entry/*': [
      '..\\*',
      '..\\..\\..\\build\\default\\generated\\profile\\default\\*'
    ]
  },
  collectImportersConfig: undefined
}
[2026-05-06T13:49:04.506] [DEBUG] debug-file - Compile arkts with external api path: E:\devecostudio-windows-6.1.0.830\DevEco Studio\sdk\default\hms\ets
[2026-05-06T13:49:04.508] [DEBUG] debug-file - default@CompileArkTS work[4] is submitted.
[2026-05-06T13:49:04.508] [DEBUG] debug-file - default@CompileArkTS work[4] is pushed to ready queue.
[2026-05-06T13:49:04.508] [DEBUG] debug-file - A work dispatched to worker[11] failed because unable to get work from ready queue.
[2026-05-06T13:49:04.508] [DEBUG] debug-file - A work dispatched to worker[10] failed because unable to get work from ready queue.
[2026-05-06T13:49:04.508] [DEBUG] debug-file - A work dispatched to worker[9] failed because unable to get work from ready queue.
[2026-05-06T13:49:04.508] [DEBUG] debug-file - A work dispatched to worker[8] failed because unable to get work from ready queue.
[2026-05-06T13:49:04.509] [DEBUG] debug-file - A work dispatched to worker[7] failed because unable to get work from ready queue.
[2026-05-06T13:49:04.509] [DEBUG] debug-file - A work dispatched to worker[6] failed because unable to get work from ready queue.
[2026-05-06T13:49:04.509] [DEBUG] debug-file - A work dispatched to worker[5] failed because unable to get work from ready queue.
[2026-05-06T13:49:04.509] [DEBUG] debug-file - Create  resident worker with id: 4.
[2026-05-06T13:49:04.511] [DEBUG] debug-file - default@CompileArkTS work[4] has been dispatched to worker[4].
[2026-05-06T13:49:04.511] [DEBUG] debug-file - default@CompileArkTS work[4] is dispatched.
[2026-05-06T13:49:04.511] [DEBUG] debug-file - entry : default@CompileArkTS cost memory 1.3564071655273438
[2026-05-06T13:49:04.513] [DEBUG] debug-file - Executing task :entry:default@BuildJS
[2026-05-06T13:49:04.514] [DEBUG] debug-file - Task 'entry:default@BuildJS' cost while wrapping incremental declarations: 1 ms 
[2026-05-06T13:49:04.518] [DEBUG] debug-file - entry : default@BuildJS cost memory 0.1591796875
[2026-05-06T13:49:04.518] [DEBUG] debug-file - runTaskFromQueue task cost before running: 1 s 84 ms 
[2026-05-06T13:49:04.518] [INFO] debug-file - Finished :entry:default@BuildJS... after 5 ms 
[2026-05-06T13:49:04.520] [DEBUG] debug-file - Executing task :entry:default@CacheNativeLibs
[2026-05-06T13:49:04.520] [DEBUG] debug-file - File: 'E:\application\DevEcoStudioProjects\MyApplication\entry\build\default\intermediates\binxo\default' from 'cacheBinxoNativeLibs' is not exists, just ignore.
[2026-05-06T13:49:04.520] [DEBUG] debug-file - Task 'entry:default@CacheNativeLibs' cost while wrapping incremental declarations: 1 ms 
[2026-05-06T13:49:04.521] [DEBUG] debug-file - entry:default@CacheNativeLibs is not up-to-date, since the output file 'E:\application\DevEcoStudioProjects\MyApplication\entry\build\default\intermediates\patch\default\base_native_libs.json' does not exist.
[2026-05-06T13:49:04.521] [DEBUG] debug-file - Incremental task entry:default@CacheNativeLibs pre-execution cost: 1 ms .
[2026-05-06T13:49:04.521] [DEBUG] debug-file - default@CacheNativeLibs work[5] is submitted.
[2026-05-06T13:49:04.522] [DEBUG] debug-file - default@CacheNativeLibs work[5] is pushed to ready queue.
[2026-05-06T13:49:04.522] [DEBUG] debug-file - A work dispatched to worker[11] failed because unable to get work from ready queue.
[2026-05-06T13:49:04.522] [DEBUG] debug-file - Create  resident worker with id: 10.
[2026-05-06T13:49:04.522] [DEBUG] debug-file - default@CacheNativeLibs work[5] has been dispatched to worker[10].
[2026-05-06T13:49:04.523] [DEBUG] debug-file - default@CacheNativeLibs work[5] is dispatched.
[2026-05-06T13:49:04.523] [DEBUG] debug-file - entry : default@CacheNativeLibs cost memory 0.21478271484375
[2026-05-06T13:49:05.619] [DEBUG] debug-file - worker[10] has one work done.
[2026-05-06T13:49:05.619] [DEBUG] debug-file - default@CacheNativeLibs work[5] done.
[2026-05-06T13:49:05.620] [DEBUG] debug-file - A work dispatched to worker[10] failed because unable to get work from ready queue.
[2026-05-06T13:49:05.620] [INFO] debug-file - Finished :entry:default@CacheNativeLibs... after 15 ms 
[2026-05-06T13:49:13.131] [WARN] debug-file - [33mWARN: [33m[33mArkTS:WARN File: E:/application/DevEcoStudioProjects/MyApplication/entry/src/main/ets/pages/ImportPage.ets:138:44
 'getContext' has been deprecated.
[39m[39m
[33mWARN: [33m[33mArkTS:WARN File: E:/application/DevEcoStudioProjects/MyApplication/entry/src/main/ets/pages/ImportPage.ets:720:20
 'showToast' has been deprecated.
[39m[39m
[33mWARN: [33m[33mArkTS:WARN File: E:/application/DevEcoStudioProjects/MyApplication/entry/src/main/ets/pages/PasswordGenerator.ets:37:44
 'getContext' has been deprecated.
[39m[39m
[33mWARN: [33m[33mArkTS:WARN File: E:/application/DevEcoStudioProjects/MyApplication/entry/src/main/ets/pages/PasswordGenerator.ets:40:25
 'getParams' has been deprecated.
[39m[39m
[33mWARN: [33m[33mArkTS:WARN File: E:/application/DevEcoStudioProjects/MyApplication/entry/src/main/ets/pages/PasswordGenerator.ets:102:56
 'createPlainTextData' has been deprecated.
[39m[39m
[33mWARN: [33m[33mArkTS:WARN File: E:/application/DevEcoStudioProjects/MyApplication/entry/src/main/ets/pages/PasswordGenerator.ets:187:20
 'showToast' has been deprecated.
[39m[39m
[33mWARN: [33m[33mArkTS:WARN File: E:/application/DevEcoStudioProjects/MyApplication/entry/src/main/ets/pages/PasswordGenerator.ets:197:5
 Function may throw exceptions. Special handling is required.
[39m[39m
[33mWARN: [33m[33mArkTS:WARN File: E:/application/DevEcoStudioProjects/MyApplication/entry/src/main/ets/pages/PasswordGenerator.ets:197:12
 'pushUrl' has been deprecated.
[39m[39m
[33mWARN: [33m[33mArkTS:WARN File: E:/application/DevEcoStudioProjects/MyApplication/entry/src/main/ets/pages/PasswordGenerator.ets:201:5
 Function may throw exceptions. Special handling is required.
[39m[39m
[33mWARN: [33m[33mArkTS:WARN File: E:/application/DevEcoStudioProjects/MyApplication/entry/src/main/ets/pages/PasswordGenerator.ets:201:12
 'pushUrl' has been deprecated.
[39m[39m
[33mWARN: [33m[33mArkTS:WARN File: E:/application/DevEcoStudioProjects/MyApplication/entry/src/main/ets/pages/PasswordListPage.ets:32:12
 'pushUrl' has been deprecated.
[39m[39m
[33mWARN: [33m[33mArkTS:WARN File: E:/application/DevEcoStudioProjects/MyApplication/entry/src/main/ets/pages/PasswordListPage.ets:42:44
 'getContext' has been deprecated.
[39m[39m
[33mWARN: [33m[33mArkTS:WARN File: E:/application/DevEcoStudioProjects/MyApplication/entry/src/main/ets/pages/PasswordListPage.ets:142:5
 Function may throw exceptions. Special handling is required.
[39m[39m
[33mWARN: [33m[33mArkTS:WARN File: E:/application/DevEcoStudioProjects/MyApplication/entry/src/main/ets/pages/PasswordListPage.ets:142:18
 'showDialog' has been deprecated.
[39m[39m
[33mWARN: [33m[33mArkTS:WARN File: E:/application/DevEcoStudioProjects/MyApplication/entry/src/main/ets/pages/PasswordListPage.ets:195:5
 Function may throw exceptions. Special handling is required.
[39m[39m
[33mWARN: [33m[33mArkTS:WARN File: E:/application/DevEcoStudioProjects/MyApplication/entry/src/main/ets/pages/PasswordListPage.ets:195:18
 'showDialog' has been deprecated.
[39m[39m
[33mWARN: [33m[33mArkTS:WARN File: E:/application/DevEcoStudioProjects/MyApplication/entry/src/main/ets/pages/PasswordListPage.ets:229:56
 'createPlainTextData' has been deprecated.
[39m[39m
[33mWARN: [33m[33mArkTS:WARN File: E:/application/DevEcoStudioProjects/MyApplication/entry/src/main/ets/pages/PasswordListPage.ets:267:5
 Function may throw exceptions. Special handling is required.
[39m[39m
[33mWARN: [33m[33mArkTS:WARN File: E:/application/DevEcoStudioProjects/MyApplication/entry/src/main/ets/pages/PasswordListPage.ets:267:18
 'showToast' has been deprecated.
[39m[39m

[2026-05-06T13:49:13.132] [DEBUG] debug-file - Ark compile task finished.finished time is 688922249912200
[2026-05-06T13:49:13.132] [DEBUG] debug-file - worker[4] has one work done.
[2026-05-06T13:49:13.134] [DEBUG] debug-file - default@CompileArkTS work[4] done.
[2026-05-06T13:49:13.134] [DEBUG] debug-file - A work dispatched to worker[4] failed because unable to get work from ready queue.
[2026-05-06T13:49:13.136] [INFO] debug-file - Finished :entry:default@CompileArkTS... after 6 s 17 ms 
[2026-05-06T13:49:13.137] [DEBUG] debug-file - Executing task :entry:default@GeneratePkgModuleJson
[2026-05-06T13:49:13.138] [DEBUG] debug-file - File: 'E:\application\DevEcoStudioProjects\MyApplication\entry\build\default\intermediates\preload\default\preload.json' from 'preloadSoJsonPath' is not exists, just ignore.
[2026-05-06T13:49:13.138] [DEBUG] debug-file - Error occurs while handling @Input 'shouldDeduplicateHar': The "data" argument must be of type string or an instance of Buffer, TypedArray, or DataView. Received undefined
[2026-05-06T13:49:13.138] [DEBUG] debug-file - Task 'entry:default@GeneratePkgModuleJson' cost while wrapping incremental declarations: 1 ms 
[2026-05-06T13:49:13.138] [DEBUG] debug-file - entry:default@GeneratePkgModuleJson is not up-to-date, since the input file 'E:\application\DevEcoStudioProjects\MyApplication\entry\build\default\intermediates\res\default\module.json' has been changed.
[2026-05-06T13:49:13.138] [DEBUG] debug-file - Incremental task entry:default@GeneratePkgModuleJson pre-execution cost: 1 ms .
[2026-05-06T13:49:13.140] [DEBUG] debug-file - entry : default@GeneratePkgModuleJson cost memory 0.19610595703125
[2026-05-06T13:49:13.140] [DEBUG] debug-file - runTaskFromQueue task cost before running: 9 s 705 ms 
[2026-05-06T13:49:13.140] [INFO] debug-file - Finished :entry:default@GeneratePkgModuleJson... after 3 ms 
[2026-05-06T13:49:13.142] [DEBUG] debug-file - Executing task :entry:default@ProcessCompiledResources
[2026-05-06T13:49:13.142] [DEBUG] debug-file - File: 'E:\application\DevEcoStudioProjects\MyApplication\entry\build\default\intermediates\preload\default\preload.json' from 'preloadSoJsonPath' is not exists, just ignore.
[2026-05-06T13:49:13.142] [DEBUG] debug-file - Task 'entry:default@ProcessCompiledResources' cost while wrapping incremental declarations: 1 ms 
[2026-05-06T13:49:13.142] [DEBUG] debug-file - entry : default@ProcessCompiledResources cost memory 0.05925750732421875
[2026-05-06T13:49:13.143] [DEBUG] debug-file - runTaskFromQueue task cost before running: 9 s 708 ms 
[2026-05-06T13:49:13.143] [INFO] debug-file - Finished :entry:default@ProcessCompiledResources... after 1 ms 
[2026-05-06T13:49:13.145] [DEBUG] debug-file - Executing task :entry:default@PackageHap
[2026-05-06T13:49:13.147] [DEBUG] debug-file - entry:default@PackageHap is not up-to-date, since the input file 'E:\application\DevEcoStudioProjects\MyApplication\entry\build\default\intermediates\res\default\module.json' has been changed.
[2026-05-06T13:49:13.148] [DEBUG] debug-file - Incremental task entry:default@PackageHap pre-execution cost: 3 ms .
[2026-05-06T13:49:13.149] [DEBUG] debug-file - Use tool [E:\devecostudio-windows-6.1.0.830\DevEco Studio\sdk\default\openharmony\toolchains\lib\app_packing_tool.jar]
 [
  'java',
  '-Dfile.encoding=GBK',
  '-jar',
  'E:\\devecostudio-windows-6.1.0.830\\DevEco Studio\\sdk\\default\\openharmony\\toolchains\\lib\\app_packing_tool.jar',
  '--mode',
  'hap',
  '--force',
  'true',
  '--lib-path',
  'E:\\application\\DevEcoStudioProjects\\MyApplication\\entry\\build\\default\\intermediates\\stripped_native_libs\\default',
  '--json-path',
  'E:\\application\\DevEcoStudioProjects\\MyApplication\\entry\\build\\default\\intermediates\\package\\default\\module.json',
  '--resources-path',
  'E:\\application\\DevEcoStudioProjects\\MyApplication\\entry\\build\\default\\intermediates\\res\\default\\resources',
  '--index-path',
  'E:\\application\\DevEcoStudioProjects\\MyApplication\\entry\\build\\default\\intermediates\\res\\default\\resources.index',
  '--pack-info-path',
  'E:\\application\\DevEcoStudioProjects\\MyApplication\\entry\\build\\default\\outputs\\default\\pack.info',
  '--out-path',
  'E:\\application\\DevEcoStudioProjects\\MyApplication\\entry\\build\\default\\outputs\\default\\entry-default-unsigned.hap',
  '--ets-path',
  'E:\\application\\DevEcoStudioProjects\\MyApplication\\entry\\build\\default\\intermediates\\loader_out\\default\\ets',
  '--pkg-context-path',
  'E:\\application\\DevEcoStudioProjects\\MyApplication\\entry\\build\\default\\intermediates\\loader\\default\\pkgContextInfo.json'
]
[2026-05-06T13:49:13.149] [DEBUG] debug-file - default@PackageHap work[6] is submitted.
[2026-05-06T13:49:13.150] [DEBUG] debug-file - default@PackageHap work[6] is pushed to ready queue.
[2026-05-06T13:49:13.150] [DEBUG] debug-file - A work dispatched to worker[11] failed because unable to get work from ready queue.
[2026-05-06T13:49:13.150] [DEBUG] debug-file - default@PackageHap work[6] has been dispatched to worker[10].
[2026-05-06T13:49:13.150] [DEBUG] debug-file - default@PackageHap work[6] is dispatched.
[2026-05-06T13:49:13.153] [DEBUG] debug-file - entry : default@PackageHap cost memory 0.43048095703125
[2026-05-06T13:49:13.305] [DEBUG] debug-file - current process  memoryUsage: {
  rss: 647221248,
  heapTotal: 81559552,
  heapUsed: 57659832,
  external: 2581003,
  arrayBuffers: 339326
} os memoryUsage :10.102832794189453
[2026-05-06T13:49:13.728] [DEBUG] debug-file - worker[10] has one work done.
[2026-05-06T13:49:13.729] [DEBUG] debug-file - default@PackageHap work[6] done.
[2026-05-06T13:49:13.729] [DEBUG] debug-file - A work dispatched to worker[10] failed because unable to get work from ready queue.
[2026-05-06T13:49:13.730] [INFO] debug-file - Finished :entry:default@PackageHap... after 435 ms 
[2026-05-06T13:49:13.731] [DEBUG] debug-file - Executing task :entry:default@PackingCheck
[2026-05-06T13:49:13.738] [DEBUG] debug-file - entry : default@PackingCheck cost memory 0.32315826416015625
[2026-05-06T13:49:13.738] [DEBUG] debug-file - runTaskFromQueue task cost before running: 10 s 304 ms 
[2026-05-06T13:49:13.739] [INFO] debug-file - Finished :entry:default@PackingCheck... after 8 ms 
[2026-05-06T13:49:13.740] [DEBUG] debug-file - Executing task :entry:default@SignHap
[2026-05-06T13:49:13.742] [DEBUG] debug-file - entry:default@SignHap is not up-to-date, since the input file 'E:\application\DevEcoStudioProjects\MyApplication\entry\build\default\outputs\default\entry-default-unsigned.hap' has been changed.
[2026-05-06T13:49:13.742] [DEBUG] debug-file - Incremental task entry:default@SignHap pre-execution cost: 2 ms .
[2026-05-06T13:49:13.778] [DEBUG] debug-file - java daemon socket received message:{"code":0,"message":"verify profile success"}
[2026-05-06T13:49:13.785] [DEBUG] debug-file - java daemon remote sign failed undefined fallback to local java -jar sign
[2026-05-06T13:49:13.797] [DEBUG] debug-file - current process  memoryUsage: {
  rss: 624705536,
  heapTotal: 169631744,
  heapUsed: 137515104,
  external: 3249537,
  arrayBuffers: 221978
} os memoryUsage :10.09317398071289
[2026-05-06T13:49:13.802] [DEBUG] debug-file - java daemon socket close code:1000 reason:close by user
[2026-05-06T13:49:14.333] [DEBUG] debug-file - 05-06 13:49:14.332  INFO - Start verify-profile

[2026-05-06T13:49:14.518] [DEBUG] debug-file - 05-06 13:49:14.518  INFO - verify-profile success

[2026-05-06T13:49:14.579] [ERROR] debug-file - Failed :entry:default@SignHap... 
[2026-05-06T13:49:14.579] [DEBUG] debug-file - hvigor build process will be closed with an error.
[2026-05-06T13:49:14.582] [ERROR] debug-file - [31m00303074 Configuration Error
Error Message: The bundleName in app.json5/hvigorfile.ts does not match the bundleName in the generated SigningConfigs. At file: E:\application\DevEcoStudioProjects\MyApplication\build-profile.json5

* Try the following:
  > Open File > Project Structure > Signing Configs and click Fix, or manually fix SigningConfigs in project-level build-profile.json5 file.
  > Go to app.json5/hvigorfile.ts and update the bundleName value.
[39m

[31m* Try:
> Run with --stacktrace option to get the stack trace.
> Run with --debug option to get more log output.

[2026-05-06T13:49:14.582] [DEBUG] debug-file - ERROR: stacktrace = AdaptorError: [31m00303074 Configuration Error
Error Message: The bundleName in app.json5/hvigorfile.ts does not match the bundleName in the generated SigningConfigs. At file: E:\application\DevEcoStudioProjects\MyApplication\build-profile.json5

* Try the following:
  > Open File > Project Structure > Signing Configs and click Fix, or manually fix SigningConfigs in project-level build-profile.json5 file.
  > Go to app.json5/hvigorfile.ts and update the bundleName value.
[39m
    at OhosLogger.printErrorExit (E:\devecostudio-windows-6.1.0.830\DevEco Studio\tools\hvigor\hvigor\src\base\log\hvigor-log.js:1:5087)
    at SignUtil.validateBundleName (E:\devecostudio-windows-6.1.0.830\DevEco Studio\tools\hvigor\hvigor-ohos-plugin\src\tasks\sign\sign-util.js:1:3789)
    at process.processTicksAndRejections (node:internal/process/task_queues:95:5)
    at async SignUtil.executeSign (E:\devecostudio-windows-6.1.0.830\DevEco Studio\tools\hvigor\hvigor-ohos-plugin\src\tasks\sign\sign-util.js:1:4546)
    at async SignUtil.sign (E:\devecostudio-windows-6.1.0.830\DevEco Studio\tools\hvigor\hvigor-ohos-plugin\src\tasks\sign\sign-util.js:1:2275)
    at async SignHap.doTaskAction (E:\devecostudio-windows-6.1.0.830\DevEco Studio\tools\hvigor\hvigor-ohos-plugin\src\tasks\sign-hap.js:1:1743)
    at async SignHap.<anonymous> (E:\devecostudio-windows-6.1.0.830\DevEco Studio\tools\hvigor\hvigor-ohos-plugin\src\tasks\task\ohos-module-task.js:1:2126)
    at async SignHap.execute (E:\devecostudio-windows-6.1.0.830\DevEco Studio\tools\hvigor\hvigor\src\base\external\task\core-task-impl.js:1:2258)
    at async TaskProxy.execute (E:\devecostudio-windows-6.1.0.830\DevEco Studio\tools\hvigor\hvigor\src\base\internal\task\proxy\task-proxy.js:1:6613)
    at async doIncrementalTask (E:\devecostudio-windows-6.1.0.830\DevEco Studio\tools\hvigor\hvigor\src\base\internal\core\incremental-task-executor.js:1:941)
[2026-05-06T13:49:14.583] [ERROR] debug-file - AdaptorError: [31m00303074 Configuration Error
Error Message: The bundleName in app.json5/hvigorfile.ts does not match the bundleName in the generated SigningConfigs. At file: E:\application\DevEcoStudioProjects\MyApplication\build-profile.json5

* Try the following:
  > Open File > Project Structure > Signing Configs and click Fix, or manually fix SigningConfigs in project-level build-profile.json5 file.
  > Go to app.json5/hvigorfile.ts and update the bundleName value.
[39m
    at OhosLogger.printErrorExit (E:\devecostudio-windows-6.1.0.830\DevEco Studio\tools\hvigor\hvigor\src\base\log\hvigor-log.js:1:5087)
    at SignUtil.validateBundleName (E:\devecostudio-windows-6.1.0.830\DevEco Studio\tools\hvigor\hvigor-ohos-plugin\src\tasks\sign\sign-util.js:1:3789)
    at process.processTicksAndRejections (node:internal/process/task_queues:95:5)
    at async SignUtil.executeSign (E:\devecostudio-windows-6.1.0.830\DevEco Studio\tools\hvigor\hvigor-ohos-plugin\src\tasks\sign\sign-util.js:1:4546)
    at async SignUtil.sign (E:\devecostudio-windows-6.1.0.830\DevEco Studio\tools\hvigor\hvigor-ohos-plugin\src\tasks\sign\sign-util.js:1:2275)
    at async SignHap.doTaskAction (E:\devecostudio-windows-6.1.0.830\DevEco Studio\tools\hvigor\hvigor-ohos-plugin\src\tasks\sign-hap.js:1:1743)
    at async SignHap.<anonymous> (E:\devecostudio-windows-6.1.0.830\DevEco Studio\tools\hvigor\hvigor-ohos-plugin\src\tasks\task\ohos-module-task.js:1:2126)
    at async SignHap.execute (E:\devecostudio-windows-6.1.0.830\DevEco Studio\tools\hvigor\hvigor\src\base\external\task\core-task-impl.js:1:2258)
    at async TaskProxy.execute (E:\devecostudio-windows-6.1.0.830\DevEco Studio\tools\hvigor\hvigor\src\base\internal\task\proxy\task-proxy.js:1:6613)
    at async doIncrementalTask (E:\devecostudio-windows-6.1.0.830\DevEco Studio\tools\hvigor\hvigor\src\base\internal\core\incremental-task-executor.js:1:941)
[2026-05-06T13:49:14.588] [ERROR] debug-file - BUILD FAILED in 11 s 153 ms 
[2026-05-06T13:49:14.589] [DEBUG] debug-file - Update task entry:default@PreBuild input file:E:\application\DevEcoStudioProjects\MyApplication\AppScope\app.json5 cache from map.
[2026-05-06T13:49:14.589] [DEBUG] debug-file - Update task entry:default@PreBuild input file:E:\application\DevEcoStudioProjects\MyApplication\entry\src\main\module.json5 cache by regenerate.
[2026-05-06T13:49:14.590] [DEBUG] debug-file - Update task entry:default@PreBuild input file:E:\application\DevEcoStudioProjects\MyApplication\build-profile.json5 cache by regenerate.
[2026-05-06T13:49:14.590] [DEBUG] debug-file - Update task entry:default@PreBuild input file:E:\application\DevEcoStudioProjects\MyApplication\entry\build-profile.json5 cache by regenerate.
[2026-05-06T13:49:14.590] [DEBUG] debug-file - Update task entry:default@PreBuild input file:E:\application\DevEcoStudioProjects\MyApplication\entry\src\main\resources\base\profile\main_pages.json cache by regenerate.
[2026-05-06T13:49:14.591] [DEBUG] debug-file - Update task entry:default@PreBuild input file:E:\application\DevEcoStudioProjects\MyApplication\hvigor\hvigor-config.json5 cache by regenerate.
[2026-05-06T13:49:14.591] [DEBUG] debug-file - Update task entry:default@PreBuild input file:E:\application\DevEcoStudioProjects\MyApplication\entry\src\mock\mock-config.json5 cache by regenerate.
[2026-05-06T13:49:14.591] [DEBUG] debug-file - Update task entry:default@PreBuild input file:E:\application\DevEcoStudioProjects\MyApplication\entry\oh-package.json5 cache by regenerate.
[2026-05-06T13:49:14.591] [DEBUG] debug-file - Update task entry:default@PreBuild input file:E:\application\DevEcoStudioProjects\MyApplication\oh-package.json5 cache by regenerate.
[2026-05-06T13:49:14.592] [DEBUG] debug-file - Incremental task entry:default@PreBuild post-execution cost:4 ms .
[2026-05-06T13:49:14.592] [DEBUG] debug-file - Update task entry:default@CreateModuleInfo output file:E:\application\DevEcoStudioProjects\MyApplication\entry\build\default\generated\profile\default\ModuleInfo.ts cache.
[2026-05-06T13:49:14.592] [DEBUG] debug-file - Incremental task entry:default@CreateModuleInfo post-execution cost:1 ms .
[2026-05-06T13:49:14.592] [DEBUG] debug-file - Update task entry:default@GenerateMetadata input file:E:\application\DevEcoStudioProjects\MyApplication\entry\src\main\module.json5 cache by regenerate.
[2026-05-06T13:49:14.592] [DEBUG] debug-file - Update task entry:default@GenerateMetadata output file:E:\application\DevEcoStudioProjects\MyApplication\entry\build\default\intermediates\hap_metadata\default\output_metadata.json cache.
[2026-05-06T13:49:14.593] [DEBUG] debug-file - Incremental task entry:default@GenerateMetadata post-execution cost:1 ms .
[2026-05-06T13:49:14.593] [DEBUG] debug-file - Update task entry:default@MergeProfile input file:E:\application\DevEcoStudioProjects\MyApplication\AppScope\app.json5 cache from map.
[2026-05-06T13:49:14.593] [DEBUG] debug-file - Update task entry:default@MergeProfile input file:E:\application\DevEcoStudioProjects\MyApplication\build-profile.json5 cache by regenerate.
[2026-05-06T13:49:14.593] [DEBUG] debug-file - Update task entry:default@MergeProfile input file:E:\application\DevEcoStudioProjects\MyApplication\entry\src\main\module.json5 cache by regenerate.
[2026-05-06T13:49:14.593] [DEBUG] debug-file - Update task entry:default@MergeProfile output file:E:\application\DevEcoStudioProjects\MyApplication\entry\build\default\intermediates\merge_profile\default\module.json cache.
[2026-05-06T13:49:14.594] [DEBUG] debug-file - Incremental task entry:default@MergeProfile post-execution cost:1 ms .
[2026-05-06T13:49:14.594] [DEBUG] debug-file - Update task entry:default@CreateBuildProfile input file:E:\application\DevEcoStudioProjects\MyApplication\AppScope\app.json5 cache from map.
[2026-05-06T13:49:14.594] [DEBUG] debug-file - Update task entry:default@CreateBuildProfile input file:E:\application\DevEcoStudioProjects\MyApplication\build-profile.json5 cache by regenerate.
[2026-05-06T13:49:14.594] [DEBUG] debug-file - Update task entry:default@CreateBuildProfile output file:E:\application\DevEcoStudioProjects\MyApplication\entry\build\default\generated\profile\default\BuildProfile.ets cache.
[2026-05-06T13:49:14.594] [DEBUG] debug-file - Incremental task entry:default@CreateBuildProfile post-execution cost:1 ms .
[2026-05-06T13:49:14.594] [DEBUG] debug-file - Update task entry:default@GeneratePkgContextInfo output file:E:\application\DevEcoStudioProjects\MyApplication\entry\build\default\intermediates\loader\default\pkgContextInfo.json cache.
[2026-05-06T13:49:14.595] [DEBUG] debug-file - Incremental task entry:default@GeneratePkgContextInfo post-execution cost:1 ms .
[2026-05-06T13:49:14.595] [DEBUG] debug-file - Update task entry:default@GeneratePkgSdkInfo output file:E:\application\DevEcoStudioProjects\MyApplication\entry\build\default\intermediates\loader\default\pkgSdkInfo.json cache.
[2026-05-06T13:49:14.595] [DEBUG] debug-file - Incremental task entry:default@GeneratePkgSdkInfo post-execution cost:1 ms .
[2026-05-06T13:49:14.595] [DEBUG] debug-file - Update task entry:default@ProcessIntegratedHsp output file:E:\application\DevEcoStudioProjects\MyApplication\build\cache\default\integrated_hsp\integratedHspCache.json cache.
[2026-05-06T13:49:14.595] [DEBUG] debug-file - Incremental task entry:default@ProcessIntegratedHsp post-execution cost:1 ms .
[2026-05-06T13:49:14.595] [DEBUG] debug-file - Update task entry:default@MakePackInfo input file:E:\application\DevEcoStudioProjects\MyApplication\AppScope\app.json5 cache from map.
[2026-05-06T13:49:14.595] [DEBUG] debug-file - Update task entry:default@MakePackInfo input file:E:\application\DevEcoStudioProjects\MyApplication\entry\src\main\module.json5 cache by regenerate.
[2026-05-06T13:49:14.596] [DEBUG] debug-file - Update task entry:default@MakePackInfo input file:E:\application\DevEcoStudioProjects\MyApplication\build-profile.json5 cache by regenerate.
[2026-05-06T13:49:14.596] [DEBUG] debug-file - Update task entry:default@MakePackInfo input file:E:\application\DevEcoStudioProjects\MyApplication\entry\src\main\resources\base\profile\backup_config.json cache by regenerate.
[2026-05-06T13:49:14.596] [DEBUG] debug-file - Update task entry:default@MakePackInfo output file:E:\application\DevEcoStudioProjects\MyApplication\entry\build\default\outputs\default\pack.info cache.
[2026-05-06T13:49:14.596] [DEBUG] debug-file - Incremental task entry:default@MakePackInfo post-execution cost:2 ms .
[2026-05-06T13:49:14.596] [DEBUG] debug-file - Update task entry:default@SyscapTransform input file:E:\devecostudio-windows-6.1.0.830\DevEco Studio\sdk\default\openharmony\toolchains\syscap_tool.exe cache by regenerate.
[2026-05-06T13:49:14.597] [DEBUG] debug-file - Update task entry:default@SyscapTransform input file:E:\devecostudio-windows-6.1.0.830\DevEco Studio\sdk\default\openharmony\ets\api\device-define cache by regenerate.
[2026-05-06T13:49:14.598] [DEBUG] debug-file - Update task entry:default@SyscapTransform output file:E:\application\DevEcoStudioProjects\MyApplication\entry\build\default\intermediates\syscap\default\rpcid.sc cache.
[2026-05-06T13:49:14.598] [DEBUG] debug-file - Incremental task entry:default@SyscapTransform post-execution cost:2 ms .
[2026-05-06T13:49:14.598] [DEBUG] debug-file - Update task entry:default@ProcessProfile input file:E:\application\DevEcoStudioProjects\MyApplication\entry\build\default\intermediates\merge_profile\default\module.json cache from map.
[2026-05-06T13:49:14.598] [DEBUG] debug-file - Update task entry:default@ProcessProfile output file:E:\application\DevEcoStudioProjects\MyApplication\entry\build\default\intermediates\process_profile\default\module.json cache.
[2026-05-06T13:49:14.599] [DEBUG] debug-file - Incremental task entry:default@ProcessProfile post-execution cost:1 ms .
[2026-05-06T13:49:14.599] [DEBUG] debug-file - Update task entry:default@ProcessRouterMap input file:E:\application\DevEcoStudioProjects\MyApplication\entry\oh-package.json5 cache by regenerate.
[2026-05-06T13:49:14.599] [DEBUG] debug-file - Update task entry:default@ProcessRouterMap input file:E:\application\DevEcoStudioProjects\MyApplication\oh-package.json5 cache by regenerate.
[2026-05-06T13:49:14.599] [DEBUG] debug-file - Update task entry:default@ProcessRouterMap input file:E:\application\DevEcoStudioProjects\MyApplication\entry\src\main\module.json5 cache by regenerate.
[2026-05-06T13:49:14.600] [DEBUG] debug-file - Update task entry:default@ProcessRouterMap input file:E:\application\DevEcoStudioProjects\MyApplication\entry\build\default\intermediates\loader\default\pkgContextInfo.json cache from map.
[2026-05-06T13:49:14.600] [DEBUG] debug-file - Update task entry:default@ProcessRouterMap output file:E:\application\DevEcoStudioProjects\MyApplication\entry\build\default\intermediates\router_map\default\temp-router-map.json cache.
[2026-05-06T13:49:14.600] [DEBUG] debug-file - Update task entry:default@ProcessRouterMap output file:E:\application\DevEcoStudioProjects\MyApplication\entry\build\default\intermediates\router_map\default\loader-router-map.json cache.
[2026-05-06T13:49:14.600] [DEBUG] debug-file - Incremental task entry:default@ProcessRouterMap post-execution cost:2 ms .
[2026-05-06T13:49:14.601] [DEBUG] debug-file - Update task entry:default@ProcessShareConfig input file:E:\application\DevEcoStudioProjects\MyApplication\entry\oh-package.json5 cache by regenerate.
[2026-05-06T13:49:14.601] [DEBUG] debug-file - Update task entry:default@ProcessShareConfig input file:E:\application\DevEcoStudioProjects\MyApplication\oh-package.json5 cache by regenerate.
[2026-05-06T13:49:14.601] [DEBUG] debug-file - Update task entry:default@ProcessShareConfig input file:E:\application\DevEcoStudioProjects\MyApplication\entry\src\main\module.json5 cache by regenerate.
[2026-05-06T13:49:14.601] [DEBUG] debug-file - Update task entry:default@ProcessShareConfig input file:E:\application\DevEcoStudioProjects\MyApplication\entry\build\default\intermediates\loader\default\pkgContextInfo.json cache from map.
[2026-05-06T13:49:14.601] [DEBUG] debug-file - Update task entry:default@ProcessShareConfig output file:E:\application\DevEcoStudioProjects\MyApplication\entry\build\default\intermediates\share_config\default\temp-share-config.json cache.
[2026-05-06T13:49:14.602] [DEBUG] debug-file - Incremental task entry:default@ProcessShareConfig post-execution cost:2 ms .
[2026-05-06T13:49:14.602] [DEBUG] debug-file - Update task entry:default@ProcessStartupConfig input file:E:\application\DevEcoStudioProjects\MyApplication\entry\build\default\intermediates\loader\default\pkgContextInfo.json cache from map.
[2026-05-06T13:49:14.602] [DEBUG] debug-file - Update task entry:default@ProcessStartupConfig output file:E:\application\DevEcoStudioProjects\MyApplication\entry\build\default\intermediates\startup\default\startup_config.json cache.
[2026-05-06T13:49:14.602] [DEBUG] debug-file - Incremental task entry:default@ProcessStartupConfig post-execution cost:1 ms .
[2026-05-06T13:49:14.602] [DEBUG] debug-file - Update task entry:default@ProcessResource output file:E:\application\DevEcoStudioProjects\MyApplication\entry\build\default\intermediates\res\default\resConfig.json cache.
[2026-05-06T13:49:14.602] [DEBUG] debug-file - Update task entry:default@ProcessResource output file:E:\application\DevEcoStudioProjects\MyApplication\entry\build\default\intermediates\res\default\opt-compression.json cache.
[2026-05-06T13:49:14.603] [DEBUG] debug-file - Incremental task entry:default@ProcessResource post-execution cost:1 ms .
[2026-05-06T13:49:14.604] [DEBUG] debug-file - Update task entry:default@GenerateLoaderJson input file:E:\application\DevEcoStudioProjects\MyApplication\entry\src\mock\mock-config.json5 cache by regenerate.
[2026-05-06T13:49:14.604] [DEBUG] debug-file - Update task entry:default@GenerateLoaderJson input file:E:\application\DevEcoStudioProjects\MyApplication\entry\build\default\intermediates\loader\default\pkgContextInfo.json cache from map.
[2026-05-06T13:49:14.604] [DEBUG] debug-file - Update task entry:default@GenerateLoaderJson input file:E:\application\DevEcoStudioProjects\MyApplication\entry\build\default\intermediates\router_map\default\temp-router-map.json cache by regenerate.
[2026-05-06T13:49:14.604] [DEBUG] debug-file - Update task entry:default@GenerateLoaderJson output file:E:\application\DevEcoStudioProjects\MyApplication\entry\build\default\intermediates\loader\default\loader.json cache.
[2026-05-06T13:49:14.605] [DEBUG] debug-file - Incremental task entry:default@GenerateLoaderJson post-execution cost:2 ms .
[2026-05-06T13:49:14.605] [DEBUG] debug-file - Update task entry:default@ProcessLibs input file:E:\application\DevEcoStudioProjects\MyApplication\build-profile.json5 cache by regenerate.
[2026-05-06T13:49:14.605] [DEBUG] debug-file - Update task entry:default@ProcessLibs input file:E:\application\DevEcoStudioProjects\MyApplication\entry\build-profile.json5 cache from map.
[2026-05-06T13:49:14.605] [DEBUG] debug-file - Update task entry:default@ProcessLibs output file:E:\application\DevEcoStudioProjects\MyApplication\entry\build\default\intermediates\libs\default cache.
[2026-05-06T13:49:14.606] [DEBUG] debug-file - Incremental task entry:default@ProcessLibs post-execution cost:2 ms .
[2026-05-06T13:49:14.607] [DEBUG] debug-file - Update task entry:default@CompileResource input file:E:\application\DevEcoStudioProjects\MyApplication\entry\src\main\resources cache by regenerate.
[2026-05-06T13:49:14.610] [DEBUG] debug-file - Update task entry:default@CompileResource input file:E:\application\DevEcoStudioProjects\MyApplication\AppScope\resources cache by regenerate.
[2026-05-06T13:49:14.612] [DEBUG] debug-file - Update task entry:default@CompileResource input file:E:\application\DevEcoStudioProjects\MyApplication\entry\build\default\intermediates\process_profile\default\module.json cache from map.
[2026-05-06T13:49:14.612] [DEBUG] debug-file - Update task entry:default@CompileResource input file:E:\application\DevEcoStudioProjects\MyApplication\entry\build\default\intermediates\res\default\resConfig.json cache by regenerate.
[2026-05-06T13:49:14.612] [DEBUG] debug-file - Update task entry:default@CompileResource output file:E:\application\DevEcoStudioProjects\MyApplication\entry\build\default\intermediates\res\default cache.
[2026-05-06T13:49:14.618] [DEBUG] debug-file - Update task entry:default@CompileResource output file:E:\application\DevEcoStudioProjects\MyApplication\entry\build\default\generated\r\default\ResourceTable.h cache.
[2026-05-06T13:49:14.618] [DEBUG] debug-file - Update task entry:default@CompileResource output file:E:\application\DevEcoStudioProjects\MyApplication\entry\build\default\generated\r\default\ResourceTable.ts cache.
[2026-05-06T13:49:14.618] [DEBUG] debug-file - Update task entry:default@CompileResource output file:E:\application\DevEcoStudioProjects\MyApplication\entry\build\default\generated\r\default cache.
[2026-05-06T13:49:14.619] [DEBUG] debug-file - Incremental task entry:default@CompileResource post-execution cost:13 ms .
[2026-05-06T13:49:14.619] [DEBUG] debug-file - Update task entry:default@DoNativeStrip input file:E:\application\DevEcoStudioProjects\MyApplication\entry\build\default\intermediates\libs\default cache by regenerate.
[2026-05-06T13:49:14.619] [DEBUG] debug-file - Update task entry:default@DoNativeStrip output file:E:\application\DevEcoStudioProjects\MyApplication\entry\build\default\intermediates\stripped_native_libs\default cache.
[2026-05-06T13:49:14.619] [DEBUG] debug-file - Incremental task entry:default@DoNativeStrip post-execution cost:1 ms .
[2026-05-06T13:49:14.621] [DEBUG] debug-file - Update task entry:default@CompileArkTS input file:E:\application\DevEcoStudioProjects\MyApplication\entry\build\default\intermediates\loader\default cache from map.
[2026-05-06T13:49:14.621] [DEBUG] debug-file - Update task entry:default@CompileArkTS input file:E:\application\DevEcoStudioProjects\MyApplication\entry\build\default\intermediates\res\default\resources\rawfile cache by regenerate.
[2026-05-06T13:49:14.621] [DEBUG] debug-file - Update task entry:default@CompileArkTS input file:E:\application\DevEcoStudioProjects\MyApplication\entry\build\default\intermediates\res\default\ResourceTable.txt cache by regenerate.
[2026-05-06T13:49:14.622] [DEBUG] debug-file - Update task entry:default@CompileArkTS input file:E:\application\DevEcoStudioProjects\MyApplication\entry\build\default\intermediates\res\default\ark_module.json cache by regenerate.
[2026-05-06T13:49:14.622] [DEBUG] debug-file - Update task entry:default@CompileArkTS input file:E:\application\DevEcoStudioProjects\MyApplication\entry\build\default\intermediates\res\default\resources\base\profile cache by regenerate.
[2026-05-06T13:49:14.623] [DEBUG] debug-file - Update task entry:default@CompileArkTS input file:E:\application\DevEcoStudioProjects\MyApplication\entry\src\main\ets cache by regenerate.
[2026-05-06T13:49:14.626] [DEBUG] debug-file - Update task entry:default@CompileArkTS input file:E:\application\DevEcoStudioProjects\MyApplication\entry\build\default\intermediates\loader\default\pkgContextInfo.json cache by regenerate.
[2026-05-06T13:49:14.626] [DEBUG] debug-file - Update task entry:default@CompileArkTS input file:E:\application\DevEcoStudioProjects\MyApplication\entry\build\default\generated\profile\default\BuildProfile.ets cache by regenerate.
[2026-05-06T13:49:14.626] [DEBUG] debug-file - Update task entry:default@CompileArkTS input file:E:\application\DevEcoStudioProjects\MyApplication\entry\src\mock\mock-config.json5 cache by regenerate.
[2026-05-06T13:49:14.626] [DEBUG] debug-file - Update task entry:default@CompileArkTS output file:E:\application\DevEcoStudioProjects\MyApplication\entry\build\default\intermediates\loader_out\default\ets cache.
[2026-05-06T13:49:14.627] [DEBUG] debug-file - Incremental task entry:default@CompileArkTS post-execution cost:8 ms .
[2026-05-06T13:49:14.628] [DEBUG] debug-file - Update task entry:default@BuildJS input file:E:\application\DevEcoStudioProjects\MyApplication\entry\build\default\intermediates\loader\default cache by regenerate.
[2026-05-06T13:49:14.629] [DEBUG] debug-file - Update task entry:default@BuildJS input file:E:\application\DevEcoStudioProjects\MyApplication\entry\build\default\intermediates\res\default\resources\rawfile cache by regenerate.
[2026-05-06T13:49:14.629] [DEBUG] debug-file - Update task entry:default@BuildJS input file:E:\application\DevEcoStudioProjects\MyApplication\entry\build\default\intermediates\res\default\ResourceTable.txt cache by regenerate.
[2026-05-06T13:49:14.629] [DEBUG] debug-file - Update task entry:default@BuildJS input file:E:\application\DevEcoStudioProjects\MyApplication\entry\build\default\intermediates\res\default\ark_module.json cache by regenerate.
[2026-05-06T13:49:14.629] [DEBUG] debug-file - Update task entry:default@BuildJS input file:E:\application\DevEcoStudioProjects\MyApplication\entry\build\default\intermediates\res\default\resources\base\profile cache by regenerate.
[2026-05-06T13:49:14.630] [DEBUG] debug-file - Update task entry:default@BuildJS input file:E:\application\DevEcoStudioProjects\MyApplication\entry\build\default\intermediates\loader\default\pkgContextInfo.json cache by regenerate.
[2026-05-06T13:49:14.630] [DEBUG] debug-file - Update task entry:default@BuildJS output file:E:\application\DevEcoStudioProjects\MyApplication\entry\build\default\intermediates\loader_out\default\js cache.
[2026-05-06T13:49:14.630] [DEBUG] debug-file - Incremental task entry:default@BuildJS post-execution cost:4 ms .
[2026-05-06T13:49:14.631] [DEBUG] debug-file - Update task entry:default@CacheNativeLibs input file:E:\application\DevEcoStudioProjects\MyApplication\entry\build\default\intermediates\stripped_native_libs\default cache by regenerate.
[2026-05-06T13:49:14.631] [DEBUG] debug-file - Update task entry:default@CacheNativeLibs input file:E:\application\DevEcoStudioProjects\MyApplication\entry\build\default\intermediates\libs\default cache by regenerate.
[2026-05-06T13:49:14.631] [DEBUG] debug-file - Update task entry:default@CacheNativeLibs output file:E:\application\DevEcoStudioProjects\MyApplication\entry\build\default\intermediates\patch\default\base_native_libs.json cache.
[2026-05-06T13:49:14.631] [DEBUG] debug-file - Update task entry:default@CacheNativeLibs output file:E:\application\DevEcoStudioProjects\MyApplication\entry\build\default\intermediates\patch\default\binxo_native_libs.json cache.
[2026-05-06T13:49:14.632] [DEBUG] debug-file - Incremental task entry:default@CacheNativeLibs post-execution cost:2 ms .
[2026-05-06T13:49:14.632] [DEBUG] debug-file - Update task entry:default@GeneratePkgModuleJson input file:E:\application\DevEcoStudioProjects\MyApplication\entry\build\default\intermediates\res\default\module.json cache from map.
[2026-05-06T13:49:14.632] [DEBUG] debug-file - Update task entry:default@GeneratePkgModuleJson output file:E:\application\DevEcoStudioProjects\MyApplication\entry\build\default\intermediates\package\default\module.json cache.
[2026-05-06T13:49:14.632] [DEBUG] debug-file - Incremental task entry:default@GeneratePkgModuleJson post-execution cost:1 ms .
[2026-05-06T13:49:14.632] [DEBUG] debug-file - Incremental task entry:default@ProcessCompiledResources post-execution cost:1 ms .
[2026-05-06T13:49:14.633] [DEBUG] debug-file - Update task entry:default@PackageHap input file:E:\application\DevEcoStudioProjects\MyApplication\entry\build\default\intermediates\stripped_native_libs\default cache by regenerate.
[2026-05-06T13:49:14.633] [DEBUG] debug-file - Update task entry:default@PackageHap input file:E:\application\DevEcoStudioProjects\MyApplication\entry\build\default\intermediates\res\default\module.json cache from map.
[2026-05-06T13:49:14.633] [DEBUG] debug-file - Update task entry:default@PackageHap input file:E:\application\DevEcoStudioProjects\MyApplication\entry\build\default\intermediates\res\default\resources cache by regenerate.
[2026-05-06T13:49:14.636] [DEBUG] debug-file - Update task entry:default@PackageHap input file:E:\application\DevEcoStudioProjects\MyApplication\entry\build\default\intermediates\res\default\resources.index cache by regenerate.
[2026-05-06T13:49:14.636] [DEBUG] debug-file - Update task entry:default@PackageHap input file:E:\application\DevEcoStudioProjects\MyApplication\entry\build\default\outputs\default\pack.info cache by regenerate.
[2026-05-06T13:49:14.636] [DEBUG] debug-file - Update task entry:default@PackageHap input file:E:\application\DevEcoStudioProjects\MyApplication\entry\build\default\intermediates\loader_out\default\ets cache by regenerate.
[2026-05-06T13:49:14.637] [DEBUG] debug-file - Update task entry:default@PackageHap input file:E:\application\DevEcoStudioProjects\MyApplication\entry\build\default\intermediates\loader\default\pkgContextInfo.json cache by regenerate.
[2026-05-06T13:49:14.637] [DEBUG] debug-file - Update task entry:default@PackageHap input file:E:\application\DevEcoStudioProjects\MyApplication\entry\build\default\intermediates\loader_out\default\ets\sourceMaps.map cache by regenerate.
[2026-05-06T13:49:14.638] [DEBUG] debug-file - Update task entry:default@PackageHap input file:E:\application\DevEcoStudioProjects\MyApplication\entry\build\default\generated\profile\default\BuildProfile.ets cache by regenerate.
[2026-05-06T13:49:14.638] [DEBUG] debug-file - Update task entry:default@PackageHap output file:E:\application\DevEcoStudioProjects\MyApplication\entry\build\default\outputs\default\entry-default-unsigned.hap cache.
[2026-05-06T13:49:14.638] [DEBUG] debug-file - Update task entry:default@PackageHap output file:E:\application\DevEcoStudioProjects\MyApplication\entry\build\default\intermediates\source_map\default\sourceMaps.map cache.
[2026-05-06T13:49:14.638] [DEBUG] debug-file - Update task entry:default@PackageHap output file:E:\application\DevEcoStudioProjects\MyApplication\entry\build\default\outputs\default\mapping\sourceMaps.map cache.
[2026-05-06T13:49:14.639] [DEBUG] debug-file - Incremental task entry:default@PackageHap post-execution cost:7 ms .
[2026-05-06T13:49:14.639] [DEBUG] debug-file - Update task entry:default@SignHap input file:E:/devecostudio-windows-6.1.0.830/SmartAlarm.cer cache by regenerate.
[2026-05-06T13:49:14.639] [DEBUG] debug-file - Update task entry:default@SignHap input file:C:/Users/jeremy/.ohos/config/default_MyApplication_Thr90GYvKW5Kq6vrUTl5jOZ4hWpT6CDZekCtJa4CR7k=.p7b cache by regenerate.
[2026-05-06T13:49:14.640] [DEBUG] debug-file - Update task entry:default@SignHap input file:E:/devecostudio-windows-6.1.0.830/smartalarm.p12 cache by regenerate.
[2026-05-06T13:49:14.640] [DEBUG] debug-file - Update task entry:default@SignHap input file:E:\application\DevEcoStudioProjects\MyApplication\entry\build\default\outputs\default\entry-default-unsigned.hap cache from map.
[2026-05-06T13:49:14.640] [DEBUG] debug-file - Update task entry:default@SignHap output file:E:\application\DevEcoStudioProjects\MyApplication\entry\build\default\outputs\default\entry-default-signed.hap cache.
[2026-05-06T13:49:14.640] [DEBUG] debug-file - Incremental task entry:default@SignHap post-execution cost:2 ms .
[2026-05-06T13:49:14.660] [DEBUG] debug-file - Cleanup worker 10.
[2026-05-06T13:49:14.660] [DEBUG] debug-file - Worker 10 has been cleaned up.
[2026-05-06T13:49:14.660] [DEBUG] debug-file - Current idle worker size: 1.
[2026-05-06T13:49:14.660] [DEBUG] debug-file - Current resident worker size: 2.
[2026-05-06T13:49:14.661] [DEBUG] debug-file - hvigor build process will be closed.
[2026-05-06T13:49:14.668] [DEBUG] debug-file - worker[10] exits with exit code 1.
[2026-05-06T13:49:14.676] [DEBUG] debug-file - session manager: send message to worker process.
[2026-05-06T13:49:14.678] [DEBUG] debug-file - session manager: send message to worker process.
[2026-05-06T13:49:14.678] [DEBUG] debug-file - watch worker: worker id should be larger than 0. Nothing will be sent to any worker thread.
[2026-05-06T13:49:14.679] [DEBUG] debug-file - watch worker: worker id should be larger than 0. Nothing will be sent to any worker thread.
[2026-05-06T13:59:00.890] [DEBUG] debug-file - env: nodejsVersion=v18.20.1
[2026-05-06T13:59:00.945] [DEBUG] debug-file - env: daemon=true
[2026-05-06T13:59:00.891] [DEBUG] debug-file - env: hvigor-config.json5 content = {
  modelVersion: '6.0.2',
  dependencies: {},
  execution: {},
  logging: {},
  debugging: {},
  nodeOptions: {}
}
[2026-05-06T13:59:01.834] [DEBUG] debug-file - java daemon tryConnect failed Error: connect ECONNREFUSED 127.0.0.1:45050
[2026-05-06T13:59:01.842] [DEBUG] debug-file - java daemon started at port 45050 pid 12032
[2026-05-06T13:59:02.491] [DEBUG] debug-file - hvigor client: Check process info failed. If process with pid=20212 exists and it is an hvigor process, please check the WMI function of your environment or starting hvigor with --no-daemon param.
[2026-05-06T13:59:03.013] [DEBUG] debug-file - hvigor client: Check process info failed. If process with pid=20212 exists and it is an hvigor process, please check the WMI function of your environment or starting hvigor with --no-daemon param.
[2026-05-06T13:59:03.468] [DEBUG] debug-file - hvigor client: Check process info failed. If process with pid=20212 exists and it is an hvigor process, please check the WMI function of your environment or starting hvigor with --no-daemon param.
[2026-05-06T13:59:03.942] [DEBUG] debug-file - session manager: set active socket. socketId=gy-VDOH1ZCnYNKMzAAAB
[2026-05-06T13:59:03.930] [DEBUG] debug-file - hvigor client: Check process info failed. If process with pid=20212 exists and it is an hvigor process, please check the WMI function of your environment or starting hvigor with --no-daemon param.
[2026-05-06T13:59:03.969] [DEBUG] debug-file - watch worker: worker id should be larger than 0. Nothing will be sent to any worker thread.
[2026-05-06T13:59:03.975] [DEBUG] debug-file - Since there is no instance or instance is terminated, create a new worker pool.
[2026-05-06T13:59:03.976] [DEBUG] debug-file - Worker pool is initialized with config:  {
  minPoolNum: 2,
  maxPoolNum: undefined,
  maxCoreSize: undefined,
  cacheCapacity: undefined,
  cacheTtl: undefined
}
[2026-05-06T13:59:03.976] [DEBUG] debug-file - Create  resident worker with id: 0.
[2026-05-06T13:59:03.979] [DEBUG] debug-file - Create  resident worker with id: 1.
[2026-05-06T13:59:03.982] [DEBUG] debug-file - Workers' log level updated to INFO
[2026-05-06T13:59:03.991] [DEBUG] debug-file - Hvigor init with startParameters:{
  hvigorfileTypeCheck: false,
  parallelExecution: true,
  incrementalExecution: true,
  printStackTrace: false,
  daemon: true,
  analyze: 0,
  logLevel: Level { level: 20000, levelStr: 'INFO', colour: 'green' },
  optimizationStrategy: 'memory',
  hotCompile: undefined,
  hotReloadBuild: undefined,
  customizedParam: undefined
}
[2026-05-06T13:59:03.998] [DEBUG] debug-file - Cache service initialization finished in 7 ms 
[2026-05-06T13:59:04.000] [DEBUG] debug-file - hvigorfile, resolving E:\application\DevEcoStudioProjects\MyApplication\hvigorfile.ts
[2026-05-06T13:59:06.320] [DEBUG] debug-file - hvigorfile, require result:  { default: { plugins: [] } }
[2026-05-06T13:59:06.320] [DEBUG] debug-file - hvigorfile, binding system plugins null
[2026-05-06T13:59:06.321] [DEBUG] debug-file - Starting plugin build process
[2026-05-06T13:59:06.321] [DEBUG] debug-file - App plugin prepare start...
[2026-05-06T13:59:06.321] [DEBUG] debug-file - App plugin prepare end...
[2026-05-06T13:59:06.321] [DEBUG] debug-file - App plugin creating...
[2026-05-06T13:59:06.520] [DEBUG] debug-file - App plugin register hook start...
[2026-05-06T13:59:06.520] [DEBUG] debug-file - App plugin register hook end...
[2026-05-06T13:59:06.520] [DEBUG] debug-file - Plugin build process completed
[2026-05-06T13:59:06.522] [DEBUG] debug-file - Start initialize project's product build option map with build mode debug.
[2026-05-06T13:59:06.522] [DEBUG] debug-file - Picking option from product 'default' with build mode 'debug'.
[2026-05-06T13:59:06.522] [DEBUG] debug-file - Product 'default' build option initialized
[2026-05-06T13:59:06.523] [DEBUG] debug-file - End initialize project's product build option map with build mode 'debug'.
[2026-05-06T13:59:06.525] [DEBUG] debug-file - Obtain build option for product 'default'in this build.
[2026-05-06T13:59:06.533] [DEBUG] debug-file - E:\application\DevEcoStudioProjects\MyApplication\build\cache\default\remote_hsp\remoteHspCache.json not exists.
[2026-05-06T13:59:06.535] [DEBUG] debug-file - Local scan or download HarmonyOS sdk components toolchains,ets,js,native,previewer
[2026-05-06T13:59:06.538] [DEBUG] debug-file - Local scan or download hmscore sdk components toolchains,ets,native
[2026-05-06T13:59:06.540] [DEBUG] debug-file - Start recording SDK configuration permission data.
[2026-05-06T13:59:06.583] [DEBUG] debug-file - Sdk init in 49 ms 
[2026-05-06T13:59:06.590] [DEBUG] debug-file - Project task initialization takes 6 ms 
[2026-05-06T13:59:06.590] [DEBUG] debug-file - hvigorfile, begin to bind custom plugins...
[2026-05-06T13:59:06.590] [DEBUG] debug-file - hvigorfile, no custom plugins were found in E:\application\DevEcoStudioProjects\MyApplication\hvigorfile.ts
[2026-05-06T13:59:06.591] [DEBUG] debug-file - hvigorfile, resolve finished E:\application\DevEcoStudioProjects\MyApplication\hvigorfile.ts
[2026-05-06T13:59:06.592] [DEBUG] debug-file - hvigorfile, resolving E:\application\DevEcoStudioProjects\MyApplication\entry\hvigorfile.ts
[2026-05-06T13:59:06.601] [DEBUG] debug-file - hvigorfile, require result:  { default: { plugins: [] } }
[2026-05-06T13:59:06.601] [DEBUG] debug-file - hvigorfile, binding system plugins null
[2026-05-06T13:59:06.602] [DEBUG] debug-file - Starting plugin build process
[2026-05-06T13:59:06.602] [DEBUG] debug-file - Hap plugin creating...
[2026-05-06T13:59:06.603] [DEBUG] debug-file - failed to load cangjie to dynamically generate schemas: Error: Cannot find module '@ohos/cangjie-build-support/index'
Require stack:
- E:\devecostudio-windows-6.1.0.830\DevEco Studio\tools\hvigor\hvigor-ohos-plugin\src\plugin\hooks\cangjie-register.js
- E:\devecostudio-windows-6.1.0.830\DevEco Studio\tools\hvigor\hvigor-ohos-plugin\src\plugin\strategy\stage-init-strategy.js
- E:\devecostudio-windows-6.1.0.830\DevEco Studio\tools\hvigor\hvigor-ohos-plugin\src\plugin\builder\abstract-plugin-builder.js
- E:\devecostudio-windows-6.1.0.830\DevEco Studio\tools\hvigor\hvigor-ohos-plugin\src\plugin\builder\app-plugin-builder.js
- E:\devecostudio-windows-6.1.0.830\DevEco Studio\tools\hvigor\hvigor-ohos-plugin\src\plugin\factory\plugin-factory.js
- E:\devecostudio-windows-6.1.0.830\DevEco Studio\tools\hvigor\hvigor-ohos-plugin\index.js
- E:\application\DevEcoStudioProjects\MyApplication\hvigorfile.ts
- E:\devecostudio-windows-6.1.0.830\DevEco Studio\tools\hvigor\hvigor\src\base\internal\lifecycle\configuration.js
- E:\devecostudio-windows-6.1.0.830\DevEco Studio\tools\hvigor\hvigor\src\base\boot\index.js
- E:\devecostudio-windows-6.1.0.830\DevEco Studio\tools\hvigor\hvigor\src\base\daemon\cluster\worker-process-lifecycle.js
- E:\devecostudio-windows-6.1.0.830\DevEco Studio\tools\hvigor\hvigor\src\base\daemon\process\daemon-process-boot-script.js
[2026-05-06T13:59:06.621] [DEBUG] debug-file - Start initialize module-target build option map, moduleName=entry, buildMode=debug
[2026-05-06T13:59:06.621] [DEBUG] debug-file - Target 'default' config initialized
[2026-05-06T13:59:06.622] [DEBUG] debug-file - Target 'ohosTest' config initialized
[2026-05-06T13:59:06.622] [DEBUG] debug-file - Module 'entry' target 'default' build option initialized
[2026-05-06T13:59:06.622] [DEBUG] debug-file - Module 'entry' target 'ohosTest' build option initialized
[2026-05-06T13:59:06.622] [DEBUG] debug-file - End initialize module-target build option map, moduleName=entry
[2026-05-06T13:59:06.622] [DEBUG] debug-file - Start initialize module-target build option map, moduleName=entry, buildMode=release
[2026-05-06T13:59:06.622] [DEBUG] debug-file - Target 'default' config initialized
[2026-05-06T13:59:06.623] [DEBUG] debug-file - Target 'ohosTest' config initialized
[2026-05-06T13:59:06.623] [DEBUG] debug-file - Module 'entry' target 'default' build option initialized
[2026-05-06T13:59:06.623] [DEBUG] debug-file - Module 'entry' target 'ohosTest' build option initialized
[2026-05-06T13:59:06.623] [DEBUG] debug-file - End initialize module-target build option map, moduleName=entry
[2026-05-06T13:59:06.623] [DEBUG] debug-file - Start initialize module-target build option map, moduleName=entry, buildMode=debug
[2026-05-06T13:59:06.623] [DEBUG] debug-file - Target 'default' config initialized
[2026-05-06T13:59:06.624] [DEBUG] debug-file - Target 'ohosTest' config initialized
[2026-05-06T13:59:06.624] [DEBUG] debug-file - Module 'entry' target 'default' build option initialized
[2026-05-06T13:59:06.624] [DEBUG] debug-file - Module 'entry' target 'ohosTest' build option initialized
[2026-05-06T13:59:06.624] [DEBUG] debug-file - End initialize module-target build option map, moduleName=entry
[2026-05-06T13:59:06.624] [DEBUG] debug-file - Obtain build option for module 'entry' target 'default'in this build.
[2026-05-06T13:59:06.630] [DEBUG] debug-file - Module entry task initialization takes 6 ms 
[2026-05-06T13:59:06.631] [DEBUG] debug-file - Hap plugin register hook start...
[2026-05-06T13:59:06.631] [DEBUG] debug-file - Hap plugin register hook end...
[2026-05-06T13:59:06.631] [DEBUG] debug-file - Plugin build process completed
[2026-05-06T13:59:06.631] [DEBUG] debug-file - hvigorfile, begin to bind custom plugins...
[2026-05-06T13:59:06.631] [DEBUG] debug-file - hvigorfile, no custom plugins were found in E:\application\DevEcoStudioProjects\MyApplication\entry\hvigorfile.ts
[2026-05-06T13:59:06.631] [DEBUG] debug-file - hvigorfile, resolve finished E:\application\DevEcoStudioProjects\MyApplication\entry\hvigorfile.ts
[2026-05-06T13:59:06.653] [DEBUG] debug-file - hvigorfile, resolve hvigorfile dependencies in 21 ms 
[2026-05-06T13:59:06.653] [DEBUG] debug-file - project has submodules:entry
[2026-05-06T13:59:06.655] [DEBUG] debug-file - start to load updatedOhPackageInfo to the disk
[2026-05-06T13:59:06.658] [DEBUG] debug-file - load to the disk finished
[2026-05-06T13:59:06.659] [DEBUG] debug-file - Start to initialize dependency information.
[2026-05-06T13:59:06.670] [DEBUG] debug-file - Module MyApplication Collected Dependency: 
[2026-05-06T13:59:06.670] [DEBUG] debug-file - Module MyApplication's total dependency: 0
[2026-05-06T13:59:06.671] [DEBUG] debug-file - Start to initialize dependency information.
[2026-05-06T13:59:06.675] [DEBUG] debug-file - Module entry Collected Dependency: 
[2026-05-06T13:59:06.675] [DEBUG] debug-file - Module entry's total dependency: 0
[2026-05-06T13:59:06.680] [DEBUG] debug-file - Configuration phase cost:2 s 682 ms 
[2026-05-06T13:59:06.683] [DEBUG] debug-file - Configuration task cost before running: 2 s 701 ms 
[2026-05-06T13:59:06.684] [DEBUG] debug-file - Executing task :entry:init
[2026-05-06T13:59:06.685] [DEBUG] debug-file - entry : init cost memory 0.01678466796875
[2026-05-06T13:59:06.685] [DEBUG] debug-file - runTaskFromQueue task cost before running: 2 s 702 ms 
[2026-05-06T13:59:06.685] [INFO] debug-file - Finished :entry:init... after 1 ms 
[2026-05-06T13:59:06.686] [DEBUG] debug-file - Executing task ::init
[2026-05-06T13:59:06.686] [DEBUG] debug-file - MyApplication : init cost memory 0.014190673828125
[2026-05-06T13:59:06.686] [DEBUG] debug-file - runTaskFromQueue task cost before running: 2 s 704 ms 
[2026-05-06T13:59:06.686] [INFO] debug-file - Finished ::init... after 1 ms 
[2026-05-06T13:59:06.695] [DEBUG] debug-file - Obtain build option for module 'entry' target 'default'in this build.
[2026-05-06T13:59:06.696] [DEBUG] debug-file - Obtain build option for module 'entry' target 'ohosTest'in this build.
[2026-05-06T13:59:06.702] [DEBUG] debug-file - Cleanup worker 0.
[2026-05-06T13:59:06.702] [DEBUG] debug-file - Worker 0 has been cleaned up.
[2026-05-06T13:59:06.703] [DEBUG] debug-file - Current idle worker size: 1.
[2026-05-06T13:59:06.703] [DEBUG] debug-file - Current resident worker size: 2.
[2026-05-06T13:59:06.703] [DEBUG] debug-file - Cleanup worker 1.
[2026-05-06T13:59:06.703] [DEBUG] debug-file - Worker 1 has been cleaned up.
[2026-05-06T13:59:06.703] [DEBUG] debug-file - Current idle worker size: 0.
[2026-05-06T13:59:06.703] [DEBUG] debug-file - Current resident worker size: 2.
[2026-05-06T13:59:06.708] [DEBUG] debug-file - session manager: send message to worker process.
[2026-05-06T13:59:06.709] [DEBUG] debug-file - session manager: send message to worker process.
[2026-05-06T13:59:06.707] [DEBUG] debug-file - hvigor build process will be closed.
[2026-05-06T13:59:06.718] [DEBUG] debug-file - worker[0] exits with exit code 1.
[2026-05-06T13:59:06.719] [DEBUG] debug-file - worker[1] exits with exit code 1.
[2026-05-06T13:59:06.720] [DEBUG] debug-file - watch worker: worker id should be larger than 0. Nothing will be sent to any worker thread.
[2026-05-06T13:59:06.720] [DEBUG] debug-file - watch worker: worker id should be larger than 0. Nothing will be sent to any worker thread.
[2026-05-06T13:59:36.170] [DEBUG] debug-file - session manager: set active socket. socketId=t68Tcugnw-spzJk5AAAD
[2026-05-06T13:59:36.188] [DEBUG] debug-file - watch worker: worker id should be larger than 0. Nothing will be sent to any worker thread.
[2026-05-06T13:59:36.195] [DEBUG] debug-file - Workers' log level updated to INFO
[2026-05-06T13:59:36.202] [DEBUG] debug-file - Hvigor init with startParameters:{
  hvigorfileTypeCheck: false,
  parallelExecution: true,
  incrementalExecution: true,
  printStackTrace: false,
  daemon: true,
  analyze: 0,
  logLevel: Level { level: 20000, levelStr: 'INFO', colour: 'green' },
  optimizationStrategy: 'memory',
  hotCompile: undefined,
  hotReloadBuild: undefined,
  customizedParam: undefined
}
[2026-05-06T13:59:36.206] [DEBUG] debug-file - Cache service initialization finished in 5 ms 
[2026-05-06T13:59:36.207] [DEBUG] debug-file - hvigorfile, resolving E:\application\DevEcoStudioProjects\MyApplication\hvigorfile.ts
[2026-05-06T13:59:36.214] [DEBUG] debug-file - hvigorfile, require result:  { default: { plugins: [] } }
[2026-05-06T13:59:36.215] [DEBUG] debug-file - hvigorfile, binding system plugins null
[2026-05-06T13:59:36.215] [DEBUG] debug-file - Starting plugin build process
[2026-05-06T13:59:36.215] [DEBUG] debug-file - App plugin prepare start...
[2026-05-06T13:59:36.215] [DEBUG] debug-file - App plugin prepare end...
[2026-05-06T13:59:36.216] [DEBUG] debug-file - App plugin creating...
[2026-05-06T13:59:36.222] [DEBUG] debug-file - App plugin register hook start...
[2026-05-06T13:59:36.223] [DEBUG] debug-file - App plugin register hook end...
[2026-05-06T13:59:36.223] [DEBUG] debug-file - Plugin build process completed
[2026-05-06T13:59:36.224] [DEBUG] debug-file - Start initialize project's product build option map with build mode debug.
[2026-05-06T13:59:36.224] [DEBUG] debug-file - Picking option from product 'default' with build mode 'debug'.
[2026-05-06T13:59:36.225] [DEBUG] debug-file - Product 'default' build option initialized
[2026-05-06T13:59:36.225] [DEBUG] debug-file - End initialize project's product build option map with build mode 'debug'.
[2026-05-06T13:59:36.226] [DEBUG] debug-file - Obtain build option for product 'default'in this build.
[2026-05-06T13:59:36.231] [DEBUG] debug-file - E:\application\DevEcoStudioProjects\MyApplication\build\cache\default\remote_hsp\remoteHspCache.json not exists.
[2026-05-06T13:59:36.235] [DEBUG] debug-file - Start recording SDK configuration permission data.
[2026-05-06T13:59:36.267] [DEBUG] debug-file - Sdk init in 36 ms 
[2026-05-06T13:59:36.272] [DEBUG] debug-file - Project task initialization takes 4 ms 
[2026-05-06T13:59:36.272] [DEBUG] debug-file - hvigorfile, begin to bind custom plugins...
[2026-05-06T13:59:36.272] [DEBUG] debug-file - hvigorfile, no custom plugins were found in E:\application\DevEcoStudioProjects\MyApplication\hvigorfile.ts
[2026-05-06T13:59:36.272] [DEBUG] debug-file - hvigorfile, resolve finished E:\application\DevEcoStudioProjects\MyApplication\hvigorfile.ts
[2026-05-06T13:59:36.273] [DEBUG] debug-file - hvigorfile, resolving E:\application\DevEcoStudioProjects\MyApplication\entry\hvigorfile.ts
[2026-05-06T13:59:36.278] [DEBUG] debug-file - hvigorfile, require result:  { default: { plugins: [] } }
[2026-05-06T13:59:36.279] [DEBUG] debug-file - hvigorfile, binding system plugins null
[2026-05-06T13:59:36.279] [DEBUG] debug-file - Starting plugin build process
[2026-05-06T13:59:36.279] [DEBUG] debug-file - Hap plugin creating...
[2026-05-06T13:59:36.281] [DEBUG] debug-file - failed to load cangjie to dynamically generate schemas: Error: Cannot find module '@ohos/cangjie-build-support/index'
Require stack:
- E:\devecostudio-windows-6.1.0.830\DevEco Studio\tools\hvigor\hvigor-ohos-plugin\src\plugin\hooks\cangjie-register.js
- E:\devecostudio-windows-6.1.0.830\DevEco Studio\tools\hvigor\hvigor-ohos-plugin\src\plugin\strategy\stage-init-strategy.js
- E:\devecostudio-windows-6.1.0.830\DevEco Studio\tools\hvigor\hvigor-ohos-plugin\src\plugin\builder\abstract-plugin-builder.js
- E:\devecostudio-windows-6.1.0.830\DevEco Studio\tools\hvigor\hvigor-ohos-plugin\src\plugin\builder\app-plugin-builder.js
- E:\devecostudio-windows-6.1.0.830\DevEco Studio\tools\hvigor\hvigor-ohos-plugin\src\plugin\factory\plugin-factory.js
- E:\devecostudio-windows-6.1.0.830\DevEco Studio\tools\hvigor\hvigor-ohos-plugin\index.js
- E:\application\DevEcoStudioProjects\MyApplication\hvigorfile.ts
- E:\devecostudio-windows-6.1.0.830\DevEco Studio\tools\hvigor\hvigor\src\base\internal\lifecycle\configuration.js
- E:\devecostudio-windows-6.1.0.830\DevEco Studio\tools\hvigor\hvigor\src\base\boot\index.js
- E:\devecostudio-windows-6.1.0.830\DevEco Studio\tools\hvigor\hvigor\src\base\daemon\cluster\worker-process-lifecycle.js
- E:\devecostudio-windows-6.1.0.830\DevEco Studio\tools\hvigor\hvigor\src\base\daemon\process\daemon-process-boot-script.js
[2026-05-06T13:59:36.283] [DEBUG] debug-file - Start initialize module-target build option map, moduleName=entry, buildMode=debug
[2026-05-06T13:59:36.283] [DEBUG] debug-file - Target 'default' config initialized
[2026-05-06T13:59:36.284] [DEBUG] debug-file - Target 'ohosTest' config initialized
[2026-05-06T13:59:36.284] [DEBUG] debug-file - Module 'entry' target 'default' build option initialized
[2026-05-06T13:59:36.284] [DEBUG] debug-file - Module 'entry' target 'ohosTest' build option initialized
[2026-05-06T13:59:36.284] [DEBUG] debug-file - End initialize module-target build option map, moduleName=entry
[2026-05-06T13:59:36.284] [DEBUG] debug-file - Start initialize module-target build option map, moduleName=entry, buildMode=release
[2026-05-06T13:59:36.285] [DEBUG] debug-file - Target 'default' config initialized
[2026-05-06T13:59:36.285] [DEBUG] debug-file - Target 'ohosTest' config initialized
[2026-05-06T13:59:36.286] [DEBUG] debug-file - Module 'entry' target 'default' build option initialized
[2026-05-06T13:59:36.286] [DEBUG] debug-file - Module 'entry' target 'ohosTest' build option initialized
[2026-05-06T13:59:36.286] [DEBUG] debug-file - End initialize module-target build option map, moduleName=entry
[2026-05-06T13:59:36.286] [DEBUG] debug-file - Start initialize module-target build option map, moduleName=entry, buildMode=debug
[2026-05-06T13:59:36.286] [DEBUG] debug-file - Target 'default' config initialized
[2026-05-06T13:59:36.286] [DEBUG] debug-file - Target 'ohosTest' config initialized
[2026-05-06T13:59:36.287] [DEBUG] debug-file - Module 'entry' target 'default' build option initialized
[2026-05-06T13:59:36.287] [DEBUG] debug-file - Module 'entry' target 'ohosTest' build option initialized
[2026-05-06T13:59:36.287] [DEBUG] debug-file - End initialize module-target build option map, moduleName=entry
[2026-05-06T13:59:36.287] [DEBUG] debug-file - Obtain build option for module 'entry' target 'default'in this build.
[2026-05-06T13:59:36.289] [DEBUG] debug-file - Module entry task initialization takes 1 ms 
[2026-05-06T13:59:36.289] [DEBUG] debug-file - Hap plugin register hook start...
[2026-05-06T13:59:36.289] [DEBUG] debug-file - Hap plugin register hook end...
[2026-05-06T13:59:36.289] [DEBUG] debug-file - Plugin build process completed
[2026-05-06T13:59:36.289] [DEBUG] debug-file - hvigorfile, begin to bind custom plugins...
[2026-05-06T13:59:36.289] [DEBUG] debug-file - hvigorfile, no custom plugins were found in E:\application\DevEcoStudioProjects\MyApplication\entry\hvigorfile.ts
[2026-05-06T13:59:36.289] [DEBUG] debug-file - hvigorfile, resolve finished E:\application\DevEcoStudioProjects\MyApplication\entry\hvigorfile.ts
[2026-05-06T13:59:36.310] [DEBUG] debug-file - hvigorfile, resolve hvigorfile dependencies in 21 ms 
[2026-05-06T13:59:36.311] [DEBUG] debug-file - project has submodules:entry
[2026-05-06T13:59:36.314] [DEBUG] debug-file - start to load updatedOhPackageInfo to the disk
[2026-05-06T13:59:36.316] [DEBUG] debug-file - load to the disk finished
[2026-05-06T13:59:36.317] [DEBUG] debug-file - Start to initialize dependency information.
[2026-05-06T13:59:36.323] [DEBUG] debug-file - Module MyApplication Collected Dependency: 
[2026-05-06T13:59:36.323] [DEBUG] debug-file - Module MyApplication's total dependency: 0
[2026-05-06T13:59:36.323] [DEBUG] debug-file - Start to initialize dependency information.
[2026-05-06T13:59:36.326] [DEBUG] debug-file - Module entry Collected Dependency: 
[2026-05-06T13:59:36.326] [DEBUG] debug-file - Module entry's total dependency: 0
[2026-05-06T13:59:36.329] [DEBUG] debug-file - Configuration phase cost:122 ms 
[2026-05-06T13:59:36.330] [DEBUG] debug-file - Configuration task cost before running: 134 ms 
[2026-05-06T13:59:36.337] [DEBUG] debug-file - Executing task :entry:default@PreBuild
[2026-05-06T13:59:36.339] [DEBUG] debug-file - Task 'entry:default@PreBuild' cost while wrapping incremental declarations: 1 ms 
[2026-05-06T13:59:36.347] [DEBUG] debug-file - entry:default@PreBuild is not up-to-date, since the input file 'E:\application\DevEcoStudioProjects\MyApplication\build-profile.json5' has been changed.
[2026-05-06T13:59:36.347] [DEBUG] debug-file - Incremental task entry:default@PreBuild pre-execution cost: 5 ms .
[2026-05-06T13:59:36.577] [DEBUG] debug-file - current product is not Atomic service.
[2026-05-06T13:59:36.579] [DEBUG] debug-file - Use tool [win32: JAVA_HOME, CLASSPATH]
 [
  {
    JAVA_HOME: 'E:\\devecostudio-windows-6.1.0.830\\DevEco Studio\\jbr'
  },
  { CLASSPATH: undefined }
]
[2026-05-06T13:59:36.579] [DEBUG] debug-file - Use tool [win32: NODE_HOME]
 [
  {
    NODE_HOME: 'E:\\devecostudio-windows-6.1.0.830\\DevEco Studio\\tools\\node'
  }
]
[2026-05-06T13:59:36.581] [DEBUG] debug-file - entry : default@PreBuild cost memory 4.478309631347656
[2026-05-06T13:59:36.581] [DEBUG] debug-file - runTaskFromQueue task cost before running: 385 ms 
[2026-05-06T13:59:36.586] [INFO] debug-file - Finished :entry:default@PreBuild... after 245 ms 
[2026-05-06T13:59:36.588] [DEBUG] debug-file - Executing task :entry:default@CreateModuleInfo
[2026-05-06T13:59:36.589] [DEBUG] debug-file - Task 'entry:default@CreateModuleInfo' cost while wrapping incremental declarations: 1 ms 
[2026-05-06T13:59:36.590] [DEBUG] debug-file - entry : default@CreateModuleInfo cost memory 0.0479736328125
[2026-05-06T13:59:36.590] [DEBUG] debug-file - runTaskFromQueue task cost before running: 393 ms 
[2026-05-06T13:59:36.590] [INFO] debug-file - Finished :entry:default@CreateModuleInfo... after 2 ms 
[2026-05-06T13:59:36.597] [DEBUG] debug-file - Executing task :entry:default@GenerateMetadata
[2026-05-06T13:59:36.598] [DEBUG] debug-file - Task 'entry:default@GenerateMetadata' cost while wrapping incremental declarations: 2 ms 
[2026-05-06T13:59:36.602] [DEBUG] debug-file - Incremental task entry:default@GenerateMetadata pre-execution cost: 3 ms .
[2026-05-06T13:59:36.602] [DEBUG] debug-file - entry : default@GenerateMetadata cost memory 0.12227630615234375
[2026-05-06T13:59:36.603] [INFO] debug-file - UP-TO-DATE :entry:default@GenerateMetadata...  
[2026-05-06T13:59:36.605] [DEBUG] debug-file - Executing task :entry:default@ConfigureCmake
[2026-05-06T13:59:36.605] [DEBUG] debug-file - entry : default@ConfigureCmake cost memory 0.0145721435546875
[2026-05-06T13:59:36.605] [DEBUG] debug-file - runTaskFromQueue task cost before running: 409 ms 
[2026-05-06T13:59:36.605] [INFO] debug-file - Finished :entry:default@ConfigureCmake... after 1 ms 
[2026-05-06T13:59:36.607] [DEBUG] debug-file - Executing task :entry:default@MergeProfile
[2026-05-06T13:59:36.608] [DEBUG] debug-file - Task 'entry:default@MergeProfile' cost while wrapping incremental declarations: 1 ms 
[2026-05-06T13:59:36.610] [DEBUG] debug-file - entry:default@MergeProfile is not up-to-date, since the input file 'E:\application\DevEcoStudioProjects\MyApplication\build-profile.json5' has been changed.
[2026-05-06T13:59:36.610] [DEBUG] debug-file - Incremental task entry:default@MergeProfile pre-execution cost: 2 ms .
[2026-05-06T13:59:36.611] [DEBUG] debug-file - Change app api release type with 'Release'
[2026-05-06T13:59:36.612] [DEBUG] debug-file - Change app compile API version with '6.1.0.105'
[2026-05-06T13:59:36.612] [DEBUG] debug-file - Change app target API version with '60002022'
[2026-05-06T13:59:36.612] [DEBUG] debug-file - Change app minimum API version with '60002022'
[2026-05-06T13:59:36.612] [DEBUG] debug-file - Use cli appEnvironment
[2026-05-06T13:59:36.617] [DEBUG] debug-file - entry : default@MergeProfile cost memory 0.2991180419921875
[2026-05-06T13:59:36.617] [DEBUG] debug-file - runTaskFromQueue task cost before running: 420 ms 
[2026-05-06T13:59:36.617] [INFO] debug-file - Finished :entry:default@MergeProfile... after 10 ms 
[2026-05-06T13:59:36.620] [DEBUG] debug-file - Executing task :entry:default@CreateBuildProfile
[2026-05-06T13:59:36.622] [DEBUG] debug-file - Task 'entry:default@CreateBuildProfile' cost while wrapping incremental declarations: 2 ms 
[2026-05-06T13:59:36.623] [DEBUG] debug-file - entry:default@CreateBuildProfile is not up-to-date, since the input file 'E:\application\DevEcoStudioProjects\MyApplication\build-profile.json5' has been changed.
[2026-05-06T13:59:36.624] [DEBUG] debug-file - Incremental task entry:default@CreateBuildProfile pre-execution cost: 2 ms .
[2026-05-06T13:59:36.625] [DEBUG] debug-file - entry : default@CreateBuildProfile cost memory 0.12357330322265625
[2026-05-06T13:59:36.625] [DEBUG] debug-file - runTaskFromQueue task cost before running: 429 ms 
[2026-05-06T13:59:36.625] [INFO] debug-file - Finished :entry:default@CreateBuildProfile... after 5 ms 
[2026-05-06T13:59:36.627] [DEBUG] debug-file - Executing task :entry:default@PreCheckSyscap
[2026-05-06T13:59:36.629] [DEBUG] debug-file - entry : default@PreCheckSyscap cost memory 0.021728515625
[2026-05-06T13:59:36.629] [DEBUG] debug-file - runTaskFromQueue task cost before running: 432 ms 
[2026-05-06T13:59:36.629] [INFO] debug-file - Finished :entry:default@PreCheckSyscap... after 2 ms 
[2026-05-06T13:59:36.632] [DEBUG] debug-file - Executing task :entry:default@GeneratePkgContextInfo
[2026-05-06T13:59:36.640] [DEBUG] debug-file - Task 'entry:default@GeneratePkgContextInfo' cost while wrapping incremental declarations: 1 ms 
[2026-05-06T13:59:36.641] [DEBUG] debug-file - Incremental task entry:default@GeneratePkgContextInfo pre-execution cost: 1 ms .
[2026-05-06T13:59:36.641] [DEBUG] debug-file - entry : default@GeneratePkgContextInfo cost memory 0.3104248046875
[2026-05-06T13:59:36.641] [INFO] debug-file - UP-TO-DATE :entry:default@GeneratePkgContextInfo...  
[2026-05-06T13:59:36.643] [DEBUG] debug-file - Executing task :entry:default@GeneratePkgSdkInfo
[2026-05-06T13:59:36.646] [DEBUG] debug-file - Task 'entry:default@GeneratePkgSdkInfo' cost while wrapping incremental declarations: 1 ms 
[2026-05-06T13:59:36.647] [DEBUG] debug-file - entry : default@GeneratePkgSdkInfo cost memory 0.14178466796875
[2026-05-06T13:59:36.647] [DEBUG] debug-file - runTaskFromQueue task cost before running: 451 ms 
[2026-05-06T13:59:36.647] [INFO] debug-file - Finished :entry:default@GeneratePkgSdkInfo... after 5 ms 
[2026-05-06T13:59:36.651] [DEBUG] debug-file - Executing task :entry:default@ProcessIntegratedHsp
[2026-05-06T13:59:36.652] [DEBUG] debug-file - entry:default@ProcessIntegratedHsp is not up-to-date, since the output file 'E:\application\DevEcoStudioProjects\MyApplication\build\cache\default\integrated_hsp\integratedHspCache.json' does not exist.
[2026-05-06T13:59:36.652] [DEBUG] debug-file - Incremental task entry:default@ProcessIntegratedHsp pre-execution cost: 1 ms .
[2026-05-06T13:59:36.652] [DEBUG] debug-file - entry : default@ProcessIntegratedHsp cost memory 0.0625457763671875
[2026-05-06T13:59:36.652] [DEBUG] debug-file - runTaskFromQueue task cost before running: 456 ms 
[2026-05-06T13:59:36.653] [INFO] debug-file - Finished :entry:default@ProcessIntegratedHsp... after 1 ms 
[2026-05-06T13:59:36.654] [DEBUG] debug-file - Executing task :entry:default@BuildNativeWithCmake
[2026-05-06T13:59:36.654] [DEBUG] debug-file - entry : default@BuildNativeWithCmake cost memory 0.0146942138671875
[2026-05-06T13:59:36.654] [DEBUG] debug-file - runTaskFromQueue task cost before running: 458 ms 
[2026-05-06T13:59:36.655] [INFO] debug-file - Finished :entry:default@BuildNativeWithCmake... after 1 ms 
[2026-05-06T13:59:36.656] [DEBUG] debug-file - Executing task :entry:default@MakePackInfo
[2026-05-06T13:59:36.659] [DEBUG] debug-file - entry:default@MakePackInfo is not up-to-date, since the input file 'E:\application\DevEcoStudioProjects\MyApplication\build-profile.json5' has been changed.
[2026-05-06T13:59:36.659] [DEBUG] debug-file - Incremental task entry:default@MakePackInfo pre-execution cost: 3 ms .
[2026-05-06T13:59:36.661] [DEBUG] debug-file - Module Pack Info:  {
  summary: {
    app: { bundleName: 'c***p', bundleType: 'app', version: [Object] },
    modules: [ [Object] ]
  },
  packages: [
    {
      deviceType: [Array],
      moduleType: 'entry',
      deliveryWithInstall: true,
      name: 'entry-default'
    }
  ]
}
[2026-05-06T13:59:36.662] [DEBUG] debug-file - entry : default@MakePackInfo cost memory 0.193634033203125
[2026-05-06T13:59:36.662] [DEBUG] debug-file - runTaskFromQueue task cost before running: 466 ms 
[2026-05-06T13:59:36.663] [INFO] debug-file - Finished :entry:default@MakePackInfo... after 7 ms 
[2026-05-06T13:59:36.665] [DEBUG] debug-file - Executing task :entry:default@SyscapTransform
[2026-05-06T13:59:36.665] [DEBUG] debug-file - File: 'E:\application\DevEcoStudioProjects\MyApplication\entry\src\main\syscap.json' from 'sysCapJsonPath' is not exists, just ignore.
[2026-05-06T13:59:36.666] [DEBUG] debug-file - Task 'entry:default@SyscapTransform' cost while wrapping incremental declarations: 1 ms 
[2026-05-06T13:59:36.681] [DEBUG] debug-file - entry:default@SyscapTransform is not up-to-date, since the output file 'E:\application\DevEcoStudioProjects\MyApplication\entry\build\default\intermediates\syscap\default\rpcid.sc' does not exist.
[2026-05-06T13:59:36.681] [DEBUG] debug-file - Incremental task entry:default@SyscapTransform pre-execution cost: 15 ms .
[2026-05-06T13:59:36.681] [DEBUG] debug-file - entry : default@SyscapTransform cost memory 0.1687774658203125
[2026-05-06T13:59:36.681] [DEBUG] debug-file - runTaskFromQueue task cost before running: 485 ms 
[2026-05-06T13:59:36.682] [INFO] debug-file - Finished :entry:default@SyscapTransform... after 17 ms 
[2026-05-06T13:59:36.684] [DEBUG] debug-file - Executing task :entry:default@ProcessProfile
[2026-05-06T13:59:36.686] [DEBUG] debug-file - Task 'entry:default@ProcessProfile' cost while wrapping incremental declarations: 1 ms 
[2026-05-06T13:59:36.687] [DEBUG] debug-file - entry:default@ProcessProfile is not up-to-date, since the input file 'E:\application\DevEcoStudioProjects\MyApplication\entry\build\default\intermediates\merge_profile\default\module.json' has been changed.
[2026-05-06T13:59:36.687] [DEBUG] debug-file - Incremental task entry:default@ProcessProfile pre-execution cost: 1 ms .
[2026-05-06T13:59:36.688] [DEBUG] debug-file - [
  'E:\\devecostudio-windows-6.1.0.830\\DevEco Studio\\tools\\node\\node.exe',
  'E:\\devecostudio-windows-6.1.0.830\\DevEco Studio\\sdk\\default\\openharmony\\ets\\build-tools\\ets-loader\\bin\\ark\\ts2abc.js',
  '--target-api-version',
  '22'
]
[2026-05-06T13:59:36.780] [DEBUG] debug-file - 13.0.1.0
[2026-05-06T13:59:36.781] [DEBUG] debug-file - No need to add fake ui ability because of not in preview process.
[2026-05-06T13:59:36.782] [DEBUG] debug-file - entry : default@ProcessProfile cost memory 2.009124755859375
[2026-05-06T13:59:36.782] [DEBUG] debug-file - runTaskFromQueue task cost before running: 585 ms 
[2026-05-06T13:59:36.782] [INFO] debug-file - Finished :entry:default@ProcessProfile... after 98 ms 
[2026-05-06T13:59:36.783] [DEBUG] debug-file - Executing task :entry:default@ProcessRouterMap
[2026-05-06T13:59:36.787] [DEBUG] debug-file - Incremental task entry:default@ProcessRouterMap pre-execution cost: 3 ms .
[2026-05-06T13:59:36.787] [DEBUG] debug-file - entry : default@ProcessRouterMap cost memory 0.17926025390625
[2026-05-06T13:59:36.787] [INFO] debug-file - UP-TO-DATE :entry:default@ProcessRouterMap...  
[2026-05-06T13:59:36.788] [DEBUG] debug-file - Executing task :entry:default@ProcessShareConfig
[2026-05-06T13:59:36.791] [DEBUG] debug-file - Incremental task entry:default@ProcessShareConfig pre-execution cost: 3 ms .
[2026-05-06T13:59:36.791] [DEBUG] debug-file - entry : default@ProcessShareConfig cost memory 0.1507568359375
[2026-05-06T13:59:36.792] [INFO] debug-file - UP-TO-DATE :entry:default@ProcessShareConfig...  
[2026-05-06T13:59:36.793] [DEBUG] debug-file - Executing task :entry:default@ProcessStartupConfig
[2026-05-06T13:59:36.794] [DEBUG] debug-file - Task 'entry:default@ProcessStartupConfig' cost while wrapping incremental declarations: 1 ms 
[2026-05-06T13:59:36.796] [DEBUG] debug-file - entry:default@ProcessStartupConfig is not up-to-date, since the output file 'E:\application\DevEcoStudioProjects\MyApplication\entry\build\default\intermediates\startup\default\startup_config.json' does not exist.
[2026-05-06T13:59:36.797] [DEBUG] debug-file - Incremental task entry:default@ProcessStartupConfig pre-execution cost: 2 ms .
[2026-05-06T13:59:36.798] [DEBUG] debug-file - entry : default@ProcessStartupConfig cost memory 0.15700531005859375
[2026-05-06T13:59:36.798] [DEBUG] debug-file - runTaskFromQueue task cost before running: 602 ms 
[2026-05-06T13:59:36.798] [INFO] debug-file - Finished :entry:default@ProcessStartupConfig... after 5 ms 
[2026-05-06T13:59:36.800] [DEBUG] debug-file - Executing task :entry:default@BuildNativeWithNinja
[2026-05-06T13:59:36.801] [DEBUG] debug-file - entry : default@BuildNativeWithNinja cost memory 0.02437591552734375
[2026-05-06T13:59:36.801] [DEBUG] debug-file - runTaskFromQueue task cost before running: 604 ms 
[2026-05-06T13:59:36.801] [INFO] debug-file - Finished :entry:default@BuildNativeWithNinja... after 1 ms 
[2026-05-06T13:59:36.804] [DEBUG] debug-file - restool module names: entry; moduleName=entry, taskName=default@ProcessResource
[2026-05-06T13:59:36.808] [DEBUG] debug-file - Executing task :entry:default@ProcessResource
[2026-05-06T13:59:36.808] [DEBUG] debug-file - Task 'entry:default@ProcessResource' cost while wrapping incremental declarations: 1 ms 
[2026-05-06T13:59:36.810] [DEBUG] debug-file - Incremental task entry:default@ProcessResource pre-execution cost: 2 ms .
[2026-05-06T13:59:36.810] [DEBUG] debug-file - entry : default@ProcessResource cost memory 0.16095733642578125
[2026-05-06T13:59:36.814] [INFO] debug-file - UP-TO-DATE :entry:default@ProcessResource...  
[2026-05-06T13:59:36.817] [DEBUG] debug-file - Executing task :entry:default@GenerateLoaderJson
[2026-05-06T13:59:36.819] [DEBUG] debug-file - Task 'entry:default@GenerateLoaderJson' cost while wrapping incremental declarations: 1 ms 
[2026-05-06T13:59:36.831] [DEBUG] debug-file - entry:default@GenerateLoaderJson is not up-to-date, since the task snapshots are different.
[2026-05-06T13:59:36.831] [DEBUG] debug-file - Incremental task entry:default@GenerateLoaderJson pre-execution cost: 7 ms .
[2026-05-06T13:59:36.837] [DEBUG] debug-file - entry : default@GenerateLoaderJson cost memory 0.7345199584960938
[2026-05-06T13:59:36.837] [DEBUG] debug-file - runTaskFromQueue task cost before running: 641 ms 
[2026-05-06T13:59:36.842] [INFO] debug-file - Finished :entry:default@GenerateLoaderJson... after 21 ms 
[2026-05-06T13:59:36.843] [DEBUG] debug-file - Executing task :entry:default@ProcessLibs
[2026-05-06T13:59:36.846] [DEBUG] debug-file - entry:default@ProcessLibs is not up-to-date, since the input file 'E:\application\DevEcoStudioProjects\MyApplication\build-profile.json5' has been changed.
[2026-05-06T13:59:36.846] [DEBUG] debug-file - Incremental task entry:default@ProcessLibs pre-execution cost: 2 ms .
[2026-05-06T13:59:36.851] [DEBUG] debug-file - Worker dispatch failed, running processLibs on main thread.
[2026-05-06T13:59:36.853] [DEBUG] debug-file - entry : default@ProcessLibs cost memory 0.35611724853515625
[2026-05-06T13:59:36.853] [DEBUG] debug-file - runTaskFromQueue task cost before running: 656 ms 
[2026-05-06T13:59:36.853] [INFO] debug-file - Finished :entry:default@ProcessLibs... after 10 ms 
[2026-05-06T13:59:36.855] [DEBUG] debug-file - restool module names: entry; moduleName=entry, taskName=default@CompileResource
[2026-05-06T13:59:36.855] [DEBUG] debug-file - Executing task :entry:default@CompileResource
[2026-05-06T13:59:36.865] [DEBUG] debug-file - entry:default@CompileResource is not up-to-date, since the input file 'E:\application\DevEcoStudioProjects\MyApplication\entry\build\default\intermediates\process_profile\default\module.json' has been changed.
[2026-05-06T13:59:36.865] [DEBUG] debug-file - Incremental task entry:default@CompileResource pre-execution cost: 9 ms .
[2026-05-06T13:59:36.869] [DEBUG] debug-file - Use tool [E:\devecostudio-windows-6.1.0.830\DevEco Studio\sdk\default\openharmony\toolchains\restool.exe]
 [
  'E:\\devecostudio-windows-6.1.0.830\\DevEco Studio\\sdk\\default\\openharmony\\toolchains\\restool.exe',
  '-l',
  'E:\\application\\DevEcoStudioProjects\\MyApplication\\entry\\build\\default\\intermediates\\res\\default\\resConfig.json'
]
[2026-05-06T13:59:36.870] [DEBUG] debug-file - current process  memoryUsage: {
  rss: 197251072,
  heapTotal: 158294016,
  heapUsed: 124837256,
  external: 3201501,
  arrayBuffers: 173892
} os memoryUsage :9.51932144165039
[2026-05-06T13:59:36.986] [DEBUG] debug-file - Info: Pack: normal pack mode

[2026-05-06T13:59:37.061] [DEBUG] debug-file - Info: hardware concurrency count is : 12
Info: thread count is : 12

[2026-05-06T13:59:37.061] [DEBUG] debug-file - Info: thread pool is started

[2026-05-06T13:59:37.062] [DEBUG] debug-file - Info: GenericCompiler::CompileFiles

[2026-05-06T13:59:37.068] [DEBUG] debug-file - Info: GenericCompiler::CompileFiles

[2026-05-06T13:59:37.068] [DEBUG] debug-file - Warning: 'E:\application\DevEcoStudioProjects\MyApplication\entry\src\main\resources\base\media\foreground.png' is defined repeatedly.
Warning: 'E:\application\DevEcoStudioProjects\MyApplication\entry\src\main\resources\base\media\layered_image.json' is defined repeatedly.
Warning: 'E:\application\DevEcoStudioProjects\MyApplication\entry\src\main\resources\base\media\background.png' is defined repeatedly.

[2026-05-06T13:59:37.072] [DEBUG] debug-file - Info: GenericCompiler::CompileFiles

[2026-05-06T13:59:37.078] [DEBUG] debug-file - 05-06 13:59:37.077 17760 21216 E C01400/ImageTranscoderUtils: DecodeToRGBA IN
05-06 13:59:37.077 17760 21216 E C01400/ImageTranscoderUtils: ImageFilter IN E:\application\DevEcoStudioProjects\MyApplication\AppScope\resources\base\media\background.png

[2026-05-06T13:59:37.120] [DEBUG] debug-file - 05-06 13:59:37.119 17760 21216 E C01400/ImageTranscoderUtils: DecodeToRGBA IN
05-06 13:59:37.119 17760 21216 E C01400/ImageTranscoderUtils: ImageFilter IN E:\application\DevEcoStudioProjects\MyApplication\AppScope\resources\base\media\foreground.png

[2026-05-06T13:59:37.154] [DEBUG] debug-file - Info: can't scale media json file.

[2026-05-06T13:59:37.155] [DEBUG] debug-file - 05-06 13:59:37.154 17760 21216 E C01400/ImageTranscoderUtils: DecodeToRGBA IN
05-06 13:59:37.154 17760 21216 E C01400/ImageTranscoderUtils: ImageFilter IN E:\application\DevEcoStudioProjects\MyApplication\entry\src\main\resources\base\media\1776133767.png

[2026-05-06T13:59:37.205] [DEBUG] debug-file - Warning: The width or height of the png file referenced by the icon exceeds the limit (41 pixels)
at E:\application\DevEcoStudioProjects\MyApplication\AppScope\resources\base\media\background.png

[2026-05-06T13:59:37.205] [DEBUG] debug-file - Warning: The width or height of the png file referenced by the icon exceeds the limit (41 pixels)
at E:\application\DevEcoStudioProjects\MyApplication\AppScope\resources\base\media\foreground.png
Warning: E:\application\DevEcoStudioProjects\MyApplication\AppScope\resources\base\media\layered_image.json is not png format

[2026-05-06T13:59:37.206] [DEBUG] debug-file - Info: restool resources compile success.

[2026-05-06T13:59:37.206] [DEBUG] debug-file - Info: thread pool is stopped

[2026-05-06T13:59:37.279] [DEBUG] debug-file - entry : default@CompileResource cost memory 0.934967041015625
[2026-05-06T13:59:37.279] [DEBUG] debug-file - runTaskFromQueue task cost before running: 1 s 83 ms 
[2026-05-06T13:59:37.280] [INFO] debug-file - Finished :entry:default@CompileResource... after 424 ms 
[2026-05-06T13:59:37.282] [DEBUG] debug-file - Executing task :entry:default@DoNativeStrip
[2026-05-06T13:59:37.282] [DEBUG] debug-file - File: 'E:\application\DevEcoStudioProjects\MyApplication\entry\build\default\intermediates\binxo\default' from 'doBinxoNativeLibs' is not exists, just ignore.
[2026-05-06T13:59:37.283] [DEBUG] debug-file - Task 'entry:default@DoNativeStrip' cost while wrapping incremental declarations: 1 ms 
[2026-05-06T13:59:37.284] [DEBUG] debug-file - Incremental task entry:default@DoNativeStrip pre-execution cost: 1 ms .
[2026-05-06T13:59:37.284] [DEBUG] debug-file - entry : default@DoNativeStrip cost memory 0.096893310546875
[2026-05-06T13:59:37.284] [INFO] debug-file - UP-TO-DATE :entry:default@DoNativeStrip...  
[2026-05-06T13:59:37.286] [DEBUG] debug-file - Executing task :entry:default@CompileArkTS
[2026-05-06T13:59:37.287] [DEBUG] debug-file - obfuscationOptions: undefined
[2026-05-06T13:59:37.288] [DEBUG] debug-file - Task 'entry:default@CompileArkTS' cost while wrapping incremental declarations: 1 ms 
[2026-05-06T13:59:37.297] [DEBUG] debug-file - entry:default@CompileArkTS is not up-to-date, since the input file 'E:\application\DevEcoStudioProjects\MyApplication\entry\build\default\intermediates\loader\default' has been changed.
[2026-05-06T13:59:37.297] [DEBUG] debug-file - Incremental task entry:default@CompileArkTS pre-execution cost: 5 ms .
[2026-05-06T13:59:37.321] [DEBUG] debug-file - build config:
[2026-05-06T13:59:37.322] [DEBUG] debug-file - {
  moduleType: 'entry',
  perf: 0,
  targetName: '.default',
  packageManagerType: 'ohpm',
  localPropertiesPath: 'E:\\application\\DevEcoStudioProjects\\MyApplication\\local.properties',
  isPreview: false,
  isOhosTest: false,
  isLocalTest: false,
  buildMode: 'Debug',
  hotReloadBuild: undefined,
  watchMode: 'false',
  aceProfilePath: 'E:\\application\\DevEcoStudioProjects\\MyApplication\\entry\\build\\default\\intermediates\\res\\default\\resources\\base\\profile',
  etsLoaderPath: 'E:\\devecostudio-windows-6.1.0.830\\DevEco Studio\\sdk\\default\\openharmony\\ets\\build-tools\\ets-loader',
  modulePath: 'E:\\application\\DevEcoStudioProjects\\MyApplication\\entry',
  testFrameworkPar: {
    testMode: undefined,
    coveragePathFilter: undefined,
    coverageMode: undefined
  },
  needCoverageInsert: false,
  debugLine: false,
  projectTopDir: 'E:\\application\\DevEcoStudioProjects\\MyApplication',
  compileSdkVersion: 23,
  compatibleSdkVersion: 22,
  originCompatibleSdkVersion: '6.0.2(22)',
  compatibleSdkVersionStage: undefined,
  bundleName: 'c***p',
  etsLoaderVersion: '6.1.0.105',
  etsLoaderReleaseType: 'Release',
  aotCompileMode: 'type',
  apPath: 'E:\\application\\DevEcoStudioProjects\\MyApplication\\entry\\modules.ap',
  entryModuleName: 'entry',
  entryModuleVersion: '1.0.0',
  entryPackageName: 'entry',
  allModuleNameHash: 'be72bfb482d6518e517e7ec5417304132c4f2554630c9cf092ee785b5e3b783a',
  externalApiPaths: [
    'E:\\devecostudio-windows-6.1.0.830\\DevEco Studio\\sdk\\default\\hms\\ets'
  ],
  compilerTypes: [],
  isCrossplatform: false,
  hvigorPluginFile: undefined,
  compilePluginPath: undefined,
  buildGeneratedProfilePath: 'E:\\application\\DevEcoStudioProjects\\MyApplication\\entry\\build\\default\\generated\\profile\\default',
  bundleType: 'app',
  arkTSVersion: undefined,
  apiVersion: 23,
  needCompleteSourcesMap: false,
  isFaMode: false,
  buildDir: 'E:\\application\\DevEcoStudioProjects\\MyApplication\\entry\\build',
  deviceTypes: [ 'phone' ],
  pkgContextInfo: {
    '@ohos/hypium': {
      packageName: '@ohos/hypium',
      bundleName: '*****',
      moduleName: '',
      version: '1.0.25',
      entryPath: 'index.js',
      isSO: false,
      dependencyAlias: ''
    },
    '@ohos/hamock': {
      packageName: '@ohos/hamock',
      bundleName: '*****',
      moduleName: '',
      version: '1.0.0',
      entryPath: 'index.ets',
      isSO: false,
      dependencyAlias: ''
    },
    entry: {
      packageName: 'entry',
      bundleName: '*****',
      moduleName: '',
      version: '',
      entryPath: 'src/main/',
      isSO: false,
      dependencyAlias: ''
    }
  },
  ohPackagePathMap: {},
  dependencyAliasMap: {},
  permission: {
    requestPermissions: [ [Object], [Object] ],
    definePermissions: undefined
  },
  useGetCurrentBundleName: false,
  projectArkOption: undefined,
  sourceMapDir: undefined,
  branchElimination: false,
  transformLib: undefined,
  tsImportSendable: false,
  resolveConflictMode: true,
  depName2RootPath: {},
  depName2DepInfo: {},
  depName2OhExports: {},
  rootPathSet: [ 'E:\\application\\DevEcoStudioProjects\\MyApplication' ],
  useNativeResolver: true,
  shouldEmitJs: true,
  useTscResolve: false,
  singleFileEmit: false,
  userProjectConfig: {
    autoLazyImport: false,
    allowEmptyBundleName: false,
    reExportCheckMode: 'noCheck',
    executionMode: 'memory',
    usePathPlaceholder: false,
    writeRollupCache: true,
    isExpandImportEnabled: false,
    expandImportExclude: '',
    lazyImportExclude: '',
    lazyImportInclude: '',
    ignoreCrossplatformCheck: false,
    isHarDeduplicateEnabled: false,
    skipOhModulesLint: false,
    enableStrictCheckOHModule: false,
    disableSendableCheckRules: [],
    useDeclarationFileSignature: false,
    customizedOptions: undefined,
    integratedHsp: false,
    isPreloadSoEnabled: false
  },
  executionMode: 'memory',
  arkCompileCachePath: 'E:\\application\\DevEcoStudioProjects\\MyApplication\\entry\\build\\default\\cache\\default\\default@CompileArkTS\\esmodule',
  autoLazyFilter: undefined,
  isHarDeduplicateEnabled: false,
  intermediateHarDuplicateDirPath: 'E:\\application\\DevEcoStudioProjects\\MyApplication\\entry\\build\\default\\intermediates\\har_duplicate\\default',
  autoLazyImport: false,
  allowEmptyBundleName: false,
  reExportCheckMode: 'noCheck',
  usePathPlaceholder: false,
  writeRollupCache: true,
  isExpandImportEnabled: false,
  expandImportExclude: '',
  lazyImportExclude: '',
  lazyImportInclude: '',
  ignoreCrossplatformCheck: false,
  skipOhModulesLint: false,
  enableStrictCheckOHModule: false,
  disableSendableCheckRules: [],
  useDeclarationFileSignature: false,
  customizedOptions: undefined,
  integratedHsp: false,
  isPreloadSoEnabled: false,
  strictMode: {
    caseSensitiveCheck: true,
    useNormalizedOHMUrl: true,
    noExternalImportByPath: true
  },
  useNormalizedOHMUrl: true,
  caseSensitiveCheck: true,
  aceModuleJsonPath: 'E:\\application\\DevEcoStudioProjects\\MyApplication\\entry\\build\\default\\intermediates\\res\\default\\ark_module.json',
  appResource: 'E:\\application\\DevEcoStudioProjects\\MyApplication\\entry\\build\\default\\intermediates\\res\\default\\ResourceTable.txt',
  rawFileResource: 'E:\\application\\DevEcoStudioProjects\\MyApplication\\entry\\build\\default\\intermediates\\res\\default\\resources\\rawfile',
  resourceTableHash: '9af7190f6df5c7eb887f4c1c982595b887ab5bc71e7fbb5c467cca60ead73d7b',
  runtimeOS: 'HarmonyOS',
  sdkInfo: 'false:23:6.1.0.105:Release',
  aceModuleRoot: 'E:\\application\\DevEcoStudioProjects\\MyApplication\\entry\\src\\main\\ets',
  compileMode: 'esmodule',
  aceSuperVisualPath: 'E:\\application\\DevEcoStudioProjects\\MyApplication\\entry\\src\\main\\supervisual',
  aceBuildJson: 'E:\\application\\DevEcoStudioProjects\\MyApplication\\entry\\build\\default\\intermediates\\loader\\default\\loader.json',
  cachePath: 'E:\\application\\DevEcoStudioProjects\\MyApplication\\entry\\build\\default\\cache\\default\\default@CompileArkTS\\esmodule\\debug',
  aceModuleBuild: 'E:\\application\\DevEcoStudioProjects\\MyApplication\\entry\\build\\default\\intermediates\\loader_out\\default\\ets',
  supportChunks: true,
  declaredFilesPath: undefined,
  shouldCollectDirectImportees: false,
  isByteCodeHarOptimize: false,
  expandImportPath: undefined,
  resourceTableTs: 'E:\\application\\DevEcoStudioProjects\\MyApplication\\entry\\build\\default\\generated\\r\\default\\ResourceTable.ts',
  moduleMetaInfoFiles: [
    {
      filePath: 'E:\\application\\DevEcoStudioProjects\\MyApplication\\entry\\build\\default\\generated\\r\\default\\ResourceTable.ts',
      ohmurl: '&entry/build/generated/r/ResourceTable&'
    }
  ],
  pkgNameToPkgBriefInfo: {
    entry: {
      pkgRoot: 'E:\\application\\DevEcoStudioProjects\\MyApplication\\entry',
      originalSourceRoots: undefined,
      sourceRoots: [Array],
      pkgName: 'entry'
    }
  },
  projectModel: {
    'E:\\application\\DevEcoStudioProjects\\MyApplication\\entry\\src\\main': {
      moduleName: 'entry',
      modulePkgPath: 'E:\\application\\DevEcoStudioProjects\\MyApplication\\entry',
      belongProjectPath: 'E:\\application\\DevEcoStudioProjects\\MyApplication'
    },
    'E:\\application\\DevEcoStudioProjects\\MyApplication\\entry\\.test\\default\\intermediates\\src\\ohosTest\\ets': {
      moduleName: 'entry_test',
      modulePkgPath: 'E:\\application\\DevEcoStudioProjects\\MyApplication\\entry',
      belongProjectPath: 'E:\\application\\DevEcoStudioProjects\\MyApplication'
    },
    'E:\\application\\DevEcoStudioProjects\\MyApplication\\entry\\src\\ohosTest': {
      moduleName: 'entry_test',
      modulePkgPath: 'E:\\application\\DevEcoStudioProjects\\MyApplication\\entry',
      belongProjectPath: 'E:\\application\\DevEcoStudioProjects\\MyApplication'
    },
    'E:\\application\\DevEcoStudioProjects\\MyApplication\\entry': {
      moduleName: 'entry',
      modulePkgPath: 'E:\\application\\DevEcoStudioProjects\\MyApplication\\entry',
      belongProjectPath: 'E:\\application\\DevEcoStudioProjects\\MyApplication'
    },
    'E:\\application\\DevEcoStudioProjects\\MyApplication': {
      moduleName: 'MyApplication',
      modulePkgPath: 'E:\\application\\DevEcoStudioProjects\\MyApplication',
      belongProjectPath: 'E:\\application\\DevEcoStudioProjects\\MyApplication'
    }
  },
  pkgJsonFileHash: '51d64e81dfd2c2b1510402f176a80cb91064226cf8f0312ad329a01d10cc239d',
  allModulePaths: [ 'E:\\application\\DevEcoStudioProjects\\MyApplication\\entry' ],
  routerMap: {},
  obfuscationOptions: undefined,
  byteCodeHarToDependencyKeys: undefined,
  compileBlockPkg: [],
  mockParams: {
    decorator: '@MockSetup',
    packageName: '@ohos/hamock',
    etsSourceRootPath: 'src/main/ets',
    mockConfigPath: 'E:\\application\\DevEcoStudioProjects\\MyApplication\\entry\\src\\mock\\mock-config.json5',
    mockConfigKey2ModuleInfo: {},
    source2ModuleIdMap: {}
  },
  copyCodeResourceEnable: false,
  copyCodeResourceExcludes: [],
  copyCodeResourceIncludes: undefined,
  uiTransformOptimization: false,
  sdkPath: 'E:/devecostudio-windows-6.1.0.830/DevEco Studio/sdk',
  needPreloadSoFileSet: {},
  preloadSoFilePath: 'E:\\application\\DevEcoStudioProjects\\MyApplication\\entry\\build\\default\\intermediates\\preload\\default\\preload.json',
  useSourceHash: false,
  localModuleParamMap: {},
  otherPaths: {
    'entry/*': [
      '..\\*',
      '..\\..\\..\\build\\default\\generated\\profile\\default\\*'
    ]
  },
  collectImportersConfig: undefined
}
[2026-05-06T13:59:37.323] [DEBUG] debug-file - Compile arkts with external api path: E:\devecostudio-windows-6.1.0.830\DevEco Studio\sdk\default\hms\ets
[2026-05-06T13:59:37.325] [DEBUG] debug-file - default@CompileArkTS work[0] is submitted.
[2026-05-06T13:59:37.325] [DEBUG] debug-file - default@CompileArkTS work[0] is pushed to ready queue.
[2026-05-06T13:59:37.325] [DEBUG] debug-file - A work dispatched to worker[11] failed because unable to get work from ready queue.
[2026-05-06T13:59:37.326] [DEBUG] debug-file - A work dispatched to worker[10] failed because unable to get work from ready queue.
[2026-05-06T13:59:37.326] [DEBUG] debug-file - A work dispatched to worker[9] failed because unable to get work from ready queue.
[2026-05-06T13:59:37.326] [DEBUG] debug-file - A work dispatched to worker[8] failed because unable to get work from ready queue.
[2026-05-06T13:59:37.326] [DEBUG] debug-file - A work dispatched to worker[7] failed because unable to get work from ready queue.
[2026-05-06T13:59:37.326] [DEBUG] debug-file - A work dispatched to worker[6] failed because unable to get work from ready queue.
[2026-05-06T13:59:37.326] [DEBUG] debug-file - A work dispatched to worker[5] failed because unable to get work from ready queue.
[2026-05-06T13:59:37.326] [DEBUG] debug-file - Create  resident worker with id: 4.
[2026-05-06T13:59:37.328] [DEBUG] debug-file - default@CompileArkTS work[0] has been dispatched to worker[4].
[2026-05-06T13:59:37.329] [DEBUG] debug-file - default@CompileArkTS work[0] is dispatched.
[2026-05-06T13:59:37.329] [DEBUG] debug-file - entry : default@CompileArkTS cost memory 1.7096405029296875
[2026-05-06T13:59:37.332] [DEBUG] debug-file - Executing task :entry:default@BuildJS
[2026-05-06T13:59:37.332] [DEBUG] debug-file - Task 'entry:default@BuildJS' cost while wrapping incremental declarations: 1 ms 
[2026-05-06T13:59:37.341] [DEBUG] debug-file - entry : default@BuildJS cost memory 0.17629241943359375
[2026-05-06T13:59:37.342] [DEBUG] debug-file - runTaskFromQueue task cost before running: 1 s 145 ms 
[2026-05-06T13:59:37.342] [INFO] debug-file - Finished :entry:default@BuildJS... after 11 ms 
[2026-05-06T13:59:37.344] [DEBUG] debug-file - Executing task :entry:default@CacheNativeLibs
[2026-05-06T13:59:37.345] [DEBUG] debug-file - File: 'E:\application\DevEcoStudioProjects\MyApplication\entry\build\default\intermediates\binxo\default' from 'cacheBinxoNativeLibs' is not exists, just ignore.
[2026-05-06T13:59:37.345] [DEBUG] debug-file - Task 'entry:default@CacheNativeLibs' cost while wrapping incremental declarations: 1 ms 
[2026-05-06T13:59:37.347] [DEBUG] debug-file - Incremental task entry:default@CacheNativeLibs pre-execution cost: 2 ms .
[2026-05-06T13:59:37.348] [DEBUG] debug-file - entry : default@CacheNativeLibs cost memory 0.12914276123046875
[2026-05-06T13:59:37.348] [INFO] debug-file - UP-TO-DATE :entry:default@CacheNativeLibs...  
[2026-05-06T13:59:45.428] [WARN] debug-file - [33mWARN: [33m[33mArkTS:WARN File: E:/application/DevEcoStudioProjects/MyApplication/entry/src/main/ets/pages/ImportPage.ets:138:44
 'getContext' has been deprecated.
[39m[39m
[33mWARN: [33m[33mArkTS:WARN File: E:/application/DevEcoStudioProjects/MyApplication/entry/src/main/ets/pages/ImportPage.ets:720:20
 'showToast' has been deprecated.
[39m[39m
[33mWARN: [33m[33mArkTS:WARN File: E:/application/DevEcoStudioProjects/MyApplication/entry/src/main/ets/pages/PasswordGenerator.ets:37:44
 'getContext' has been deprecated.
[39m[39m
[33mWARN: [33m[33mArkTS:WARN File: E:/application/DevEcoStudioProjects/MyApplication/entry/src/main/ets/pages/PasswordGenerator.ets:40:25
 'getParams' has been deprecated.
[39m[39m
[33mWARN: [33m[33mArkTS:WARN File: E:/application/DevEcoStudioProjects/MyApplication/entry/src/main/ets/pages/PasswordGenerator.ets:102:56
 'createPlainTextData' has been deprecated.
[39m[39m
[33mWARN: [33m[33mArkTS:WARN File: E:/application/DevEcoStudioProjects/MyApplication/entry/src/main/ets/pages/PasswordGenerator.ets:187:20
 'showToast' has been deprecated.
[39m[39m
[33mWARN: [33m[33mArkTS:WARN File: E:/application/DevEcoStudioProjects/MyApplication/entry/src/main/ets/pages/PasswordGenerator.ets:197:5
 Function may throw exceptions. Special handling is required.
[39m[39m
[33mWARN: [33m[33mArkTS:WARN File: E:/application/DevEcoStudioProjects/MyApplication/entry/src/main/ets/pages/PasswordGenerator.ets:197:12
 'pushUrl' has been deprecated.
[39m[39m
[33mWARN: [33m[33mArkTS:WARN File: E:/application/DevEcoStudioProjects/MyApplication/entry/src/main/ets/pages/PasswordGenerator.ets:201:5
 Function may throw exceptions. Special handling is required.
[39m[39m
[33mWARN: [33m[33mArkTS:WARN File: E:/application/DevEcoStudioProjects/MyApplication/entry/src/main/ets/pages/PasswordGenerator.ets:201:12
 'pushUrl' has been deprecated.
[39m[39m
[33mWARN: [33m[33mArkTS:WARN File: E:/application/DevEcoStudioProjects/MyApplication/entry/src/main/ets/pages/PasswordListPage.ets:32:12
 'pushUrl' has been deprecated.
[39m[39m
[33mWARN: [33m[33mArkTS:WARN File: E:/application/DevEcoStudioProjects/MyApplication/entry/src/main/ets/pages/PasswordListPage.ets:42:44
 'getContext' has been deprecated.
[39m[39m
[33mWARN: [33m[33mArkTS:WARN File: E:/application/DevEcoStudioProjects/MyApplication/entry/src/main/ets/pages/PasswordListPage.ets:142:5
 Function may throw exceptions. Special handling is required.
[39m[39m
[33mWARN: [33m[33mArkTS:WARN File: E:/application/DevEcoStudioProjects/MyApplication/entry/src/main/ets/pages/PasswordListPage.ets:142:18
 'showDialog' has been deprecated.
[39m[39m
[33mWARN: [33m[33mArkTS:WARN File: E:/application/DevEcoStudioProjects/MyApplication/entry/src/main/ets/pages/PasswordListPage.ets:195:5
 Function may throw exceptions. Special handling is required.
[39m[39m
[33mWARN: [33m[33mArkTS:WARN File: E:/application/DevEcoStudioProjects/MyApplication/entry/src/main/ets/pages/PasswordListPage.ets:195:18
 'showDialog' has been deprecated.
[39m[39m
[33mWARN: [33m[33mArkTS:WARN File: E:/application/DevEcoStudioProjects/MyApplication/entry/src/main/ets/pages/PasswordListPage.ets:229:56
 'createPlainTextData' has been deprecated.
[39m[39m
[33mWARN: [33m[33mArkTS:WARN File: E:/application/DevEcoStudioProjects/MyApplication/entry/src/main/ets/pages/PasswordListPage.ets:267:5
 Function may throw exceptions. Special handling is required.
[39m[39m
[33mWARN: [33m[33mArkTS:WARN File: E:/application/DevEcoStudioProjects/MyApplication/entry/src/main/ets/pages/PasswordListPage.ets:267:18
 'showToast' has been deprecated.
[39m[39m

[2026-05-06T13:59:45.429] [DEBUG] debug-file - Ark compile task finished.finished time is 689554546621100
[2026-05-06T13:59:45.429] [DEBUG] debug-file - worker[4] has one work done.
[2026-05-06T13:59:45.431] [DEBUG] debug-file - default@CompileArkTS work[0] done.
[2026-05-06T13:59:45.432] [DEBUG] debug-file - A work dispatched to worker[4] failed because unable to get work from ready queue.
[2026-05-06T13:59:45.434] [INFO] debug-file - Finished :entry:default@CompileArkTS... after 5 s 98 ms 
[2026-05-06T13:59:45.436] [DEBUG] debug-file - Executing task :entry:default@GeneratePkgModuleJson
[2026-05-06T13:59:45.436] [DEBUG] debug-file - File: 'E:\application\DevEcoStudioProjects\MyApplication\entry\build\default\intermediates\preload\default\preload.json' from 'preloadSoJsonPath' is not exists, just ignore.
[2026-05-06T13:59:45.437] [DEBUG] debug-file - Error occurs while handling @Input 'shouldDeduplicateHar': The "data" argument must be of type string or an instance of Buffer, TypedArray, or DataView. Received undefined
[2026-05-06T13:59:45.438] [DEBUG] debug-file - Task 'entry:default@GeneratePkgModuleJson' cost while wrapping incremental declarations: 2 ms 
[2026-05-06T13:59:45.438] [DEBUG] debug-file - entry:default@GeneratePkgModuleJson is not up-to-date, since the input file 'E:\application\DevEcoStudioProjects\MyApplication\entry\build\default\intermediates\res\default\module.json' has been changed.
[2026-05-06T13:59:45.439] [DEBUG] debug-file - Incremental task entry:default@GeneratePkgModuleJson pre-execution cost: 1 ms .
[2026-05-06T13:59:45.440] [DEBUG] debug-file - entry : default@GeneratePkgModuleJson cost memory 0.21015167236328125
[2026-05-06T13:59:45.440] [DEBUG] debug-file - runTaskFromQueue task cost before running: 9 s 244 ms 
[2026-05-06T13:59:45.441] [INFO] debug-file - Finished :entry:default@GeneratePkgModuleJson... after 5 ms 
[2026-05-06T13:59:45.442] [DEBUG] debug-file - Executing task :entry:default@ProcessCompiledResources
[2026-05-06T13:59:45.442] [DEBUG] debug-file - File: 'E:\application\DevEcoStudioProjects\MyApplication\entry\build\default\intermediates\preload\default\preload.json' from 'preloadSoJsonPath' is not exists, just ignore.
[2026-05-06T13:59:45.442] [DEBUG] debug-file - Task 'entry:default@ProcessCompiledResources' cost while wrapping incremental declarations: 1 ms 
[2026-05-06T13:59:45.442] [DEBUG] debug-file - entry : default@ProcessCompiledResources cost memory 0.06157684326171875
[2026-05-06T13:59:45.442] [DEBUG] debug-file - runTaskFromQueue task cost before running: 9 s 246 ms 
[2026-05-06T13:59:45.443] [INFO] debug-file - Finished :entry:default@ProcessCompiledResources... after 1 ms 
[2026-05-06T13:59:45.446] [DEBUG] debug-file - Executing task :entry:default@PackageHap
[2026-05-06T13:59:45.451] [DEBUG] debug-file - entry:default@PackageHap is not up-to-date, since the input file 'E:\application\DevEcoStudioProjects\MyApplication\entry\build\default\intermediates\res\default\module.json' has been changed.
[2026-05-06T13:59:45.451] [DEBUG] debug-file - Incremental task entry:default@PackageHap pre-execution cost: 4 ms .
[2026-05-06T13:59:45.453] [DEBUG] debug-file - Use tool [E:\devecostudio-windows-6.1.0.830\DevEco Studio\sdk\default\openharmony\toolchains\lib\app_packing_tool.jar]
 [
  'java',
  '-Dfile.encoding=GBK',
  '-jar',
  'E:\\devecostudio-windows-6.1.0.830\\DevEco Studio\\sdk\\default\\openharmony\\toolchains\\lib\\app_packing_tool.jar',
  '--mode',
  'hap',
  '--force',
  'true',
  '--lib-path',
  'E:\\application\\DevEcoStudioProjects\\MyApplication\\entry\\build\\default\\intermediates\\stripped_native_libs\\default',
  '--json-path',
  'E:\\application\\DevEcoStudioProjects\\MyApplication\\entry\\build\\default\\intermediates\\package\\default\\module.json',
  '--resources-path',
  'E:\\application\\DevEcoStudioProjects\\MyApplication\\entry\\build\\default\\intermediates\\res\\default\\resources',
  '--index-path',
  'E:\\application\\DevEcoStudioProjects\\MyApplication\\entry\\build\\default\\intermediates\\res\\default\\resources.index',
  '--pack-info-path',
  'E:\\application\\DevEcoStudioProjects\\MyApplication\\entry\\build\\default\\outputs\\default\\pack.info',
  '--out-path',
  'E:\\application\\DevEcoStudioProjects\\MyApplication\\entry\\build\\default\\outputs\\default\\entry-default-unsigned.hap',
  '--ets-path',
  'E:\\application\\DevEcoStudioProjects\\MyApplication\\entry\\build\\default\\intermediates\\loader_out\\default\\ets',
  '--pkg-context-path',
  'E:\\application\\DevEcoStudioProjects\\MyApplication\\entry\\build\\default\\intermediates\\loader\\default\\pkgContextInfo.json'
]
[2026-05-06T13:59:45.454] [DEBUG] debug-file - default@PackageHap work[1] is submitted.
[2026-05-06T13:59:45.454] [DEBUG] debug-file - default@PackageHap work[1] is pushed to ready queue.
[2026-05-06T13:59:45.454] [DEBUG] debug-file - A work dispatched to worker[11] failed because unable to get work from ready queue.
[2026-05-06T13:59:45.454] [DEBUG] debug-file - Create  resident worker with id: 10.
[2026-05-06T13:59:45.455] [DEBUG] debug-file - default@PackageHap work[1] has been dispatched to worker[10].
[2026-05-06T13:59:45.455] [DEBUG] debug-file - default@PackageHap work[1] is dispatched.
[2026-05-06T13:59:45.458] [DEBUG] debug-file - entry : default@PackageHap cost memory -0.23769378662109375
[2026-05-06T13:59:46.659] [DEBUG] debug-file - current process  memoryUsage: {
  rss: 591441920,
  heapTotal: 81821696,
  heapUsed: 51868040,
  external: 2365469,
  arrayBuffers: 123792
} os memoryUsage :9.898887634277344
[2026-05-06T13:59:47.079] [DEBUG] debug-file - worker[10] has one work done.
[2026-05-06T13:59:47.080] [DEBUG] debug-file - default@PackageHap work[1] done.
[2026-05-06T13:59:47.080] [DEBUG] debug-file - A work dispatched to worker[10] failed because unable to get work from ready queue.
[2026-05-06T13:59:47.081] [INFO] debug-file - Finished :entry:default@PackageHap... after 435 ms 
[2026-05-06T13:59:47.083] [DEBUG] debug-file - Executing task :entry:default@PackingCheck
[2026-05-06T13:59:47.091] [DEBUG] debug-file - entry : default@PackingCheck cost memory 0.5556488037109375
[2026-05-06T13:59:47.091] [DEBUG] debug-file - runTaskFromQueue task cost before running: 10 s 895 ms 
[2026-05-06T13:59:47.091] [INFO] debug-file - Finished :entry:default@PackingCheck... after 9 ms 
[2026-05-06T13:59:47.093] [DEBUG] debug-file - Executing task :entry:default@SignHap
[2026-05-06T13:59:47.802] [DEBUG] debug-file - java daemon socket received message:{"code":0,"message":"verify profile success"}
[2026-05-06T13:59:47.819] [DEBUG] debug-file - java daemon socket close code:1000 reason:close by user
[2026-05-06T13:59:48.096] [DEBUG] debug-file - java daemon socket received message:{"code":0,"message":"sign app success"}
[2026-05-06T13:59:48.099] [DEBUG] debug-file - entry : default@SignHap cost memory -0.0164031982421875
[2026-05-06T13:59:48.100] [DEBUG] debug-file - runTaskFromQueue task cost before running: 11 s 903 ms 
[2026-05-06T13:59:48.101] [INFO] debug-file - Finished :entry:default@SignHap... after 1 s 7 ms 
[2026-05-06T13:59:48.104] [DEBUG] debug-file - Executing task :entry:default@CollectDebugSymbol
[2026-05-06T13:59:48.105] [DEBUG] debug-file - entry : default@CollectDebugSymbol cost memory 0.149871826171875
[2026-05-06T13:59:48.106] [DEBUG] debug-file - runTaskFromQueue task cost before running: 11 s 909 ms 
[2026-05-06T13:59:48.106] [INFO] debug-file - Finished :entry:default@CollectDebugSymbol... after 3 ms 
[2026-05-06T13:59:48.106] [DEBUG] debug-file - Executing task :entry:assembleHap
[2026-05-06T13:59:48.107] [DEBUG] debug-file - entry : assembleHap cost memory 0.012908935546875
[2026-05-06T13:59:48.107] [DEBUG] debug-file - runTaskFromQueue task cost before running: 11 s 910 ms 
[2026-05-06T13:59:48.107] [INFO] debug-file - Finished :entry:assembleHap... after 1 ms 
[2026-05-06T13:59:48.121] [INFO] debug-file - BUILD SUCCESSFUL in 11 s 924 ms 
[2026-05-06T13:59:48.123] [DEBUG] debug-file - Update task entry:default@PreBuild input file:E:\application\DevEcoStudioProjects\MyApplication\AppScope\app.json5 cache by regenerate.
[2026-05-06T13:59:48.124] [DEBUG] debug-file - Update task entry:default@PreBuild input file:E:\application\DevEcoStudioProjects\MyApplication\entry\src\main\module.json5 cache by regenerate.
[2026-05-06T13:59:48.124] [DEBUG] debug-file - Update task entry:default@PreBuild input file:E:\application\DevEcoStudioProjects\MyApplication\build-profile.json5 cache from map.
[2026-05-06T13:59:48.124] [DEBUG] debug-file - Update task entry:default@PreBuild input file:E:\application\DevEcoStudioProjects\MyApplication\entry\build-profile.json5 cache by regenerate.
[2026-05-06T13:59:48.125] [DEBUG] debug-file - Update task entry:default@PreBuild input file:E:\application\DevEcoStudioProjects\MyApplication\entry\src\main\resources\base\profile\main_pages.json cache by regenerate.
[2026-05-06T13:59:48.125] [DEBUG] debug-file - Update task entry:default@PreBuild input file:E:\application\DevEcoStudioProjects\MyApplication\hvigor\hvigor-config.json5 cache by regenerate.
[2026-05-06T13:59:48.125] [DEBUG] debug-file - Update task entry:default@PreBuild input file:E:\application\DevEcoStudioProjects\MyApplication\entry\src\mock\mock-config.json5 cache by regenerate.
[2026-05-06T13:59:48.126] [DEBUG] debug-file - Update task entry:default@PreBuild input file:E:\application\DevEcoStudioProjects\MyApplication\entry\oh-package.json5 cache by regenerate.
[2026-05-06T13:59:48.126] [DEBUG] debug-file - Update task entry:default@PreBuild input file:E:\application\DevEcoStudioProjects\MyApplication\oh-package.json5 cache by regenerate.
[2026-05-06T13:59:48.127] [DEBUG] debug-file - Incremental task entry:default@PreBuild post-execution cost:5 ms .
[2026-05-06T13:59:48.128] [DEBUG] debug-file - Update task entry:default@CreateModuleInfo output file:E:\application\DevEcoStudioProjects\MyApplication\entry\build\default\generated\profile\default\ModuleInfo.ts cache.
[2026-05-06T13:59:48.128] [DEBUG] debug-file - Incremental task entry:default@CreateModuleInfo post-execution cost:1 ms .
[2026-05-06T13:59:48.129] [DEBUG] debug-file - There is no need to refresh cache, since the incremental task entry:default@GenerateMetadata is up-to-date.
[2026-05-06T13:59:48.129] [DEBUG] debug-file - Update task entry:default@MergeProfile input file:E:\application\DevEcoStudioProjects\MyApplication\AppScope\app.json5 cache by regenerate.
[2026-05-06T13:59:48.129] [DEBUG] debug-file - Update task entry:default@MergeProfile input file:E:\application\DevEcoStudioProjects\MyApplication\build-profile.json5 cache from map.
[2026-05-06T13:59:48.129] [DEBUG] debug-file - Update task entry:default@MergeProfile input file:E:\application\DevEcoStudioProjects\MyApplication\entry\src\main\module.json5 cache by regenerate.
[2026-05-06T13:59:48.129] [DEBUG] debug-file - Update task entry:default@MergeProfile output file:E:\application\DevEcoStudioProjects\MyApplication\entry\build\default\intermediates\merge_profile\default\module.json cache.
[2026-05-06T13:59:48.130] [DEBUG] debug-file - Incremental task entry:default@MergeProfile post-execution cost:2 ms .
[2026-05-06T13:59:48.130] [DEBUG] debug-file - Update task entry:default@CreateBuildProfile input file:E:\application\DevEcoStudioProjects\MyApplication\AppScope\app.json5 cache by regenerate.
[2026-05-06T13:59:48.130] [DEBUG] debug-file - Update task entry:default@CreateBuildProfile input file:E:\application\DevEcoStudioProjects\MyApplication\build-profile.json5 cache from map.
[2026-05-06T13:59:48.130] [DEBUG] debug-file - Update task entry:default@CreateBuildProfile output file:E:\application\DevEcoStudioProjects\MyApplication\entry\build\default\generated\profile\default\BuildProfile.ets cache.
[2026-05-06T13:59:48.131] [DEBUG] debug-file - Incremental task entry:default@CreateBuildProfile post-execution cost:1 ms .
[2026-05-06T13:59:48.131] [DEBUG] debug-file - There is no need to refresh cache, since the incremental task entry:default@GeneratePkgContextInfo is up-to-date.
[2026-05-06T13:59:48.131] [DEBUG] debug-file - Update task entry:default@GeneratePkgSdkInfo output file:E:\application\DevEcoStudioProjects\MyApplication\entry\build\default\intermediates\loader\default\pkgSdkInfo.json cache.
[2026-05-06T13:59:48.131] [DEBUG] debug-file - Incremental task entry:default@GeneratePkgSdkInfo post-execution cost:1 ms .
[2026-05-06T13:59:48.131] [DEBUG] debug-file - Update task entry:default@ProcessIntegratedHsp output file:E:\application\DevEcoStudioProjects\MyApplication\build\cache\default\integrated_hsp\integratedHspCache.json cache.
[2026-05-06T13:59:48.131] [DEBUG] debug-file - Incremental task entry:default@ProcessIntegratedHsp post-execution cost:1 ms .
[2026-05-06T13:59:48.132] [DEBUG] debug-file - Update task entry:default@MakePackInfo input file:E:\application\DevEcoStudioProjects\MyApplication\AppScope\app.json5 cache by regenerate.
[2026-05-06T13:59:48.132] [DEBUG] debug-file - Update task entry:default@MakePackInfo input file:E:\application\DevEcoStudioProjects\MyApplication\entry\src\main\module.json5 cache by regenerate.
[2026-05-06T13:59:48.133] [DEBUG] debug-file - Update task entry:default@MakePackInfo input file:E:\application\DevEcoStudioProjects\MyApplication\build-profile.json5 cache from map.
[2026-05-06T13:59:48.133] [DEBUG] debug-file - Update task entry:default@MakePackInfo input file:E:\application\DevEcoStudioProjects\MyApplication\entry\src\main\resources\base\profile\backup_config.json cache by regenerate.
[2026-05-06T13:59:48.133] [DEBUG] debug-file - Update task entry:default@MakePackInfo output file:E:\application\DevEcoStudioProjects\MyApplication\entry\build\default\outputs\default\pack.info cache.
[2026-05-06T13:59:48.133] [DEBUG] debug-file - Incremental task entry:default@MakePackInfo post-execution cost:3 ms .
[2026-05-06T13:59:48.134] [DEBUG] debug-file - Update task entry:default@SyscapTransform input file:E:\devecostudio-windows-6.1.0.830\DevEco Studio\sdk\default\openharmony\toolchains\syscap_tool.exe cache by regenerate.
[2026-05-06T13:59:48.134] [DEBUG] debug-file - Update task entry:default@SyscapTransform input file:E:\devecostudio-windows-6.1.0.830\DevEco Studio\sdk\default\openharmony\ets\api\device-define cache by regenerate.
[2026-05-06T13:59:48.135] [DEBUG] debug-file - Update task entry:default@SyscapTransform output file:E:\application\DevEcoStudioProjects\MyApplication\entry\build\default\intermediates\syscap\default\rpcid.sc cache.
[2026-05-06T13:59:48.136] [DEBUG] debug-file - Incremental task entry:default@SyscapTransform post-execution cost:3 ms .
[2026-05-06T13:59:48.136] [DEBUG] debug-file - Update task entry:default@ProcessProfile input file:E:\application\DevEcoStudioProjects\MyApplication\entry\build\default\intermediates\merge_profile\default\module.json cache from map.
[2026-05-06T13:59:48.136] [DEBUG] debug-file - Update task entry:default@ProcessProfile output file:E:\application\DevEcoStudioProjects\MyApplication\entry\build\default\intermediates\process_profile\default\module.json cache.
[2026-05-06T13:59:48.136] [DEBUG] debug-file - Incremental task entry:default@ProcessProfile post-execution cost:1 ms .
[2026-05-06T13:59:48.136] [DEBUG] debug-file - There is no need to refresh cache, since the incremental task entry:default@ProcessRouterMap is up-to-date.
[2026-05-06T13:59:48.136] [DEBUG] debug-file - There is no need to refresh cache, since the incremental task entry:default@ProcessShareConfig is up-to-date.
[2026-05-06T13:59:48.137] [DEBUG] debug-file - Update task entry:default@ProcessStartupConfig input file:E:\application\DevEcoStudioProjects\MyApplication\entry\build\default\intermediates\loader\default\pkgContextInfo.json cache by regenerate.
[2026-05-06T13:59:48.137] [DEBUG] debug-file - Update task entry:default@ProcessStartupConfig output file:E:\application\DevEcoStudioProjects\MyApplication\entry\build\default\intermediates\startup\default\startup_config.json cache.
[2026-05-06T13:59:48.137] [DEBUG] debug-file - Incremental task entry:default@ProcessStartupConfig post-execution cost:1 ms .
[2026-05-06T13:59:48.137] [DEBUG] debug-file - There is no need to refresh cache, since the incremental task entry:default@ProcessResource is up-to-date.
[2026-05-06T13:59:48.138] [DEBUG] debug-file - Update task entry:default@GenerateLoaderJson input file:E:\application\DevEcoStudioProjects\MyApplication\entry\src\mock\mock-config.json5 cache by regenerate.
[2026-05-06T13:59:48.138] [DEBUG] debug-file - Update task entry:default@GenerateLoaderJson input file:E:\application\DevEcoStudioProjects\MyApplication\entry\build\default\intermediates\loader\default\pkgContextInfo.json cache by regenerate.
[2026-05-06T13:59:48.139] [DEBUG] debug-file - Update task entry:default@GenerateLoaderJson input file:E:\application\DevEcoStudioProjects\MyApplication\entry\build\default\intermediates\router_map\default\temp-router-map.json cache by regenerate.
[2026-05-06T13:59:48.139] [DEBUG] debug-file - Update task entry:default@GenerateLoaderJson output file:E:\application\DevEcoStudioProjects\MyApplication\entry\build\default\intermediates\loader\default\loader.json cache.
[2026-05-06T13:59:48.139] [DEBUG] debug-file - Incremental task entry:default@GenerateLoaderJson post-execution cost:3 ms .
[2026-05-06T13:59:48.140] [DEBUG] debug-file - Update task entry:default@ProcessLibs input file:E:\application\DevEcoStudioProjects\MyApplication\build-profile.json5 cache from map.
[2026-05-06T13:59:48.140] [DEBUG] debug-file - Update task entry:default@ProcessLibs input file:E:\application\DevEcoStudioProjects\MyApplication\entry\build-profile.json5 cache by regenerate.
[2026-05-06T13:59:48.140] [DEBUG] debug-file - Update task entry:default@ProcessLibs output file:E:\application\DevEcoStudioProjects\MyApplication\entry\build\default\intermediates\libs\default cache.
[2026-05-06T13:59:48.140] [DEBUG] debug-file - Incremental task entry:default@ProcessLibs post-execution cost:1 ms .
[2026-05-06T13:59:48.142] [DEBUG] debug-file - Update task entry:default@CompileResource input file:E:\application\DevEcoStudioProjects\MyApplication\entry\src\main\resources cache by regenerate.
[2026-05-06T13:59:48.147] [DEBUG] debug-file - Update task entry:default@CompileResource input file:E:\application\DevEcoStudioProjects\MyApplication\AppScope\resources cache by regenerate.
[2026-05-06T13:59:48.148] [DEBUG] debug-file - Update task entry:default@CompileResource input file:E:\application\DevEcoStudioProjects\MyApplication\entry\build\default\intermediates\process_profile\default\module.json cache from map.
[2026-05-06T13:59:48.149] [DEBUG] debug-file - Update task entry:default@CompileResource input file:E:\application\DevEcoStudioProjects\MyApplication\entry\build\default\intermediates\res\default\resConfig.json cache by regenerate.
[2026-05-06T13:59:48.149] [DEBUG] debug-file - Update task entry:default@CompileResource output file:E:\application\DevEcoStudioProjects\MyApplication\entry\build\default\intermediates\res\default cache.
[2026-05-06T13:59:48.155] [DEBUG] debug-file - Update task entry:default@CompileResource output file:E:\application\DevEcoStudioProjects\MyApplication\entry\build\default\generated\r\default\ResourceTable.h cache.
[2026-05-06T13:59:48.155] [DEBUG] debug-file - Update task entry:default@CompileResource output file:E:\application\DevEcoStudioProjects\MyApplication\entry\build\default\generated\r\default\ResourceTable.ts cache.
[2026-05-06T13:59:48.155] [DEBUG] debug-file - Update task entry:default@CompileResource output file:E:\application\DevEcoStudioProjects\MyApplication\entry\build\default\generated\r\default cache.
[2026-05-06T13:59:48.156] [DEBUG] debug-file - Incremental task entry:default@CompileResource post-execution cost:16 ms .
[2026-05-06T13:59:48.156] [DEBUG] debug-file - There is no need to refresh cache, since the incremental task entry:default@DoNativeStrip is up-to-date.
[2026-05-06T13:59:48.158] [DEBUG] debug-file - Update task entry:default@CompileArkTS input file:E:\application\DevEcoStudioProjects\MyApplication\entry\build\default\intermediates\loader\default cache from map.
[2026-05-06T13:59:48.158] [DEBUG] debug-file - Update task entry:default@CompileArkTS input file:E:\application\DevEcoStudioProjects\MyApplication\entry\build\default\intermediates\res\default\resources\rawfile cache by regenerate.
[2026-05-06T13:59:48.159] [DEBUG] debug-file - Update task entry:default@CompileArkTS input file:E:\application\DevEcoStudioProjects\MyApplication\entry\build\default\intermediates\res\default\ResourceTable.txt cache by regenerate.
[2026-05-06T13:59:48.159] [DEBUG] debug-file - Update task entry:default@CompileArkTS input file:E:\application\DevEcoStudioProjects\MyApplication\entry\build\default\intermediates\res\default\ark_module.json cache by regenerate.
[2026-05-06T13:59:48.159] [DEBUG] debug-file - Update task entry:default@CompileArkTS input file:E:\application\DevEcoStudioProjects\MyApplication\entry\build\default\intermediates\res\default\resources\base\profile cache by regenerate.
[2026-05-06T13:59:48.160] [DEBUG] debug-file - Update task entry:default@CompileArkTS input file:E:\application\DevEcoStudioProjects\MyApplication\entry\src\main\ets cache by regenerate.
[2026-05-06T13:59:48.165] [DEBUG] debug-file - Update task entry:default@CompileArkTS input file:E:\application\DevEcoStudioProjects\MyApplication\entry\build\default\intermediates\loader\default\pkgContextInfo.json cache by regenerate.
[2026-05-06T13:59:48.165] [DEBUG] debug-file - Update task entry:default@CompileArkTS input file:E:\application\DevEcoStudioProjects\MyApplication\entry\build\default\generated\profile\default\BuildProfile.ets cache by regenerate.
[2026-05-06T13:59:48.165] [DEBUG] debug-file - Update task entry:default@CompileArkTS input file:E:\application\DevEcoStudioProjects\MyApplication\entry\src\mock\mock-config.json5 cache by regenerate.
[2026-05-06T13:59:48.166] [DEBUG] debug-file - Update task entry:default@CompileArkTS output file:E:\application\DevEcoStudioProjects\MyApplication\entry\build\default\intermediates\loader_out\default\ets cache.
[2026-05-06T13:59:48.166] [DEBUG] debug-file - Incremental task entry:default@CompileArkTS post-execution cost:11 ms .
[2026-05-06T13:59:48.168] [DEBUG] debug-file - Update task entry:default@BuildJS input file:E:\application\DevEcoStudioProjects\MyApplication\entry\build\default\intermediates\loader\default cache by regenerate.
[2026-05-06T13:59:48.168] [DEBUG] debug-file - Update task entry:default@BuildJS input file:E:\application\DevEcoStudioProjects\MyApplication\entry\build\default\intermediates\res\default\resources\rawfile cache by regenerate.
[2026-05-06T13:59:48.169] [DEBUG] debug-file - Update task entry:default@BuildJS input file:E:\application\DevEcoStudioProjects\MyApplication\entry\build\default\intermediates\res\default\ResourceTable.txt cache by regenerate.
[2026-05-06T13:59:48.169] [DEBUG] debug-file - Update task entry:default@BuildJS input file:E:\application\DevEcoStudioProjects\MyApplication\entry\build\default\intermediates\res\default\ark_module.json cache by regenerate.
[2026-05-06T13:59:48.169] [DEBUG] debug-file - Update task entry:default@BuildJS input file:E:\application\DevEcoStudioProjects\MyApplication\entry\build\default\intermediates\res\default\resources\base\profile cache by regenerate.
[2026-05-06T13:59:48.170] [DEBUG] debug-file - Update task entry:default@BuildJS input file:E:\application\DevEcoStudioProjects\MyApplication\entry\build\default\intermediates\loader\default\pkgContextInfo.json cache by regenerate.
[2026-05-06T13:59:48.170] [DEBUG] debug-file - Update task entry:default@BuildJS output file:E:\application\DevEcoStudioProjects\MyApplication\entry\build\default\intermediates\loader_out\default\js cache.
[2026-05-06T13:59:48.170] [DEBUG] debug-file - Incremental task entry:default@BuildJS post-execution cost:5 ms .
[2026-05-06T13:59:48.171] [DEBUG] debug-file - There is no need to refresh cache, since the incremental task entry:default@CacheNativeLibs is up-to-date.
[2026-05-06T13:59:48.171] [DEBUG] debug-file - Update task entry:default@GeneratePkgModuleJson input file:E:\application\DevEcoStudioProjects\MyApplication\entry\build\default\intermediates\res\default\module.json cache from map.
[2026-05-06T13:59:48.171] [DEBUG] debug-file - Update task entry:default@GeneratePkgModuleJson output file:E:\application\DevEcoStudioProjects\MyApplication\entry\build\default\intermediates\package\default\module.json cache.
[2026-05-06T13:59:48.171] [DEBUG] debug-file - Incremental task entry:default@GeneratePkgModuleJson post-execution cost:1 ms .
[2026-05-06T13:59:48.171] [DEBUG] debug-file - Incremental task entry:default@ProcessCompiledResources post-execution cost:1 ms .
[2026-05-06T13:59:48.172] [DEBUG] debug-file - Update task entry:default@PackageHap input file:E:\application\DevEcoStudioProjects\MyApplication\entry\build\default\intermediates\stripped_native_libs\default cache by regenerate.
[2026-05-06T13:59:48.172] [DEBUG] debug-file - Update task entry:default@PackageHap input file:E:\application\DevEcoStudioProjects\MyApplication\entry\build\default\intermediates\res\default\module.json cache from map.
[2026-05-06T13:59:48.172] [DEBUG] debug-file - Update task entry:default@PackageHap input file:E:\application\DevEcoStudioProjects\MyApplication\entry\build\default\intermediates\res\default\resources cache by regenerate.
[2026-05-06T13:59:48.176] [DEBUG] debug-file - Update task entry:default@PackageHap input file:E:\application\DevEcoStudioProjects\MyApplication\entry\build\default\intermediates\res\default\resources.index cache by regenerate.
[2026-05-06T13:59:48.177] [DEBUG] debug-file - Update task entry:default@PackageHap input file:E:\application\DevEcoStudioProjects\MyApplication\entry\build\default\outputs\default\pack.info cache by regenerate.
[2026-05-06T13:59:48.177] [DEBUG] debug-file - Update task entry:default@PackageHap input file:E:\application\DevEcoStudioProjects\MyApplication\entry\build\default\intermediates\loader_out\default\ets cache by regenerate.
[2026-05-06T13:59:48.178] [DEBUG] debug-file - Update task entry:default@PackageHap input file:E:\application\DevEcoStudioProjects\MyApplication\entry\build\default\intermediates\loader\default\pkgContextInfo.json cache by regenerate.
[2026-05-06T13:59:48.178] [DEBUG] debug-file - Update task entry:default@PackageHap input file:E:\application\DevEcoStudioProjects\MyApplication\entry\build\default\intermediates\loader_out\default\ets\sourceMaps.map cache by regenerate.
[2026-05-06T13:59:48.178] [DEBUG] debug-file - Update task entry:default@PackageHap input file:E:\application\DevEcoStudioProjects\MyApplication\entry\build\default\generated\profile\default\BuildProfile.ets cache by regenerate.
[2026-05-06T13:59:48.179] [DEBUG] debug-file - Update task entry:default@PackageHap output file:E:\application\DevEcoStudioProjects\MyApplication\entry\build\default\outputs\default\entry-default-unsigned.hap cache.
[2026-05-06T13:59:48.179] [DEBUG] debug-file - Update task entry:default@PackageHap output file:E:\application\DevEcoStudioProjects\MyApplication\entry\build\default\intermediates\source_map\default\sourceMaps.map cache.
[2026-05-06T13:59:48.180] [DEBUG] debug-file - Update task entry:default@PackageHap output file:E:\application\DevEcoStudioProjects\MyApplication\entry\build\default\outputs\default\mapping\sourceMaps.map cache.
[2026-05-06T13:59:48.181] [DEBUG] debug-file - Incremental task entry:default@PackageHap post-execution cost:10 ms .
[2026-05-06T13:59:48.181] [DEBUG] debug-file - Update task entry:default@SignHap input file:E:/devecostudio-windows-6.1.0.830/SmartAlarm.cer cache by regenerate.
[2026-05-06T13:59:48.181] [DEBUG] debug-file - Update task entry:default@SignHap input file:E:/devecostudio-windows-6.1.0.830/SmartAlarm_ReleaseRelease.p7b cache by regenerate.
[2026-05-06T13:59:48.182] [DEBUG] debug-file - Update task entry:default@SignHap input file:E:/devecostudio-windows-6.1.0.830/smartalarm.p12 cache by regenerate.
[2026-05-06T13:59:48.182] [DEBUG] debug-file - Update task entry:default@SignHap input file:E:\application\DevEcoStudioProjects\MyApplication\entry\build\default\outputs\default\entry-default-unsigned.hap cache by regenerate.
[2026-05-06T13:59:48.182] [DEBUG] debug-file - Update task entry:default@SignHap output file:E:\application\DevEcoStudioProjects\MyApplication\entry\build\default\outputs\default\entry-default-signed.hap cache.
[2026-05-06T13:59:48.182] [DEBUG] debug-file - Incremental task entry:default@SignHap post-execution cost:2 ms .
[2026-05-06T13:59:48.183] [DEBUG] debug-file - Update task entry:default@CollectDebugSymbol input file:E:\application\DevEcoStudioProjects\MyApplication\entry\build\default\intermediates\loader_out\default\ets\sourceMaps.map cache by regenerate.
[2026-05-06T13:59:48.183] [DEBUG] debug-file - Update task entry:default@CollectDebugSymbol input file:E:\application\DevEcoStudioProjects\MyApplication\entry\build\default\intermediates\libs\default cache by regenerate.
[2026-05-06T13:59:48.184] [DEBUG] debug-file - Update task entry:default@CollectDebugSymbol output file:E:\application\DevEcoStudioProjects\MyApplication\entry\build\default\outputs\default\symbol cache.
[2026-05-06T13:59:48.184] [DEBUG] debug-file - Incremental task entry:default@CollectDebugSymbol post-execution cost:2 ms .
[2026-05-06T13:59:48.218] [DEBUG] debug-file - Cleanup worker 10.
[2026-05-06T13:59:48.218] [DEBUG] debug-file - Worker 10 has been cleaned up.
[2026-05-06T13:59:48.219] [DEBUG] debug-file - Current idle worker size: 1.
[2026-05-06T13:59:48.219] [DEBUG] debug-file - Current resident worker size: 2.
[2026-05-06T13:59:48.220] [DEBUG] debug-file - hvigor build process will be closed.
[2026-05-06T13:59:48.221] [DEBUG] debug-file - java daemon socket close code:1000 reason:close by user
[2026-05-06T13:59:48.228] [DEBUG] debug-file - session manager: send message to worker process.
[2026-05-06T13:59:48.228] [DEBUG] debug-file - session manager: send message to worker process.
[2026-05-06T13:59:48.230] [DEBUG] debug-file - watch worker: worker id should be larger than 0. Nothing will be sent to any worker thread.
[2026-05-06T13:59:48.230] [DEBUG] debug-file - watch worker: worker id should be larger than 0. Nothing will be sent to any worker thread.
[2026-05-06T13:59:48.234] [DEBUG] debug-file - worker[10] exits with exit code 1.
[2026-05-06T15:29:13.342] [DEBUG] debug-file - session manager: set active socket. socketId=ZRyvbH3AqxTmR1_bAAAF
[2026-05-06T15:29:13.357] [DEBUG] debug-file - watch worker: worker id should be larger than 0. Nothing will be sent to any worker thread.
[2026-05-06T15:29:13.361] [DEBUG] debug-file - Workers' log level updated to INFO
[2026-05-06T15:29:13.376] [DEBUG] debug-file - Hvigor init with startParameters:{
  hvigorfileTypeCheck: false,
  parallelExecution: true,
  incrementalExecution: true,
  printStackTrace: false,
  daemon: true,
  analyze: 0,
  logLevel: Level { level: 20000, levelStr: 'INFO', colour: 'green' },
  optimizationStrategy: 'memory',
  hotCompile: undefined,
  hotReloadBuild: undefined,
  customizedParam: undefined
}
[2026-05-06T15:29:13.415] [DEBUG] debug-file - Cache service initialization finished in 39 ms 
[2026-05-06T15:29:13.416] [DEBUG] debug-file - hvigorfile, resolving E:\application\DevEcoStudioProjects\MyApplication\hvigorfile.ts
[2026-05-06T15:29:13.479] [DEBUG] debug-file - hvigorfile, require result:  { default: { plugins: [] } }
[2026-05-06T15:29:13.479] [DEBUG] debug-file - hvigorfile, binding system plugins null
[2026-05-06T15:29:13.480] [DEBUG] debug-file - Starting plugin build process
[2026-05-06T15:29:13.480] [DEBUG] debug-file - App plugin prepare start...
[2026-05-06T15:29:13.480] [DEBUG] debug-file - App plugin prepare end...
[2026-05-06T15:29:13.480] [DEBUG] debug-file - App plugin creating...
[2026-05-06T15:29:13.500] [DEBUG] debug-file - App plugin register hook start...
[2026-05-06T15:29:13.500] [DEBUG] debug-file - App plugin register hook end...
[2026-05-06T15:29:13.500] [DEBUG] debug-file - Plugin build process completed
[2026-05-06T15:29:13.501] [DEBUG] debug-file - Start initialize project's product build option map with build mode debug.
[2026-05-06T15:29:13.501] [DEBUG] debug-file - Picking option from product 'default' with build mode 'debug'.
[2026-05-06T15:29:13.501] [DEBUG] debug-file - Product 'default' build option initialized
[2026-05-06T15:29:13.501] [DEBUG] debug-file - End initialize project's product build option map with build mode 'debug'.
[2026-05-06T15:29:13.502] [DEBUG] debug-file - Obtain build option for product 'default'in this build.
[2026-05-06T15:29:13.507] [DEBUG] debug-file - E:\application\DevEcoStudioProjects\MyApplication\build\cache\default\remote_hsp\remoteHspCache.json not exists.
[2026-05-06T15:29:13.518] [DEBUG] debug-file - Start recording SDK configuration permission data.
[2026-05-06T15:29:13.553] [DEBUG] debug-file - Sdk init in 39 ms 
[2026-05-06T15:29:13.557] [DEBUG] debug-file - Project task initialization takes 4 ms 
[2026-05-06T15:29:13.557] [DEBUG] debug-file - hvigorfile, begin to bind custom plugins...
[2026-05-06T15:29:13.557] [DEBUG] debug-file - hvigorfile, no custom plugins were found in E:\application\DevEcoStudioProjects\MyApplication\hvigorfile.ts
[2026-05-06T15:29:13.557] [DEBUG] debug-file - hvigorfile, resolve finished E:\application\DevEcoStudioProjects\MyApplication\hvigorfile.ts
[2026-05-06T15:29:13.558] [DEBUG] debug-file - hvigorfile, resolving E:\application\DevEcoStudioProjects\MyApplication\entry\hvigorfile.ts
[2026-05-06T15:29:13.569] [DEBUG] debug-file - hvigorfile, require result:  { default: { plugins: [] } }
[2026-05-06T15:29:13.569] [DEBUG] debug-file - hvigorfile, binding system plugins null
[2026-05-06T15:29:13.569] [DEBUG] debug-file - Starting plugin build process
[2026-05-06T15:29:13.569] [DEBUG] debug-file - Hap plugin creating...
[2026-05-06T15:29:13.571] [DEBUG] debug-file - failed to load cangjie to dynamically generate schemas: Error: Cannot find module '@ohos/cangjie-build-support/index'
Require stack:
- E:\devecostudio-windows-6.1.0.830\DevEco Studio\tools\hvigor\hvigor-ohos-plugin\src\plugin\hooks\cangjie-register.js
- E:\devecostudio-windows-6.1.0.830\DevEco Studio\tools\hvigor\hvigor-ohos-plugin\src\plugin\strategy\stage-init-strategy.js
- E:\devecostudio-windows-6.1.0.830\DevEco Studio\tools\hvigor\hvigor-ohos-plugin\src\plugin\builder\abstract-plugin-builder.js
- E:\devecostudio-windows-6.1.0.830\DevEco Studio\tools\hvigor\hvigor-ohos-plugin\src\plugin\builder\app-plugin-builder.js
- E:\devecostudio-windows-6.1.0.830\DevEco Studio\tools\hvigor\hvigor-ohos-plugin\src\plugin\factory\plugin-factory.js
- E:\devecostudio-windows-6.1.0.830\DevEco Studio\tools\hvigor\hvigor-ohos-plugin\index.js
- E:\application\DevEcoStudioProjects\MyApplication\hvigorfile.ts
- E:\devecostudio-windows-6.1.0.830\DevEco Studio\tools\hvigor\hvigor\src\base\internal\lifecycle\configuration.js
- E:\devecostudio-windows-6.1.0.830\DevEco Studio\tools\hvigor\hvigor\src\base\boot\index.js
- E:\devecostudio-windows-6.1.0.830\DevEco Studio\tools\hvigor\hvigor\src\base\daemon\cluster\worker-process-lifecycle.js
- E:\devecostudio-windows-6.1.0.830\DevEco Studio\tools\hvigor\hvigor\src\base\daemon\process\daemon-process-boot-script.js
[2026-05-06T15:29:13.582] [DEBUG] debug-file - Start initialize module-target build option map, moduleName=entry, buildMode=debug
[2026-05-06T15:29:13.582] [DEBUG] debug-file - Target 'default' config initialized
[2026-05-06T15:29:13.583] [DEBUG] debug-file - Target 'ohosTest' config initialized
[2026-05-06T15:29:13.584] [DEBUG] debug-file - Module 'entry' target 'default' build option initialized
[2026-05-06T15:29:13.584] [DEBUG] debug-file - Module 'entry' target 'ohosTest' build option initialized
[2026-05-06T15:29:13.584] [DEBUG] debug-file - End initialize module-target build option map, moduleName=entry
[2026-05-06T15:29:13.584] [DEBUG] debug-file - Start initialize module-target build option map, moduleName=entry, buildMode=release
[2026-05-06T15:29:13.584] [DEBUG] debug-file - Target 'default' config initialized
[2026-05-06T15:29:13.584] [DEBUG] debug-file - Target 'ohosTest' config initialized
[2026-05-06T15:29:13.585] [DEBUG] debug-file - Module 'entry' target 'default' build option initialized
[2026-05-06T15:29:13.585] [DEBUG] debug-file - Module 'entry' target 'ohosTest' build option initialized
[2026-05-06T15:29:13.585] [DEBUG] debug-file - End initialize module-target build option map, moduleName=entry
[2026-05-06T15:29:13.585] [DEBUG] debug-file - Start initialize module-target build option map, moduleName=entry, buildMode=debug
[2026-05-06T15:29:13.585] [DEBUG] debug-file - Target 'default' config initialized
[2026-05-06T15:29:13.585] [DEBUG] debug-file - Target 'ohosTest' config initialized
[2026-05-06T15:29:13.585] [DEBUG] debug-file - Module 'entry' target 'default' build option initialized
[2026-05-06T15:29:13.586] [DEBUG] debug-file - Module 'entry' target 'ohosTest' build option initialized
[2026-05-06T15:29:13.586] [DEBUG] debug-file - End initialize module-target build option map, moduleName=entry
[2026-05-06T15:29:13.586] [DEBUG] debug-file - Obtain build option for module 'entry' target 'default'in this build.
[2026-05-06T15:29:13.592] [DEBUG] debug-file - Module entry task initialization takes 5 ms 
[2026-05-06T15:29:13.592] [DEBUG] debug-file - Hap plugin register hook start...
[2026-05-06T15:29:13.592] [DEBUG] debug-file - Hap plugin register hook end...
[2026-05-06T15:29:13.592] [DEBUG] debug-file - Plugin build process completed
[2026-05-06T15:29:13.592] [DEBUG] debug-file - hvigorfile, begin to bind custom plugins...
[2026-05-06T15:29:13.592] [DEBUG] debug-file - hvigorfile, no custom plugins were found in E:\application\DevEcoStudioProjects\MyApplication\entry\hvigorfile.ts
[2026-05-06T15:29:13.592] [DEBUG] debug-file - hvigorfile, resolve finished E:\application\DevEcoStudioProjects\MyApplication\entry\hvigorfile.ts
[2026-05-06T15:29:13.611] [DEBUG] debug-file - hvigorfile, resolve hvigorfile dependencies in 18 ms 
[2026-05-06T15:29:13.611] [DEBUG] debug-file - project has submodules:entry
[2026-05-06T15:29:13.614] [DEBUG] debug-file - start to load updatedOhPackageInfo to the disk
[2026-05-06T15:29:13.625] [DEBUG] debug-file - load to the disk finished
[2026-05-06T15:29:13.626] [DEBUG] debug-file - Start to initialize dependency information.
[2026-05-06T15:29:13.632] [DEBUG] debug-file - Module MyApplication Collected Dependency: 
[2026-05-06T15:29:13.632] [DEBUG] debug-file - Module MyApplication's total dependency: 0
[2026-05-06T15:29:13.634] [DEBUG] debug-file - Start to initialize dependency information.
[2026-05-06T15:29:13.636] [DEBUG] debug-file - Module entry Collected Dependency: 
[2026-05-06T15:29:13.636] [DEBUG] debug-file - Module entry's total dependency: 0
[2026-05-06T15:29:13.639] [DEBUG] debug-file - Configuration phase cost:225 ms 
[2026-05-06T15:29:13.640] [DEBUG] debug-file - Configuration task cost before running: 279 ms 
[2026-05-06T15:29:13.645] [DEBUG] debug-file - Executing task :entry:default@PreBuild
[2026-05-06T15:29:13.646] [DEBUG] debug-file - Task 'entry:default@PreBuild' cost while wrapping incremental declarations: 1 ms 
[2026-05-06T15:29:13.654] [DEBUG] debug-file - Incremental task entry:default@PreBuild pre-execution cost: 6 ms .
[2026-05-06T15:29:13.654] [DEBUG] debug-file - entry : default@PreBuild cost memory 0.4370574951171875
[2026-05-06T15:29:13.656] [INFO] debug-file - UP-TO-DATE :entry:default@PreBuild...  
[2026-05-06T15:29:13.657] [DEBUG] debug-file - Executing task :entry:default@CreateModuleInfo
[2026-05-06T15:29:13.657] [DEBUG] debug-file - Task 'entry:default@CreateModuleInfo' cost while wrapping incremental declarations: 1 ms 
[2026-05-06T15:29:13.657] [DEBUG] debug-file - entry : default@CreateModuleInfo cost memory 0.04204559326171875
[2026-05-06T15:29:13.657] [DEBUG] debug-file - runTaskFromQueue task cost before running: 296 ms 
[2026-05-06T15:29:13.657] [INFO] debug-file - Finished :entry:default@CreateModuleInfo... after 1 ms 
[2026-05-06T15:29:13.661] [DEBUG] debug-file - Executing task :entry:default@GenerateMetadata
[2026-05-06T15:29:13.661] [DEBUG] debug-file - Task 'entry:default@GenerateMetadata' cost while wrapping incremental declarations: 1 ms 
[2026-05-06T15:29:13.662] [DEBUG] debug-file - Incremental task entry:default@GenerateMetadata pre-execution cost: 1 ms .
[2026-05-06T15:29:13.662] [DEBUG] debug-file - entry : default@GenerateMetadata cost memory 0.08751678466796875
[2026-05-06T15:29:13.662] [INFO] debug-file - UP-TO-DATE :entry:default@GenerateMetadata...  
[2026-05-06T15:29:13.663] [DEBUG] debug-file - Executing task :entry:default@ConfigureCmake
[2026-05-06T15:29:13.663] [DEBUG] debug-file - entry : default@ConfigureCmake cost memory 0.014678955078125
[2026-05-06T15:29:13.663] [DEBUG] debug-file - runTaskFromQueue task cost before running: 302 ms 
[2026-05-06T15:29:13.664] [INFO] debug-file - Finished :entry:default@ConfigureCmake... after 1 ms 
[2026-05-06T15:29:13.665] [DEBUG] debug-file - Executing task :entry:default@MergeProfile
[2026-05-06T15:29:13.665] [DEBUG] debug-file - Task 'entry:default@MergeProfile' cost while wrapping incremental declarations: 1 ms 
[2026-05-06T15:29:13.667] [DEBUG] debug-file - Incremental task entry:default@MergeProfile pre-execution cost: 2 ms .
[2026-05-06T15:29:13.667] [DEBUG] debug-file - entry : default@MergeProfile cost memory 0.13784027099609375
[2026-05-06T15:29:13.668] [INFO] debug-file - UP-TO-DATE :entry:default@MergeProfile...  
[2026-05-06T15:29:13.669] [DEBUG] debug-file - Executing task :entry:default@CreateBuildProfile
[2026-05-06T15:29:13.669] [DEBUG] debug-file - Task 'entry:default@CreateBuildProfile' cost while wrapping incremental declarations: 1 ms 
[2026-05-06T15:29:13.670] [DEBUG] debug-file - Incremental task entry:default@CreateBuildProfile pre-execution cost: 2 ms .
[2026-05-06T15:29:13.671] [DEBUG] debug-file - entry : default@CreateBuildProfile cost memory 0.10900115966796875
[2026-05-06T15:29:13.671] [INFO] debug-file - UP-TO-DATE :entry:default@CreateBuildProfile...  
[2026-05-06T15:29:13.672] [DEBUG] debug-file - Executing task :entry:default@PreCheckSyscap
[2026-05-06T15:29:13.672] [DEBUG] debug-file - entry : default@PreCheckSyscap cost memory 0.01470184326171875
[2026-05-06T15:29:13.672] [DEBUG] debug-file - runTaskFromQueue task cost before running: 310 ms 
[2026-05-06T15:29:13.672] [INFO] debug-file - Finished :entry:default@PreCheckSyscap... after 1 ms 
[2026-05-06T15:29:13.673] [DEBUG] debug-file - Executing task :entry:default@GeneratePkgContextInfo
[2026-05-06T15:29:13.676] [DEBUG] debug-file - Task 'entry:default@GeneratePkgContextInfo' cost while wrapping incremental declarations: 1 ms 
[2026-05-06T15:29:13.677] [DEBUG] debug-file - Incremental task entry:default@GeneratePkgContextInfo pre-execution cost: 1 ms .
[2026-05-06T15:29:13.677] [DEBUG] debug-file - entry : default@GeneratePkgContextInfo cost memory 0.48235321044921875
[2026-05-06T15:29:13.677] [INFO] debug-file - UP-TO-DATE :entry:default@GeneratePkgContextInfo...  
[2026-05-06T15:29:13.678] [DEBUG] debug-file - Executing task :entry:default@GeneratePkgSdkInfo
[2026-05-06T15:29:13.683] [DEBUG] debug-file - Task 'entry:default@GeneratePkgSdkInfo' cost while wrapping incremental declarations: 1 ms 
[2026-05-06T15:29:13.683] [DEBUG] debug-file - entry : default@GeneratePkgSdkInfo cost memory 0.12868499755859375
[2026-05-06T15:29:13.683] [DEBUG] debug-file - runTaskFromQueue task cost before running: 322 ms 
[2026-05-06T15:29:13.683] [INFO] debug-file - Finished :entry:default@GeneratePkgSdkInfo... after 6 ms 
[2026-05-06T15:29:13.688] [DEBUG] debug-file - Executing task :entry:default@ProcessIntegratedHsp
[2026-05-06T15:29:13.688] [DEBUG] debug-file - entry:default@ProcessIntegratedHsp is not up-to-date, since the output file 'E:\application\DevEcoStudioProjects\MyApplication\build\cache\default\integrated_hsp\integratedHspCache.json' does not exist.
[2026-05-06T15:29:13.688] [DEBUG] debug-file - Incremental task entry:default@ProcessIntegratedHsp pre-execution cost: 1 ms .
[2026-05-06T15:29:13.688] [DEBUG] debug-file - entry : default@ProcessIntegratedHsp cost memory 0.0576171875
[2026-05-06T15:29:13.689] [DEBUG] debug-file - runTaskFromQueue task cost before running: 327 ms 
[2026-05-06T15:29:13.689] [INFO] debug-file - Finished :entry:default@ProcessIntegratedHsp... after 1 ms 
[2026-05-06T15:29:13.690] [DEBUG] debug-file - Executing task :entry:default@BuildNativeWithCmake
[2026-05-06T15:29:13.690] [DEBUG] debug-file - entry : default@BuildNativeWithCmake cost memory 0.0144805908203125
[2026-05-06T15:29:13.690] [DEBUG] debug-file - runTaskFromQueue task cost before running: 328 ms 
[2026-05-06T15:29:13.690] [INFO] debug-file - Finished :entry:default@BuildNativeWithCmake... after 1 ms 
[2026-05-06T15:29:13.691] [DEBUG] debug-file - Executing task :entry:default@MakePackInfo
[2026-05-06T15:29:13.695] [DEBUG] debug-file - Incremental task entry:default@MakePackInfo pre-execution cost: 3 ms .
[2026-05-06T15:29:13.695] [DEBUG] debug-file - entry : default@MakePackInfo cost memory 0.14023590087890625
[2026-05-06T15:29:13.696] [INFO] debug-file - UP-TO-DATE :entry:default@MakePackInfo...  
[2026-05-06T15:29:13.697] [DEBUG] debug-file - Executing task :entry:default@SyscapTransform
[2026-05-06T15:29:13.697] [DEBUG] debug-file - File: 'E:\application\DevEcoStudioProjects\MyApplication\entry\src\main\syscap.json' from 'sysCapJsonPath' is not exists, just ignore.
[2026-05-06T15:29:13.697] [DEBUG] debug-file - Task 'entry:default@SyscapTransform' cost while wrapping incremental declarations: 1 ms 
[2026-05-06T15:29:13.700] [DEBUG] debug-file - entry:default@SyscapTransform is not up-to-date, since the output file 'E:\application\DevEcoStudioProjects\MyApplication\entry\build\default\intermediates\syscap\default\rpcid.sc' does not exist.
[2026-05-06T15:29:13.700] [DEBUG] debug-file - Incremental task entry:default@SyscapTransform pre-execution cost: 3 ms .
[2026-05-06T15:29:13.700] [DEBUG] debug-file - entry : default@SyscapTransform cost memory -1.185028076171875
[2026-05-06T15:29:13.700] [DEBUG] debug-file - runTaskFromQueue task cost before running: 339 ms 
[2026-05-06T15:29:13.701] [INFO] debug-file - Finished :entry:default@SyscapTransform... after 4 ms 
[2026-05-06T15:29:13.702] [DEBUG] debug-file - Executing task :entry:default@ProcessProfile
[2026-05-06T15:29:13.710] [DEBUG] debug-file - Task 'entry:default@ProcessProfile' cost while wrapping incremental declarations: 1 ms 
[2026-05-06T15:29:13.711] [DEBUG] debug-file - Incremental task entry:default@ProcessProfile pre-execution cost: 2 ms .
[2026-05-06T15:29:13.711] [DEBUG] debug-file - entry : default@ProcessProfile cost memory 0.14019775390625
[2026-05-06T15:29:13.712] [INFO] debug-file - UP-TO-DATE :entry:default@ProcessProfile...  
[2026-05-06T15:29:13.713] [DEBUG] debug-file - Executing task :entry:default@ProcessRouterMap
[2026-05-06T15:29:13.716] [DEBUG] debug-file - Incremental task entry:default@ProcessRouterMap pre-execution cost: 3 ms .
[2026-05-06T15:29:13.716] [DEBUG] debug-file - entry : default@ProcessRouterMap cost memory 0.1666107177734375
[2026-05-06T15:29:13.716] [INFO] debug-file - UP-TO-DATE :entry:default@ProcessRouterMap...  
[2026-05-06T15:29:13.717] [DEBUG] debug-file - Executing task :entry:default@ProcessShareConfig
[2026-05-06T15:29:13.719] [DEBUG] debug-file - Incremental task entry:default@ProcessShareConfig pre-execution cost: 2 ms .
[2026-05-06T15:29:13.719] [DEBUG] debug-file - entry : default@ProcessShareConfig cost memory 0.1424407958984375
[2026-05-06T15:29:13.720] [INFO] debug-file - UP-TO-DATE :entry:default@ProcessShareConfig...  
[2026-05-06T15:29:13.721] [DEBUG] debug-file - Executing task :entry:default@ProcessStartupConfig
[2026-05-06T15:29:13.721] [DEBUG] debug-file - Task 'entry:default@ProcessStartupConfig' cost while wrapping incremental declarations: 1 ms 
[2026-05-06T15:29:13.722] [DEBUG] debug-file - entry:default@ProcessStartupConfig is not up-to-date, since the output file 'E:\application\DevEcoStudioProjects\MyApplication\entry\build\default\intermediates\startup\default\startup_config.json' does not exist.
[2026-05-06T15:29:13.722] [DEBUG] debug-file - Incremental task entry:default@ProcessStartupConfig pre-execution cost: 1 ms .
[2026-05-06T15:29:13.729] [DEBUG] debug-file - entry : default@ProcessStartupConfig cost memory 0.13959503173828125
[2026-05-06T15:29:13.729] [DEBUG] debug-file - runTaskFromQueue task cost before running: 368 ms 
[2026-05-06T15:29:13.730] [INFO] debug-file - Finished :entry:default@ProcessStartupConfig... after 9 ms 
[2026-05-06T15:29:13.731] [DEBUG] debug-file - Executing task :entry:default@BuildNativeWithNinja
[2026-05-06T15:29:13.731] [DEBUG] debug-file - entry : default@BuildNativeWithNinja cost memory 0.02114105224609375
[2026-05-06T15:29:13.732] [DEBUG] debug-file - runTaskFromQueue task cost before running: 370 ms 
[2026-05-06T15:29:13.732] [INFO] debug-file - Finished :entry:default@BuildNativeWithNinja... after 1 ms 
[2026-05-06T15:29:13.733] [DEBUG] debug-file - restool module names: entry; moduleName=entry, taskName=default@ProcessResource
[2026-05-06T15:29:13.740] [DEBUG] debug-file - Executing task :entry:default@ProcessResource
[2026-05-06T15:29:13.740] [DEBUG] debug-file - Task 'entry:default@ProcessResource' cost while wrapping incremental declarations: 1 ms 
[2026-05-06T15:29:13.742] [DEBUG] debug-file - Incremental task entry:default@ProcessResource pre-execution cost: 2 ms .
[2026-05-06T15:29:13.742] [DEBUG] debug-file - entry : default@ProcessResource cost memory 0.1461334228515625
[2026-05-06T15:29:13.744] [INFO] debug-file - UP-TO-DATE :entry:default@ProcessResource...  
[2026-05-06T15:29:13.747] [DEBUG] debug-file - Executing task :entry:default@GenerateLoaderJson
[2026-05-06T15:29:13.747] [DEBUG] debug-file - Task 'entry:default@GenerateLoaderJson' cost while wrapping incremental declarations: 1 ms 
[2026-05-06T15:29:13.763] [DEBUG] debug-file - Incremental task entry:default@GenerateLoaderJson pre-execution cost: 7 ms .
[2026-05-06T15:29:13.763] [DEBUG] debug-file - entry : default@GenerateLoaderJson cost memory 0.5419921875
[2026-05-06T15:29:13.766] [INFO] debug-file - UP-TO-DATE :entry:default@GenerateLoaderJson...  
[2026-05-06T15:29:13.766] [DEBUG] debug-file - Executing task :entry:default@ProcessLibs
[2026-05-06T15:29:13.768] [DEBUG] debug-file - Incremental task entry:default@ProcessLibs pre-execution cost: 2 ms .
[2026-05-06T15:29:13.768] [DEBUG] debug-file - entry : default@ProcessLibs cost memory 0.10605621337890625
[2026-05-06T15:29:13.769] [INFO] debug-file - UP-TO-DATE :entry:default@ProcessLibs...  
[2026-05-06T15:29:13.770] [DEBUG] debug-file - restool module names: entry; moduleName=entry, taskName=default@CompileResource
[2026-05-06T15:29:13.770] [DEBUG] debug-file - Executing task :entry:default@CompileResource
[2026-05-06T15:29:13.788] [DEBUG] debug-file - Incremental task entry:default@CompileResource pre-execution cost: 16 ms .
[2026-05-06T15:29:13.789] [DEBUG] debug-file - entry : default@CompileResource cost memory -0.9891357421875
[2026-05-06T15:29:13.790] [INFO] debug-file - UP-TO-DATE :entry:default@CompileResource...  
[2026-05-06T15:29:13.791] [DEBUG] debug-file - Executing task :entry:default@DoNativeStrip
[2026-05-06T15:29:13.791] [DEBUG] debug-file - File: 'E:\application\DevEcoStudioProjects\MyApplication\entry\build\default\intermediates\binxo\default' from 'doBinxoNativeLibs' is not exists, just ignore.
[2026-05-06T15:29:13.791] [DEBUG] debug-file - Task 'entry:default@DoNativeStrip' cost while wrapping incremental declarations: 1 ms 
[2026-05-06T15:29:13.792] [DEBUG] debug-file - Incremental task entry:default@DoNativeStrip pre-execution cost: 1 ms .
[2026-05-06T15:29:13.792] [DEBUG] debug-file - entry : default@DoNativeStrip cost memory 0.09506988525390625
[2026-05-06T15:29:13.792] [INFO] debug-file - UP-TO-DATE :entry:default@DoNativeStrip...  
[2026-05-06T15:29:13.793] [DEBUG] debug-file - Executing task :entry:default@CompileArkTS
[2026-05-06T15:29:13.794] [DEBUG] debug-file - obfuscationOptions: undefined
[2026-05-06T15:29:13.795] [DEBUG] debug-file - Task 'entry:default@CompileArkTS' cost while wrapping incremental declarations: 1 ms 
[2026-05-06T15:29:13.807] [DEBUG] debug-file - Incremental task entry:default@CompileArkTS pre-execution cost: 11 ms .
[2026-05-06T15:29:13.807] [DEBUG] debug-file - entry : default@CompileArkTS cost memory 0.6649322509765625
[2026-05-06T15:29:13.809] [INFO] debug-file - UP-TO-DATE :entry:default@CompileArkTS...  
[2026-05-06T15:29:13.810] [DEBUG] debug-file - Executing task :entry:default@BuildJS
[2026-05-06T15:29:13.811] [DEBUG] debug-file - Task 'entry:default@BuildJS' cost while wrapping incremental declarations: 1 ms 
[2026-05-06T15:29:13.813] [DEBUG] debug-file - entry : default@BuildJS cost memory 0.16274261474609375
[2026-05-06T15:29:13.813] [DEBUG] debug-file - runTaskFromQueue task cost before running: 451 ms 
[2026-05-06T15:29:13.813] [INFO] debug-file - Finished :entry:default@BuildJS... after 3 ms 
[2026-05-06T15:29:13.814] [DEBUG] debug-file - Executing task :entry:default@CacheNativeLibs
[2026-05-06T15:29:13.814] [DEBUG] debug-file - File: 'E:\application\DevEcoStudioProjects\MyApplication\entry\build\default\intermediates\binxo\default' from 'cacheBinxoNativeLibs' is not exists, just ignore.
[2026-05-06T15:29:13.815] [DEBUG] debug-file - Task 'entry:default@CacheNativeLibs' cost while wrapping incremental declarations: 1 ms 
[2026-05-06T15:29:13.816] [DEBUG] debug-file - Incremental task entry:default@CacheNativeLibs pre-execution cost: 2 ms .
[2026-05-06T15:29:13.816] [DEBUG] debug-file - entry : default@CacheNativeLibs cost memory 0.12540435791015625
[2026-05-06T15:29:13.816] [INFO] debug-file - UP-TO-DATE :entry:default@CacheNativeLibs...  
[2026-05-06T15:29:13.817] [DEBUG] debug-file - Executing task :entry:default@GeneratePkgModuleJson
[2026-05-06T15:29:13.817] [DEBUG] debug-file - File: 'E:\application\DevEcoStudioProjects\MyApplication\entry\build\default\intermediates\preload\default\preload.json' from 'preloadSoJsonPath' is not exists, just ignore.
[2026-05-06T15:29:13.818] [DEBUG] debug-file - Error occurs while handling @Input 'shouldDeduplicateHar': The "data" argument must be of type string or an instance of Buffer, TypedArray, or DataView. Received undefined
[2026-05-06T15:29:13.818] [DEBUG] debug-file - Task 'entry:default@GeneratePkgModuleJson' cost while wrapping incremental declarations: 2 ms 
[2026-05-06T15:29:13.819] [DEBUG] debug-file - Incremental task entry:default@GeneratePkgModuleJson pre-execution cost: 1 ms .
[2026-05-06T15:29:13.819] [DEBUG] debug-file - entry : default@GeneratePkgModuleJson cost memory -1.6433639526367188
[2026-05-06T15:29:13.819] [INFO] debug-file - UP-TO-DATE :entry:default@GeneratePkgModuleJson...  
[2026-05-06T15:29:13.820] [DEBUG] debug-file - Executing task :entry:default@ProcessCompiledResources
[2026-05-06T15:29:13.820] [DEBUG] debug-file - File: 'E:\application\DevEcoStudioProjects\MyApplication\entry\build\default\intermediates\preload\default\preload.json' from 'preloadSoJsonPath' is not exists, just ignore.
[2026-05-06T15:29:13.820] [DEBUG] debug-file - Task 'entry:default@ProcessCompiledResources' cost while wrapping incremental declarations: 1 ms 
[2026-05-06T15:29:13.820] [DEBUG] debug-file - entry : default@ProcessCompiledResources cost memory 0.059234619140625
[2026-05-06T15:29:13.821] [DEBUG] debug-file - runTaskFromQueue task cost before running: 459 ms 
[2026-05-06T15:29:13.821] [INFO] debug-file - Finished :entry:default@ProcessCompiledResources... after 1 ms 
[2026-05-06T15:29:13.822] [DEBUG] debug-file - Executing task :entry:default@PackageHap
[2026-05-06T15:29:13.830] [DEBUG] debug-file - Incremental task entry:default@PackageHap pre-execution cost: 8 ms .
[2026-05-06T15:29:13.830] [DEBUG] debug-file - entry : default@PackageHap cost memory 0.46722412109375
[2026-05-06T15:29:13.831] [INFO] debug-file - UP-TO-DATE :entry:default@PackageHap...  
[2026-05-06T15:29:13.832] [DEBUG] debug-file - Executing task :entry:default@PackingCheck
[2026-05-06T15:29:13.844] [DEBUG] debug-file - entry : default@PackingCheck cost memory 0.3217315673828125
[2026-05-06T15:29:13.844] [DEBUG] debug-file - runTaskFromQueue task cost before running: 482 ms 
[2026-05-06T15:29:13.844] [INFO] debug-file - Finished :entry:default@PackingCheck... after 13 ms 
[2026-05-06T15:29:13.846] [DEBUG] debug-file - Executing task :entry:default@SignHap
[2026-05-06T15:29:13.847] [DEBUG] debug-file - entry:default@SignHap is not up-to-date, since the input file 'E:/devecostudio-windows-6.1.0.830/SmartAlarm.cer' has been changed.
[2026-05-06T15:29:13.847] [DEBUG] debug-file - Incremental task entry:default@SignHap pre-execution cost: 2 ms .
[2026-05-06T15:29:13.913] [DEBUG] debug-file - java daemon socket received message:{"code":0,"message":"verify profile success"}
[2026-05-06T15:29:13.924] [DEBUG] debug-file - java daemon socket close code:1000 reason:close by user
[2026-05-06T15:29:14.056] [DEBUG] debug-file - java daemon socket received message:{"code":0,"message":"sign app success"}
[2026-05-06T15:29:14.057] [DEBUG] debug-file - entry : default@SignHap cost memory -6.3197479248046875
[2026-05-06T15:29:14.058] [DEBUG] debug-file - runTaskFromQueue task cost before running: 696 ms 
[2026-05-06T15:29:14.058] [INFO] debug-file - Finished :entry:default@SignHap... after 212 ms 
[2026-05-06T15:29:14.060] [DEBUG] debug-file - Executing task :entry:default@CollectDebugSymbol
[2026-05-06T15:29:14.061] [DEBUG] debug-file - entry : default@CollectDebugSymbol cost memory 0.093414306640625
[2026-05-06T15:29:14.061] [DEBUG] debug-file - runTaskFromQueue task cost before running: 699 ms 
[2026-05-06T15:29:14.061] [INFO] debug-file - Finished :entry:default@CollectDebugSymbol... after 2 ms 
[2026-05-06T15:29:14.061] [DEBUG] debug-file - Executing task :entry:assembleHap
[2026-05-06T15:29:14.061] [DEBUG] debug-file - entry : assembleHap cost memory 0.0126953125
[2026-05-06T15:29:14.061] [DEBUG] debug-file - runTaskFromQueue task cost before running: 700 ms 
[2026-05-06T15:29:14.062] [INFO] debug-file - Finished :entry:assembleHap... after 1 ms 
[2026-05-06T15:29:14.068] [INFO] debug-file - BUILD SUCCESSFUL in 706 ms 
[2026-05-06T15:29:14.068] [DEBUG] debug-file - There is no need to refresh cache, since the incremental task entry:default@PreBuild is up-to-date.
[2026-05-06T15:29:14.068] [DEBUG] debug-file - Update task entry:default@CreateModuleInfo output file:E:\application\DevEcoStudioProjects\MyApplication\entry\build\default\generated\profile\default\ModuleInfo.ts cache.
[2026-05-06T15:29:14.069] [DEBUG] debug-file - Incremental task entry:default@CreateModuleInfo post-execution cost:1 ms .
[2026-05-06T15:29:14.069] [DEBUG] debug-file - There is no need to refresh cache, since the incremental task entry:default@GenerateMetadata is up-to-date.
[2026-05-06T15:29:14.069] [DEBUG] debug-file - There is no need to refresh cache, since the incremental task entry:default@MergeProfile is up-to-date.
[2026-05-06T15:29:14.069] [DEBUG] debug-file - There is no need to refresh cache, since the incremental task entry:default@CreateBuildProfile is up-to-date.
[2026-05-06T15:29:14.069] [DEBUG] debug-file - There is no need to refresh cache, since the incremental task entry:default@GeneratePkgContextInfo is up-to-date.
[2026-05-06T15:29:14.069] [DEBUG] debug-file - Update task entry:default@GeneratePkgSdkInfo output file:E:\application\DevEcoStudioProjects\MyApplication\entry\build\default\intermediates\loader\default\pkgSdkInfo.json cache.
[2026-05-06T15:29:14.069] [DEBUG] debug-file - Incremental task entry:default@GeneratePkgSdkInfo post-execution cost:1 ms .
[2026-05-06T15:29:14.069] [DEBUG] debug-file - Update task entry:default@ProcessIntegratedHsp output file:E:\application\DevEcoStudioProjects\MyApplication\build\cache\default\integrated_hsp\integratedHspCache.json cache.
[2026-05-06T15:29:14.069] [DEBUG] debug-file - Incremental task entry:default@ProcessIntegratedHsp post-execution cost:1 ms .
[2026-05-06T15:29:14.070] [DEBUG] debug-file - There is no need to refresh cache, since the incremental task entry:default@MakePackInfo is up-to-date.
[2026-05-06T15:29:14.070] [DEBUG] debug-file - Update task entry:default@SyscapTransform input file:E:\devecostudio-windows-6.1.0.830\DevEco Studio\sdk\default\openharmony\toolchains\syscap_tool.exe cache by regenerate.
[2026-05-06T15:29:14.070] [DEBUG] debug-file - Update task entry:default@SyscapTransform input file:E:\devecostudio-windows-6.1.0.830\DevEco Studio\sdk\default\openharmony\ets\api\device-define cache by regenerate.
[2026-05-06T15:29:14.071] [DEBUG] debug-file - Update task entry:default@SyscapTransform output file:E:\application\DevEcoStudioProjects\MyApplication\entry\build\default\intermediates\syscap\default\rpcid.sc cache.
[2026-05-06T15:29:14.072] [DEBUG] debug-file - Incremental task entry:default@SyscapTransform post-execution cost:2 ms .
[2026-05-06T15:29:14.072] [DEBUG] debug-file - There is no need to refresh cache, since the incremental task entry:default@ProcessProfile is up-to-date.
[2026-05-06T15:29:14.072] [DEBUG] debug-file - There is no need to refresh cache, since the incremental task entry:default@ProcessRouterMap is up-to-date.
[2026-05-06T15:29:14.072] [DEBUG] debug-file - There is no need to refresh cache, since the incremental task entry:default@ProcessShareConfig is up-to-date.
[2026-05-06T15:29:14.072] [DEBUG] debug-file - Update task entry:default@ProcessStartupConfig input file:E:\application\DevEcoStudioProjects\MyApplication\entry\build\default\intermediates\loader\default\pkgContextInfo.json cache by regenerate.
[2026-05-06T15:29:14.072] [DEBUG] debug-file - Update task entry:default@ProcessStartupConfig output file:E:\application\DevEcoStudioProjects\MyApplication\entry\build\default\intermediates\startup\default\startup_config.json cache.
[2026-05-06T15:29:14.073] [DEBUG] debug-file - Incremental task entry:default@ProcessStartupConfig post-execution cost:1 ms .
[2026-05-06T15:29:14.073] [DEBUG] debug-file - There is no need to refresh cache, since the incremental task entry:default@ProcessResource is up-to-date.
[2026-05-06T15:29:14.073] [DEBUG] debug-file - There is no need to refresh cache, since the incremental task entry:default@GenerateLoaderJson is up-to-date.
[2026-05-06T15:29:14.073] [DEBUG] debug-file - There is no need to refresh cache, since the incremental task entry:default@ProcessLibs is up-to-date.
[2026-05-06T15:29:14.073] [DEBUG] debug-file - There is no need to refresh cache, since the incremental task entry:default@CompileResource is up-to-date.
[2026-05-06T15:29:14.073] [DEBUG] debug-file - There is no need to refresh cache, since the incremental task entry:default@DoNativeStrip is up-to-date.
[2026-05-06T15:29:14.073] [DEBUG] debug-file - There is no need to refresh cache, since the incremental task entry:default@CompileArkTS is up-to-date.
[2026-05-06T15:29:14.074] [DEBUG] debug-file - Update task entry:default@BuildJS input file:E:\application\DevEcoStudioProjects\MyApplication\entry\build\default\intermediates\loader\default cache by regenerate.
[2026-05-06T15:29:14.075] [DEBUG] debug-file - Update task entry:default@BuildJS input file:E:\application\DevEcoStudioProjects\MyApplication\entry\build\default\intermediates\res\default\resources\rawfile cache by regenerate.
[2026-05-06T15:29:14.075] [DEBUG] debug-file - Update task entry:default@BuildJS input file:E:\application\DevEcoStudioProjects\MyApplication\entry\build\default\intermediates\res\default\ResourceTable.txt cache by regenerate.
[2026-05-06T15:29:14.076] [DEBUG] debug-file - Update task entry:default@BuildJS input file:E:\application\DevEcoStudioProjects\MyApplication\entry\build\default\intermediates\res\default\ark_module.json cache by regenerate.
[2026-05-06T15:29:14.076] [DEBUG] debug-file - Update task entry:default@BuildJS input file:E:\application\DevEcoStudioProjects\MyApplication\entry\build\default\intermediates\res\default\resources\base\profile cache by regenerate.
[2026-05-06T15:29:14.077] [DEBUG] debug-file - Update task entry:default@BuildJS input file:E:\application\DevEcoStudioProjects\MyApplication\entry\build\default\intermediates\loader\default\pkgContextInfo.json cache by regenerate.
[2026-05-06T15:29:14.077] [DEBUG] debug-file - Update task entry:default@BuildJS output file:E:\application\DevEcoStudioProjects\MyApplication\entry\build\default\intermediates\loader_out\default\js cache.
[2026-05-06T15:29:14.077] [DEBUG] debug-file - Incremental task entry:default@BuildJS post-execution cost:5 ms .
[2026-05-06T15:29:14.077] [DEBUG] debug-file - There is no need to refresh cache, since the incremental task entry:default@CacheNativeLibs is up-to-date.
[2026-05-06T15:29:14.077] [DEBUG] debug-file - There is no need to refresh cache, since the incremental task entry:default@GeneratePkgModuleJson is up-to-date.
[2026-05-06T15:29:14.077] [DEBUG] debug-file - Incremental task entry:default@ProcessCompiledResources post-execution cost:1 ms .
[2026-05-06T15:29:14.077] [DEBUG] debug-file - There is no need to refresh cache, since the incremental task entry:default@PackageHap is up-to-date.
[2026-05-06T15:29:14.078] [DEBUG] debug-file - Update task entry:default@SignHap input file:E:/devecostudio-windows-6.1.0.830/SmartAlarm.cer cache from map.
[2026-05-06T15:29:14.078] [DEBUG] debug-file - Update task entry:default@SignHap input file:E:/devecostudio-windows-6.1.0.830/SmartAlarm_ReleaseRelease.p7b cache by regenerate.
[2026-05-06T15:29:14.078] [DEBUG] debug-file - Update task entry:default@SignHap input file:E:/devecostudio-windows-6.1.0.830/smartalarm.p12 cache by regenerate.
[2026-05-06T15:29:14.079] [DEBUG] debug-file - Update task entry:default@SignHap input file:E:\application\DevEcoStudioProjects\MyApplication\entry\build\default\outputs\default\entry-default-unsigned.hap cache by regenerate.
[2026-05-06T15:29:14.079] [DEBUG] debug-file - Update task entry:default@SignHap output file:E:\application\DevEcoStudioProjects\MyApplication\entry\build\default\outputs\default\entry-default-signed.hap cache.
[2026-05-06T15:29:14.079] [DEBUG] debug-file - Incremental task entry:default@SignHap post-execution cost:2 ms .
[2026-05-06T15:29:14.080] [DEBUG] debug-file - Update task entry:default@CollectDebugSymbol input file:E:\application\DevEcoStudioProjects\MyApplication\entry\build\default\intermediates\loader_out\default\ets\sourceMaps.map cache by regenerate.
[2026-05-06T15:29:14.080] [DEBUG] debug-file - Update task entry:default@CollectDebugSymbol input file:E:\application\DevEcoStudioProjects\MyApplication\entry\build\default\intermediates\libs\default cache by regenerate.
[2026-05-06T15:29:14.080] [DEBUG] debug-file - Update task entry:default@CollectDebugSymbol output file:E:\application\DevEcoStudioProjects\MyApplication\entry\build\default\outputs\default\symbol cache.
[2026-05-06T15:29:14.080] [DEBUG] debug-file - Incremental task entry:default@CollectDebugSymbol post-execution cost:2 ms .
[2026-05-06T15:29:14.103] [DEBUG] debug-file - hvigor build process will be closed.
[2026-05-06T15:29:14.103] [DEBUG] debug-file - java daemon socket close code:1000 reason:close by user
[2026-05-06T15:29:14.110] [DEBUG] debug-file - session manager: send message to worker process.
[2026-05-06T15:29:14.111] [DEBUG] debug-file - session manager: send message to worker process.
[2026-05-06T15:29:14.112] [DEBUG] debug-file - watch worker: worker id should be larger than 0. Nothing will be sent to any worker thread.
[2026-05-06T15:29:14.112] [DEBUG] debug-file - watch worker: worker id should be larger than 0. Nothing will be sent to any worker thread.
